1,955,MA000057,1247,18.2(d),NULL,First aid allowance,1,1.9500,Percent,BR91527,19.2700,per week,2025-07-01 00:00:00.0000000,NULL,5,2025-06-03 01:29:37.0000000,2025,2026-05-18 02:03:57.4333333,2026-05-18 02:03:57.4333333,NULL,NULL,NULL,NULL,NULL,NULL,NULL,NULL,NULL,NULL,NULL,NULL,NULL
2,950,MA000057,1245,18.2(b),NULL,Industry disability allowance,1,3.1000,Percent,BR91527,30.6300,per week,2025-07-01 00:00:00.0000000,NULL,5,2025-06-03 01:29:37.0000000,2025,2026-05-18 02:03:57.5200000,2026-05-18 02:03:57.5200000,NULL,NULL,NULL,NULL,NULL,NULL,NULL,NULL,NULL,NULL,NULL,NULL,NULL
3,952,MA000057,1246,18.2(c),NULL,Leading hand allowance—3–5 employees and/or delivery vehicles,1,3.7300,Percent,BR91527,36.8500,per week,2025-07-01 00:00:00.0000000,NULL,5,2025-06-03 01:29:38.0000000,2025,2026-05-18 02:03:57.5800000,2026-05-18 02:03:57.5800000,NULL,NULL,NULL,NULL,NULL,NULL,NULL,NULL,NULL,NULL,NULL,NULL,NULL
4,953,MA000057,1246,18.2(c),NULL,Leading hand allowance—6–10 employees and/or delivery vehicles,1,4.1500,Percent,BR91527,41.0000,per week,2025-07-01 00:00:00.0000000,NULL,5,2025-06-03 01:29:38.0000000,2025,2026-05-18 02:03:57.6266667,2026-05-18 02:03:57.6266667,NULL,NULL,NULL,NULL,NULL,NULL,NULL,NULL,NULL,NULL,NULL,NULL,NULL
5,954,MA000057,1246,18.2(c),NULL,Leading hand allowance—More than 10 employees and/or delivery vehicles,1,5.6400,Percent,BR91527,55.7200,per week,2025-07-01 00:00:00.0000000,NULL,5,2025-06-03 01:29:38.0000000,2025,2026-05-18 02:03:57.6800000,2026-05-18 02:03:57.6800000,NULL,NULL,NULL,NULL,NULL,NULL,NULL,NULL,NULL,NULL,NULL,NULL,NULL
6,957,MA000058,1249,19.2(c),NULL,Broken periods of work allowance,0,15.2000,Percent,BR91534,4.2700,per day per each broken work period,2025-07-01 00:00:00.0000000,NULL,5,2025-06-03 01:25:39.0000000,2025,2026-05-18 02:03:57.7433333,2026-05-18 02:03:57.7433333,NULL,NULL,NULL,NULL,NULL,NULL,NULL,NULL,NULL,NULL,NULL,NULL,NULL
7,959,MA000058,1251,24.4(a)(ii),NULL,"Early work penalty—Monday to Friday, midnight to 7.00 am",0,15.0000,Percent,BR91534,4.2200,per hour,2025-07-01 00:00:00.0000000,NULL,5,2025-06-03 01:25:39.0000000,2025,2026-05-18 02:03:57.8066667,2026-05-18 02:03:57.8066667,NULL,NULL,NULL,NULL,NULL,NULL,NULL,NULL,NULL,NULL,NULL,NULL,NULL
8,956,MA000058,1248,19.2(b),NULL,First aid allowance,1,45.6000,Percent,BR91534,12.8200,per week,2025-07-01 00:00:00.0000000,NULL,5,2025-06-03 01:25:39.0000000,2025,2026-05-18 02:03:57.8633333,2026-05-18 02:03:57.8633333,NULL,NULL,NULL,NULL,NULL,NULL,NULL,NULL,NULL,NULL,NULL,NULL,NULL
9,958,MA000058,1250,24.4(a)(i),NULL,"Late work penalty—Monday to Friday, 7.00 pm to midnight",0,10.0000,Percent,BR91534,2.8100,per hour,2025-07-01 00:00:00.0000000,NULL,5,2025-06-03 01:25:39.0000000,2025,2026-05-18 02:03:57.9066667,2026-05-18 02:03:57.9066667,NULL,NULL,NULL,NULL,NULL,NULL,NULL,NULL,NULL,NULL,NULL,NULL,NULL
10,965,MA000059,1254,20.2(a),NULL,Cold temperature allowance—Below -16°C but not below -18°C,0,4.5000,Percent,BR91551,1.2700,per hour or part thereof unless stated otherwise,2025-07-01 00:00:00.0000000,NULL,5,2025-06-03 01:23:21.0000000,2025,2026-05-18 02:03:57.9533333,2026-05-18 02:03:57.9533333,NULL,NULL,NULL,NULL,NULL,NULL,NULL,NULL,NULL,NULL,NULL,NULL,NULL
11,966,MA000059,1254,20.2(a),NULL,Cold temperature allowance—Below -18°C but not below -21°C,0,6.4000,Percent,BR91551,1.8000,per hour or part thereof unless stated otherwise,2025-07-01 00:00:00.0000000,NULL,5,2025-06-03 01:23:21.0000000,2025,2026-05-18 02:03:57.9800000,2026-05-18 02:03:57.9800000,NULL,NULL,NULL,NULL,NULL,NULL,NULL,NULL,NULL,NULL,NULL,NULL,NULL
12,967,MA000059,1254,20.2(a),NULL,Cold temperature allowance—Below -21°C,0,8.7000,Percent,BR91551,2.4500,per hour or part thereof unless stated otherwise,2025-07-01 00:00:00.0000000,NULL,5,2025-06-03 01:23:21.0000000,2025,2026-05-18 02:03:58.0366667,2026-05-18 02:03:58.0366667,NULL,NULL,NULL,NULL,NULL,NULL,NULL,NULL,NULL,NULL,NULL,NULL,NULL
13,964,MA000059,1254,20.2(a),NULL,Cold temperature allowance—Below zero but not below -16°C,0,2.6000,Percent,BR91551,0.7300,per hour or part thereof unless stated otherwise,2025-07-01 00:00:00.0000000,NULL,5,2025-06-03 01:23:21.0000000,2025,2026-05-18 02:03:58.1000000,2026-05-18 02:03:58.1000000,NULL,NULL,NULL,NULL,NULL,NULL,NULL,NULL,NULL,NULL,NULL,NULL,NULL
14,968,MA000059,1255,20.2(b),NULL,First aid allowance,0,14.2000,Percent,BR91551,3.9900,per day,2025-07-01 00:00:00.0000000,NULL,5,2025-06-03 01:23:21.0000000,2025,2026-05-18 02:03:58.1500000,2026-05-18 02:03:58.1500000,NULL,NULL,NULL,NULL,NULL,NULL,NULL,NULL,NULL,NULL,NULL,NULL,NULL
15,962,MA000059,1253,20.2(c)(ii),NULL,"Leading hand allowance, supervising—10 or more employees",0,2.3000,Percent,BR91551,24.5700,per week,2025-07-01 00:00:00.0000000,NULL,5,2025-06-03 01:23:21.0000000,2025,2026-05-18 02:03:58.1766667,2026-05-18 02:03:58.1766667,NULL,NULL,NULL,NULL,NULL,NULL,NULL,NULL,NULL,NULL,NULL,NULL,NULL
16,961,MA000059,1252,20.2(c)(i),NULL,"Leading hand allowance, supervising—3 to 9 employees",0,1.6000,Percent,BR91551,17.0900,per week,2025-07-01 00:00:00.0000000,NULL,5,2025-06-03 01:23:21.0000000,2025,2026-05-18 02:03:58.2333333,2026-05-18 02:03:58.2333333,NULL,NULL,NULL,NULL,NULL,NULL,NULL,NULL,NULL,NULL,NULL,NULL,NULL
17,969,MA000060,1256,18.3(a),NULL,First aid allowance,0,2.0000,Percent,BR91556,21.3700,per week,2025-07-01 00:00:00.0000000,NULL,5,2025-06-03 01:33:29.0000000,2025,2026-05-18 02:03:58.2600000,2026-05-18 02:03:58.2600000,NULL,NULL,NULL,NULL,NULL,NULL,NULL,NULL,NULL,NULL,NULL,NULL,NULL
18,12063,MA000060,1257,18.4,NULL,"Leading hand allowance, in charge of—11 to 20 employees",0,5.6000,Percent,BR91556,59.8300,per week,2025-07-01 00:00:00.0000000,NULL,5,2025-06-03 01:33:29.0000000,2025,2026-05-18 02:03:58.3233333,2026-05-18 02:03:58.3233333,NULL,NULL,NULL,NULL,NULL,NULL,NULL,NULL,NULL,NULL,NULL,NULL,NULL
19,971,MA000060,1257,18.4,NULL,"Leading hand allowance, in charge of—3 to 10 employees",0,4.4000,Percent,BR91556,47.0100,per week,2025-07-01 00:00:00.0000000,NULL,5,2025-06-03 01:33:29.0000000,2025,2026-05-18 02:03:58.3800000,2026-05-18 02:03:58.3800000,NULL,NULL,NULL,NULL,NULL,NULL,NULL,NULL,NULL,NULL,NULL,NULL,NULL
20,12064,MA000060,1257,18.4,NULL,"Leading hand allowance, in charge of—more than 20 employees",0,7.5000,Percent,BR91556,80.1300,per week,2025-07-01 00:00:00.0000000,NULL,5,2025-06-03 01:33:29.0000000,2025,2026-05-18 02:03:58.4366667,2026-05-18 02:03:58.4366667,NULL,NULL,NULL,NULL,NULL,NULL,NULL,NULL,NULL,NULL,NULL,NULL,NULL
21,975,MA000060,1261,21.1(a),NULL,Penalty—Afternoon shift or rotating night shift—Monday to Friday,0,15.0000,Percent,BR91556,4.2200,per hour,2025-07-01 00:00:00.0000000,NULL,5,2025-06-03 01:33:29.0000000,2025,2026-05-18 02:03:58.5000000,2026-05-18 02:03:58.5000000,NULL,NULL,NULL,NULL,NULL,NULL,NULL,NULL,NULL,NULL,NULL,NULL,NULL
22,976,MA000060,1262,21.1(b),NULL,Penalty—Permanent night shift—Monday to Friday,0,30.0000,Percent,BR91556,8.4400,per hour,2025-07-01 00:00:00.0000000,NULL,5,2025-06-03 01:33:29.0000000,2025,2026-05-18 02:03:58.5466667,2026-05-18 02:03:58.5466667,NULL,NULL,NULL,NULL,NULL,NULL,NULL,NULL,NULL,NULL,NULL,NULL,NULL
23,974,MA000060,1260,18.2(b),NULL,Work conditions and disability allowance,1,4.5000,Percent,BR91556,48.0800,per week,2025-07-01 00:00:00.0000000,NULL,5,2025-06-03 01:33:29.0000000,2025,2026-05-18 02:03:58.6033333,2026-05-18 02:03:58.6033333,NULL,NULL,NULL,NULL,NULL,NULL,NULL,NULL,NULL,NULL,NULL,NULL,NULL
24,5644,MA000061,9316,17.3(a),NULL,Availability duty,0,26.0000,Percent,BR91564,277.7800,per week or part thereof,2025-07-01 00:00:00.0000000,NULL,5,2025-06-03 01:27:19.0000000,2025,2026-05-18 02:03:58.6566667,2026-05-18 02:03:58.6566667,NULL,NULL,NULL,NULL,NULL,NULL,NULL,NULL,NULL,NULL,NULL,NULL,NULL
25,977,MA000061,1263,17.2(a),NULL,First aid allowance,0,2.0000,Percent,BR91564,21.3700,per week,2025-07-01 00:00:00.0000000,NULL,5,2025-06-03 01:27:19.0000000,2025,2026-05-18 02:03:58.6833333,2026-05-18 02:03:58.6833333,NULL,NULL,NULL,NULL,NULL,NULL,NULL,NULL,NULL,NULL,NULL,NULL,NULL
26,983,MA000062,1266,20.2(b)(i),NULL,Industry allowance,1,5.9600,Percent,BR91572,63.6800,per week,2025-07-01 00:00:00.0000000,NULL,6,2025-06-03 01:27:28.0000000,2025,2026-05-18 02:03:58.7433333,2026-05-18 02:03:58.7433333,NULL,NULL,NULL,NULL,NULL,NULL,NULL,NULL,NULL,NULL,NULL,NULL,NULL
27,980,MA000062,1264,20.2(d),NULL,Leading hands in charge of—11 to 20 employees,0,4.4900,Percent,BR91572,47.9700,per week,2025-07-01 00:00:00.0000000,NULL,5,2025-06-03 01:27:28.0000000,2025,2026-05-18 02:03:58.7966667,2026-05-18 02:03:58.7966667,NULL,NULL,NULL,NULL,NULL,NULL,NULL,NULL,NULL,NULL,NULL,NULL,NULL
28,979,MA000062,1264,20.2(d),NULL,Leading hands in charge of—3 to 10 employees,0,2.8400,Percent,BR91572,30.3400,per week,2025-07-01 00:00:00.0000000,NULL,5,2025-06-03 01:27:28.0000000,2025,2026-05-18 02:03:58.8466667,2026-05-18 02:03:58.8466667,NULL,NULL,NULL,NULL,NULL,NULL,NULL,NULL,NULL,NULL,NULL,NULL,NULL
29,981,MA000062,1264,20.2(d),NULL,Leading hands in charge of—More than 20 employees,0,5.6800,Percent,BR91572,60.6900,per week,2025-07-01 00:00:00.0000000,NULL,5,2025-06-03 01:27:28.0000000,2025,2026-05-18 02:03:58.8933333,2026-05-18 02:03:58.8933333,NULL,NULL,NULL,NULL,NULL,NULL,NULL,NULL,NULL,NULL,NULL,NULL,NULL
30,982,MA000062,1265,20.2(c),NULL,Licence allowance—electricians,1,2.8900,Percent,BR91572,30.8800,per week,2025-07-01 00:00:00.0000000,NULL,5,2025-06-03 01:27:28.0000000,2025,2026-05-18 02:03:58.9533333,2026-05-18 02:03:58.9533333,NULL,NULL,NULL,NULL,NULL,NULL,NULL,NULL,NULL,NULL,NULL,NULL,NULL
31,984,MA000062,1267,20.2(e)(ii),NULL,Living away from home allowance—employees required to undertake remote work only,0,6.0000,Percent,BR91572,64.1000,per day or part thereof,2025-07-01 00:00:00.0000000,NULL,5,2025-06-03 01:27:28.0000000,2025,2026-05-18 02:03:59.0100000,2026-05-18 02:03:59.0100000,NULL,NULL,NULL,NULL,NULL,NULL,NULL,NULL,NULL,NULL,NULL,NULL,NULL
32,986,MA000063,1269,17.2(b),NULL,Articulated bus allowance,0,1.5600,Percent,BR91579,16.7200,per shift,2025-07-01 00:00:00.0000000,NULL,5,2025-06-03 01:34:41.0000000,2025,2026-05-18 02:03:59.0600000,2026-05-18 02:03:59.0600000,NULL,NULL,NULL,NULL,NULL,NULL,NULL,NULL,NULL,NULL,NULL,NULL,NULL
33,985,MA000063,1268,17.2(a),NULL,First aid allowance,0,1.9000,Percent,BR91579,20.3700,per week,2025-07-01 00:00:00.0000000,NULL,5,2025-06-03 01:34:41.0000000,2025,2026-05-18 02:03:59.0866667,2026-05-18 02:03:59.0866667,NULL,NULL,NULL,NULL,NULL,NULL,NULL,NULL,NULL,NULL,NULL,NULL,NULL
34,988,MA000068,1271,17.2(b)(i),NULL,Cold places allowance,0,2.8000,Percent,BR91639,0.7900,per hour,2025-07-01 00:00:00.0000000,NULL,5,2025-06-03 01:22:21.0000000,2025,2026-05-18 02:03:59.1500000,2026-05-18 02:03:59.1500000,NULL,NULL,NULL,NULL,NULL,NULL,NULL,NULL,NULL,NULL,NULL,NULL,NULL
35,987,MA000068,1270,17.2(a),NULL,First aid allowance,0,75.6000,Percent,BR91639,21.2600,per week,2025-07-01 00:00:00.0000000,NULL,5,2025-06-03 01:22:21.0000000,2025,2026-05-18 02:03:59.1800000,2026-05-18 02:03:59.1800000,NULL,NULL,NULL,NULL,NULL,NULL,NULL,NULL,NULL,NULL,NULL,NULL,NULL
36,991,MA000069,1273,17.2(c),NULL,Chlorpromazine hydrochloride,0,2.1000,Percent,BR91645,0.5900,per hour or part of an hour,2025-07-01 00:00:00.0000000,NULL,5,2025-06-03 01:35:25.0000000,2025,2026-05-18 02:03:59.2400000,2026-05-18 02:03:59.2400000,NULL,NULL,NULL,NULL,NULL,NULL,NULL,NULL,NULL,NULL,NULL,NULL,NULL
37,994,MA000069,1276,17.2(f),NULL,Dust mask,0,10.7000,Percent,BR91645,3.0200,per day or part of a day,2025-07-01 00:00:00.0000000,NULL,5,2025-06-03 01:35:25.0000000,2025,2026-05-18 02:03:59.2966667,2026-05-18 02:03:59.2966667,NULL,NULL,NULL,NULL,NULL,NULL,NULL,NULL,NULL,NULL,NULL,NULL,NULL
38,995,MA000069,1277,17.2(a)(i),NULL,First aid,0,75.2000,Percent,BR91645,21.2600,per week,2025-07-01 00:00:00.0000000,NULL,5,2025-06-03 01:35:25.0000000,2025,2026-05-18 02:03:59.3466667,2026-05-18 02:03:59.3466667,NULL,NULL,NULL,NULL,NULL,NULL,NULL,NULL,NULL,NULL,NULL,NULL,NULL
39,990,MA000069,1272,17.2(b),NULL,Gentian violet and similar substances—minimum payment,0,7.6000,Percent,BR91645,2.1500,minimum payment per day,2025-07-01 00:00:00.0000000,NULL,5,2025-06-03 01:35:26.0000000,2025,2026-05-18 02:03:59.4066667,2026-05-18 02:03:59.4066667,NULL,NULL,NULL,NULL,NULL,NULL,NULL,NULL,NULL,NULL,NULL,NULL,NULL
40,989,MA000069,1272,17.2(b),NULL,Gentian violet and similar substances—per hour,0,2.5000,Percent,BR91645,0.7100,per hour,2025-07-01 00:00:00.0000000,NULL,5,2025-06-03 01:35:25.0000000,2025,2026-05-18 02:03:59.4333333,2026-05-18 02:03:59.4333333,NULL,NULL,NULL,NULL,NULL,NULL,NULL,NULL,NULL,NULL,NULL,NULL,NULL
41,992,MA000069,1274,17.2(d),NULL,Respirator,0,3.6000,Percent,BR91645,1.0200,per hour or part of an hour,2025-07-01 00:00:00.0000000,NULL,5,2025-06-03 01:35:26.0000000,2025,2026-05-18 02:03:59.4966667,2026-05-18 02:03:59.4966667,NULL,NULL,NULL,NULL,NULL,NULL,NULL,NULL,NULL,NULL,NULL,NULL,NULL
42,993,MA000069,1275,17.2(e),NULL,Sterile areas,0,10.7000,Percent,BR91645,3.0200,per day or part of a day,2025-07-01 00:00:00.0000000,NULL,5,2025-06-03 01:35:26.0000000,2025,2026-05-18 02:03:59.5600000,2026-05-18 02:03:59.5600000,NULL,NULL,NULL,NULL,NULL,NULL,NULL,NULL,NULL,NULL,NULL,NULL,NULL
43,11896,MA000070,22923,16.2(g)(ii),NULL,Excavation allowance—each additional body from the same grave,0,2.7000,Percent,BR91655,28.8500,per additional body,2025-07-01 00:00:00.0000000,NULL,5,2025-06-03 01:22:58.0000000,2025,2026-05-18 02:03:59.6033333,2026-05-18 02:03:59.6033333,NULL,NULL,NULL,NULL,NULL,NULL,NULL,NULL,NULL,NULL,NULL,NULL,NULL
44,1011,MA000070,1286,16.2(g)(i),NULL,Excavation allowance—first body,0,5.4000,Percent,BR91655,57.6900,for first body,2025-07-01 00:00:00.0000000,NULL,5,2025-06-03 01:22:59.0000000,2025,2026-05-18 02:03:59.6633333,2026-05-18 02:03:59.6633333,NULL,NULL,NULL,NULL,NULL,NULL,NULL,NULL,NULL,NULL,NULL,NULL,NULL
45,1001,MA000070,1281,16.2(e)(i),NULL,Exhumation allowance—body buried for 14 days or less,0,8.9000,Percent,BR91655,95.0900,per body,2025-07-01 00:00:00.0000000,NULL,5,2025-06-03 01:22:59.0000000,2025,2026-05-18 02:03:59.6933333,2026-05-18 02:03:59.6933333,NULL,NULL,NULL,NULL,NULL,NULL,NULL,NULL,NULL,NULL,NULL,NULL,NULL
46,1002,MA000070,1282,16.2(e)(ii),NULL,Exhumation allowance—body buried for 14 days to 7 years and arterially embalmed and sealed in approved container,0,10.7000,Percent,BR91655,114.3200,per body,2025-07-01 00:00:00.0000000,NULL,5,2025-06-03 01:22:58.0000000,2025,2026-05-18 02:03:59.7600000,2026-05-18 02:03:59.7600000,NULL,NULL,NULL,NULL,NULL,NULL,NULL,NULL,NULL,NULL,NULL,NULL,NULL
47,1003,MA000070,1283,16.2(e)(iii),NULL,Exhumation allowance—body buried for 14 days to 7 years and not arterially embalmed and sealed in approved container,0,17.8000,Percent,BR91655,190.1800,per body,2025-07-01 00:00:00.0000000,NULL,5,2025-06-03 01:22:58.0000000,2025,2026-05-18 02:03:59.8233333,2026-05-18 02:03:59.8233333,NULL,NULL,NULL,NULL,NULL,NULL,NULL,NULL,NULL,NULL,NULL,NULL,NULL
48,1004,MA000070,1284,16.2(e)(iv),NULL,Exhumation allowance—body buried for more than 7 years,0,8.9000,Percent,BR91655,95.0900,per body,2025-07-01 00:00:00.0000000,NULL,5,2025-06-03 01:22:58.0000000,2025,2026-05-18 02:03:59.8733333,2026-05-18 02:03:59.8733333,NULL,NULL,NULL,NULL,NULL,NULL,NULL,NULL,NULL,NULL,NULL,NULL,NULL
49,999,MA000070,1280,16.2(d),NULL,First aid allowance,0,1.2000,Percent,BR91655,12.8200,per week,2025-07-01 00:00:00.0000000,NULL,5,2025-06-03 01:22:58.0000000,2025,2026-05-18 02:03:59.9000000,2026-05-18 02:03:59.9000000,NULL,NULL,NULL,NULL,NULL,NULL,NULL,NULL,NULL,NULL,NULL,NULL,NULL
50,1013,MA000070,1287,16.2(b),NULL,Industry allowance,1,3.8000,Percent,BR91655,40.6000,per week,2025-07-01 00:00:00.0000000,NULL,5,2025-06-03 01:22:59.0000000,2025,2026-05-18 02:03:59.9633333,2026-05-18 02:03:59.9633333,NULL,NULL,NULL,NULL,NULL,NULL,NULL,NULL,NULL,NULL,NULL,NULL,NULL
51,997,MA000070,1278,16.2(c)(i),NULL,Leading hand—Class 5 and above—in charge of 2 to 6 employees,0,2.1000,Percent,BR91655,22.4400,per week,2025-07-01 00:00:00.0000000,NULL,5,2025-06-03 01:22:59.0000000,2025,2026-05-18 02:04:00.0066667,2026-05-18 02:04:00.0066667,NULL,NULL,NULL,NULL,NULL,NULL,NULL,NULL,NULL,NULL,NULL,NULL,NULL
52,998,MA000070,1279,16.2(c)(ii),NULL,Leading hand—Class 5 and above—in charge of more than 6 employees,0,4.6000,Percent,BR91655,49.1500,per week,2025-07-01 00:00:00.0000000,NULL,5,2025-06-03 01:22:59.0000000,2025,2026-05-18 02:04:00.0500000,2026-05-18 02:04:00.0500000,NULL,NULL,NULL,NULL,NULL,NULL,NULL,NULL,NULL,NULL,NULL,NULL,NULL
53,1007,MA000070,1285,16.2(f),NULL,Lift and deepen allowance—age of grave since last burial—10 to 25 years,0,6.5000,Percent,BR91655,69.4500,per occasion,2025-07-01 00:00:00.0000000,NULL,5,2025-06-03 01:22:59.0000000,2025,2026-05-18 02:04:00.1000000,2026-05-18 02:04:00.1000000,NULL,NULL,NULL,NULL,NULL,NULL,NULL,NULL,NULL,NULL,NULL,NULL,NULL
54,1008,MA000070,1285,16.2(f),NULL,Lift and deepen allowance—age of grave since last burial—25 to 50 years,0,4.3000,Percent,BR91655,45.9400,per occasion,2025-07-01 00:00:00.0000000,NULL,5,2025-06-03 01:22:59.0000000,2025,2026-05-18 02:04:00.1233333,2026-05-18 02:04:00.1233333,NULL,NULL,NULL,NULL,NULL,NULL,NULL,NULL,NULL,NULL,NULL,NULL,NULL
55,1006,MA000070,1285,16.2(f),NULL,Lift and deepen allowance—age of grave since last burial—5 to 10 years,0,8.7000,Percent,BR91655,92.9500,per occasion,2025-07-01 00:00:00.0000000,NULL,5,2025-06-03 01:22:59.0000000,2025,2026-05-18 02:04:00.1866667,2026-05-18 02:04:00.1866667,NULL,NULL,NULL,NULL,NULL,NULL,NULL,NULL,NULL,NULL,NULL,NULL,NULL
56,1009,MA000070,1285,16.2(f),NULL,Lift and deepen allowance—age of grave since last burial—more than 50 years,0,2.2000,Percent,BR91655,23.5000,per occasion,2025-07-01 00:00:00.0000000,NULL,5,2025-06-03 01:22:59.0000000,2025,2026-05-18 02:04:00.2533333,2026-05-18 02:04:00.2533333,NULL,NULL,NULL,NULL,NULL,NULL,NULL,NULL,NULL,NULL,NULL,NULL,NULL
57,12227,MA000071,1293,22.8(a),NULL,"Additional allowances for engine drivers/firemen—cleaner, greaser or oiler, under supervision of engine driver, who stops or starts engine",0,4.2000,Percent,BR91660,44.8700,per week,2025-07-01 00:00:00.0000000,NULL,5,2025-06-17 05:34:57.0000000,2025,2026-05-18 02:04:00.3133333,2026-05-18 02:04:00.3133333,NULL,NULL,NULL,NULL,NULL,NULL,NULL,NULL,NULL,NULL,NULL,NULL,NULL
58,12228,MA000071,1293,22.8(a),NULL,"Additional allowances for engine drivers/firemen—driver, where 2 or more fork-lifts or cranes engaged on one lift",0,0.4000,Percent,BR91660,4.2700,per day,2025-07-01 00:00:00.0000000,NULL,5,2025-06-17 05:34:57.0000000,2025,2026-05-18 02:04:00.3533333,2026-05-18 02:04:00.3533333,NULL,NULL,NULL,NULL,NULL,NULL,NULL,NULL,NULL,NULL,NULL,NULL,NULL
59,1022,MA000071,1293,22.8(a),NULL,Additional allowances for engine drivers/firemen—in charge of plant,0,4.2000,Percent,BR91660,44.8700,per week,2025-07-01 00:00:00.0000000,NULL,5,2025-06-17 05:34:57.0000000,2025,2026-05-18 02:04:00.4000000,2026-05-18 02:04:00.4000000,NULL,NULL,NULL,NULL,NULL,NULL,NULL,NULL,NULL,NULL,NULL,NULL,NULL
60,1015,MA000071,1289,22.10,NULL,Charred timber,0,0.7000,Percent,BR91660,7.4800,per day,2025-07-01 00:00:00.0000000,NULL,5,2025-06-17 05:34:56.0000000,2025,2026-05-18 02:04:00.4466667,2026-05-18 02:04:00.4466667,NULL,NULL,NULL,NULL,NULL,NULL,NULL,NULL,NULL,NULL,NULL,NULL,NULL
61,1019,MA000071,1291,22.6,NULL,Cleaning of boilers and associated equipment,0,0.2000,Percent,BR91660,2.1400,per hour,2025-07-01 00:00:00.0000000,NULL,5,2025-06-17 05:34:57.0000000,2025,2026-05-18 02:04:00.5000000,2026-05-18 02:04:00.5000000,NULL,NULL,NULL,NULL,NULL,NULL,NULL,NULL,NULL,NULL,NULL,NULL,NULL
62,1031,MA000071,1301,22.14(a),NULL,Cold places—below 0°C,0,0.0600,Percent,BR91660,0.6400,per hour,2025-07-01 00:00:00.0000000,NULL,5,2025-06-17 05:34:57.0000000,2025,2026-05-18 02:04:00.5500000,2026-05-18 02:04:00.5500000,NULL,NULL,NULL,NULL,NULL,NULL,NULL,NULL,NULL,NULL,NULL,NULL,NULL
63,1032,MA000071,1302,22.15,NULL,Confined spaces,0,0.0800,Percent,BR91660,0.8500,per hour or part thereof,2025-07-01 00:00:00.0000000,NULL,5,2025-06-17 05:34:57.0000000,2025,2026-05-18 02:04:00.5933333,2026-05-18 02:04:00.5933333,NULL,NULL,NULL,NULL,NULL,NULL,NULL,NULL,NULL,NULL,NULL,NULL,NULL
64,1026,MA000071,1297,22.11,NULL,Dirty work,0,0.3300,Percent,BR91660,3.5300,per day,2025-07-01 00:00:00.0000000,NULL,5,2025-06-17 05:34:57.0000000,2025,2026-05-18 02:04:00.6400000,2026-05-18 02:04:00.6400000,NULL,NULL,NULL,NULL,NULL,NULL,NULL,NULL,NULL,NULL,NULL,NULL,NULL
65,1025,MA000071,1296,22.9,NULL,First aid,0,2.0000,Percent,BR91660,21.3700,per week,2025-07-01 00:00:00.0000000,NULL,5,2025-06-17 05:34:57.0000000,2025,2026-05-18 02:04:00.6900000,2026-05-18 02:04:00.6900000,NULL,NULL,NULL,NULL,NULL,NULL,NULL,NULL,NULL,NULL,NULL,NULL,NULL
66,1033,MA000071,1303,22.3(a),NULL,Forest work,1,3.2000,Percent,BR91660,34.1900,per week,2025-07-01 00:00:00.0000000,NULL,5,2025-06-17 05:34:57.0000000,2025,2026-05-18 02:04:00.7366667,2026-05-18 02:04:00.7366667,NULL,NULL,NULL,NULL,NULL,NULL,NULL,NULL,NULL,NULL,NULL,NULL,NULL
67,1034,MA000071,1304,22.16,NULL,Height money,0,0.2000,Percent,BR91660,2.1400,per day or shift or part thereof,2025-07-01 00:00:00.0000000,NULL,5,2025-06-17 05:34:57.0000000,2025,2026-05-18 02:04:00.7866667,2026-05-18 02:04:00.7866667,NULL,NULL,NULL,NULL,NULL,NULL,NULL,NULL,NULL,NULL,NULL,NULL,NULL
68,1029,MA000071,1299,22.13(a)(i),NULL,Hot work—between 46°C and 54°C,0,0.0600,Percent,BR91660,0.6400,per hour,2025-07-01 00:00:00.0000000,NULL,5,2025-06-17 05:34:57.0000000,2025,2026-05-18 02:04:00.8333333,2026-05-18 02:04:00.8333333,NULL,NULL,NULL,NULL,NULL,NULL,NULL,NULL,NULL,NULL,NULL,NULL,NULL
69,1030,MA000071,1300,22.13(a)(ii),NULL,Hot work—in excess of 54°C,0,0.1000,Percent,BR91660,1.0700,per hour,2025-07-01 00:00:00.0000000,NULL,5,2025-06-17 05:34:57.0000000,2025,2026-05-18 02:04:00.8800000,2026-05-18 02:04:00.8800000,NULL,NULL,NULL,NULL,NULL,NULL,NULL,NULL,NULL,NULL,NULL,NULL,NULL
70,1017,MA000071,1290,22.5(a),NULL,Leading hand supervising—2 to 6 employees,0,3.3000,Percent,BR91660,35.2600,per week,2025-07-01 00:00:00.0000000,NULL,5,2025-06-17 05:34:57.0000000,2025,2026-05-18 02:04:00.9400000,2026-05-18 02:04:00.9400000,NULL,NULL,NULL,NULL,NULL,NULL,NULL,NULL,NULL,NULL,NULL,NULL,NULL
71,12226,MA000071,23309,22.5(b),NULL,Leading hand supervising—more than 6 employees,0,5.1000,Percent,BR91660,54.4900,per week,2025-07-01 00:00:00.0000000,NULL,5,2025-06-17 05:34:57.0000000,2025,2026-05-18 02:04:00.9700000,2026-05-18 02:04:00.9700000,NULL,NULL,NULL,NULL,NULL,NULL,NULL,NULL,NULL,NULL,NULL,NULL,NULL
72,1035,MA000071,1305,22.4(a),NULL,Low loader,1,0.1700,Percent,BR91660,1.8200,per each additional complete tonne,2025-07-01 00:00:00.0000000,NULL,5,2025-06-17 05:34:57.0000000,2025,2026-05-18 02:04:01.0300000,2026-05-18 02:04:01.0300000,NULL,NULL,NULL,NULL,NULL,NULL,NULL,NULL,NULL,NULL,NULL,NULL,NULL
73,1020,MA000071,1292,22.7,NULL,Repairs inside boilers and associated equipment,0,0.1500,Percent,BR91660,1.6000,per hour,2025-07-01 00:00:00.0000000,NULL,5,2025-06-17 05:34:57.0000000,2025,2026-05-18 02:04:01.0766667,2026-05-18 02:04:01.0766667,NULL,NULL,NULL,NULL,NULL,NULL,NULL,NULL,NULL,NULL,NULL,NULL,NULL
74,1014,MA000071,1288,14.3(p)(iii),NULL,Stand-by,0,1.0116,Percent,BR91660,10.8100,per hour,2025-07-01 00:00:00.0000000,NULL,5,2025-06-17 05:34:57.0000000,2025,2026-05-18 02:04:01.1266667,2026-05-18 02:04:01.1266667,NULL,NULL,NULL,NULL,NULL,NULL,NULL,NULL,NULL,NULL,NULL,NULL,NULL
75,1027,MA000071,1298,22.12(a),NULL,Wet places,0,0.0600,Percent,BR91660,0.6400,per part of day/shift whilst so engaged,2025-07-01 00:00:00.0000000,NULL,5,2025-06-17 05:34:57.0000000,2025,2026-05-18 02:04:01.1733333,2026-05-18 02:04:01.1733333,NULL,NULL,NULL,NULL,NULL,NULL,NULL,NULL,NULL,NULL,NULL,NULL,NULL
76,1040,MA000072,1307,19.2(c),NULL,First aid allowance,0,2.0000,Percent,BR91895,21.3700,per week,2025-07-01 00:00:00.0000000,NULL,5,2025-06-03 01:21:49.0000000,2025,2026-05-18 02:04:01.2000000,2026-05-18 02:04:01.2000000,NULL,NULL,NULL,NULL,NULL,NULL,NULL,NULL,NULL,NULL,NULL,NULL,NULL
77,1041,MA000072,1308,19.2(b),NULL,Industry allowance—other than clerical employees,1,4.0000,Percent,BR91895,42.7400,per week,2025-07-01 00:00:00.0000000,NULL,5,2025-06-03 01:21:49.0000000,2025,2026-05-18 02:04:01.2733333,2026-05-18 02:04:01.2733333,NULL,NULL,NULL,NULL,NULL,NULL,NULL,NULL,NULL,NULL,NULL,NULL,NULL
78,1038,MA000072,1306,19.2(d),NULL,Leading hand in charge of—11 to 20 employees,0,5.6000,Percent,BR91895,59.8300,per week,2025-07-01 00:00:00.0000000,NULL,5,2025-06-03 01:21:50.0000000,2025,2026-05-18 02:04:01.3033333,2026-05-18 02:04:01.3033333,NULL,NULL,NULL,NULL,NULL,NULL,NULL,NULL,NULL,NULL,NULL,NULL,NULL
79,1037,MA000072,1306,19.2(d),NULL,Leading hand in charge of—3 to 10 employees,0,4.4000,Percent,BR91895,47.0100,per week,2025-07-01 00:00:00.0000000,NULL,5,2025-06-03 01:21:49.0000000,2025,2026-05-18 02:04:01.3600000,2026-05-18 02:04:01.3600000,NULL,NULL,NULL,NULL,NULL,NULL,NULL,NULL,NULL,NULL,NULL,NULL,NULL
80,1039,MA000072,1306,19.2(d),NULL,Leading hand in charge of—more than 20 employees,0,7.5300,Percent,BR91895,80.4500,per week,2025-07-01 00:00:00.0000000,NULL,5,2025-06-03 01:21:50.0000000,2025,2026-05-18 02:04:01.3900000,2026-05-18 02:04:01.3900000,NULL,NULL,NULL,NULL,NULL,NULL,NULL,NULL,NULL,NULL,NULL,NULL,NULL
81,1051,MA000073,1311,20.2(d),NULL,Boiler attendants allowance,1,85.5000,Percent,BR91911,24.0400,per week,2025-07-01 00:00:00.0000000,NULL,5,2025-06-03 01:32:20.0000000,2025,2026-05-18 02:04:01.4500000,2026-05-18 02:04:01.4500000,NULL,NULL,NULL,NULL,NULL,NULL,NULL,NULL,NULL,NULL,NULL,NULL,NULL
82,1053,MA000073,1313,20.2(f)(ii),NULL,Cold places allowance,0,2.8000,Percent,BR91911,0.7900,per hour,2025-07-01 00:00:00.0000000,NULL,5,2025-06-03 01:32:20.0000000,2025,2026-05-18 02:04:01.5000000,2026-05-18 02:04:01.5000000,NULL,NULL,NULL,NULL,NULL,NULL,NULL,NULL,NULL,NULL,NULL,NULL,NULL
83,1058,MA000073,1316,20.2(f)(v),NULL,Confined spaces allowance,0,3.8000,Percent,BR91911,1.0700,per hour,2025-07-01 00:00:00.0000000,NULL,5,2025-06-03 01:32:20.0000000,2025,2026-05-18 02:04:01.5500000,2026-05-18 02:04:01.5500000,NULL,NULL,NULL,NULL,NULL,NULL,NULL,NULL,NULL,NULL,NULL,NULL,NULL
84,1059,MA000073,1317,20.2(f)(vi),NULL,"Dirty, dusty or offensive work",0,2.9000,Percent,BR91911,0.8200,per hour,2025-07-01 00:00:00.0000000,NULL,5,2025-06-03 01:32:21.0000000,2025,2026-05-18 02:04:01.5766667,2026-05-18 02:04:01.5766667,NULL,NULL,NULL,NULL,NULL,NULL,NULL,NULL,NULL,NULL,NULL,NULL,NULL
85,1052,MA000073,1312,20.2(e),NULL,First aid allowance,0,75.6000,Percent,BR91911,21.2600,per week,2025-07-01 00:00:00.0000000,NULL,5,2025-06-03 01:32:21.0000000,2025,2026-05-18 02:04:01.6000000,2026-05-18 02:04:01.6000000,NULL,NULL,NULL,NULL,NULL,NULL,NULL,NULL,NULL,NULL,NULL,NULL,NULL
86,1050,MA000073,1310,20.2(c),NULL,Heavy vehicle driving allowance—a semi-trailer,1,11.9000,Percent,BR91911,3.3500,per hour,2025-07-01 00:00:00.0000000,NULL,5,2025-06-03 01:32:21.0000000,2025,2026-05-18 02:04:01.6300000,2026-05-18 02:04:01.6300000,NULL,NULL,NULL,NULL,NULL,NULL,NULL,NULL,NULL,NULL,NULL,NULL,NULL
87,1049,MA000073,1310,20.2(c),NULL,Heavy vehicle driving allowance—over 14.95 tonnes GVW,1,6.6000,Percent,BR91911,1.8600,per hour,2025-07-01 00:00:00.0000000,NULL,5,2025-06-03 01:32:21.0000000,2025,2026-05-18 02:04:01.6866667,2026-05-18 02:04:01.6866667,NULL,NULL,NULL,NULL,NULL,NULL,NULL,NULL,NULL,NULL,NULL,NULL,NULL
88,1047,MA000073,1310,20.2(c),NULL,Heavy vehicle driving allowance—over 3 tonnes GVW and up to 4.5 tonnes GVW,1,0.6000,Percent,BR91911,0.1700,per hour,2025-07-01 00:00:00.0000000,NULL,5,2025-06-03 01:32:21.0000000,2025,2026-05-18 02:04:01.7333333,2026-05-18 02:04:01.7333333,NULL,NULL,NULL,NULL,NULL,NULL,NULL,NULL,NULL,NULL,NULL,NULL,NULL
89,1048,MA000073,1310,20.2(c),NULL,Heavy vehicle driving allowance—over 4.5 tonnes GVW and up to 14.95 tonnes GVW,1,5.0000,Percent,BR91911,1.4100,per hour,2025-07-01 00:00:00.0000000,NULL,5,2025-06-03 01:32:21.0000000,2025,2026-05-18 02:04:01.7866667,2026-05-18 02:04:01.7866667,NULL,NULL,NULL,NULL,NULL,NULL,NULL,NULL,NULL,NULL,NULL,NULL,NULL
90,1056,MA000073,1314,20.2(f)(iii),NULL,Hot places allowance—artificially raised to above 54°C,0,3.8000,Percent,BR91911,1.0700,per hour,2025-07-01 00:00:00.0000000,NULL,5,2025-06-03 01:32:21.0000000,2025,2026-05-18 02:04:01.8500000,2026-05-18 02:04:01.8500000,NULL,NULL,NULL,NULL,NULL,NULL,NULL,NULL,NULL,NULL,NULL,NULL,NULL
91,1055,MA000073,1314,20.2(f)(iii),NULL,Hot places allowance—artificially raised to between 46°C and 54°C,0,2.9000,Percent,BR91911,0.8200,per hour,2025-07-01 00:00:00.0000000,NULL,5,2025-06-03 01:32:21.0000000,2025,2026-05-18 02:04:01.9033333,2026-05-18 02:04:01.9033333,NULL,NULL,NULL,NULL,NULL,NULL,NULL,NULL,NULL,NULL,NULL,NULL,NULL
92,1044,MA000073,1309,20.2(b),NULL,Leading hand in charge of—11 to 20 employees,1,248.4000,Percent,BR91911,69.8500,per week,2025-07-01 00:00:00.0000000,NULL,5,2025-06-03 01:32:21.0000000,2025,2026-05-18 02:04:01.9333333,2026-05-18 02:04:01.9333333,NULL,NULL,NULL,NULL,NULL,NULL,NULL,NULL,NULL,NULL,NULL,NULL,NULL
93,1043,MA000073,1309,20.2(b),NULL,Leading hand in charge of—3 to 10 employees,1,166.3000,Percent,BR91911,46.7600,per week,2025-07-01 00:00:00.0000000,NULL,5,2025-06-03 01:32:21.0000000,2025,2026-05-18 02:04:01.9600000,2026-05-18 02:04:01.9600000,NULL,NULL,NULL,NULL,NULL,NULL,NULL,NULL,NULL,NULL,NULL,NULL,NULL
94,1045,MA000073,1309,20.2(b),NULL,Leading hand in charge of—more than 20 employees,1,316.2000,Percent,BR91911,88.9200,per week,2025-07-01 00:00:00.0000000,NULL,5,2025-06-03 01:32:21.0000000,2025,2026-05-18 02:04:01.9866667,2026-05-18 02:04:01.9866667,NULL,NULL,NULL,NULL,NULL,NULL,NULL,NULL,NULL,NULL,NULL,NULL,NULL
95,1060,MA000073,1318,20.2(f)(vii),NULL,Using fumigation gas,0,38.2000,Percent,BR91911,10.7400,per day,2025-07-01 00:00:00.0000000,NULL,5,2025-06-03 01:32:21.0000000,2025,2026-05-18 02:04:02.0466667,2026-05-18 02:04:02.0466667,NULL,NULL,NULL,NULL,NULL,NULL,NULL,NULL,NULL,NULL,NULL,NULL,NULL
96,1057,MA000073,1315,20.2(f)(iv),NULL,Wet places allowance,0,2.9000,Percent,BR91911,0.8200,per hour,2025-07-01 00:00:00.0000000,NULL,5,2025-06-03 01:32:21.0000000,2025,2026-05-18 02:04:02.0900000,2026-05-18 02:04:02.0900000,NULL,NULL,NULL,NULL,NULL,NULL,NULL,NULL,NULL,NULL,NULL,NULL,NULL
97,1067,MA000074,1321,17.2(c),NULL,Cold work allowance— -18.0°C to -23.3°C,0,6.5000,Percent,BR92046,1.6700,per hour or part thereof,2025-07-01 00:00:00.0000000,NULL,5,2025-06-03 01:20:06.0000000,2025,2026-05-18 02:04:02.1333333,2026-05-18 02:04:02.1333333,NULL,NULL,NULL,NULL,NULL,NULL,NULL,NULL,NULL,NULL,NULL,NULL,NULL
98,1066,MA000074,1321,17.2(c),NULL,Cold work allowance—From -15.6°C to -18.0°C,0,3.7000,Percent,BR92046,0.9500,per hour or part thereof,2025-07-01 00:00:00.0000000,NULL,5,2025-06-03 01:20:06.0000000,2025,2026-05-18 02:04:02.1866667,2026-05-18 02:04:02.1866667,NULL,NULL,NULL,NULL,NULL,NULL,NULL,NULL,NULL,NULL,NULL,NULL,NULL
99,1068,MA000074,1321,17.2(c),NULL,Cold work allowance—Less than -23.3°C,0,10.2000,Percent,BR92046,2.6200,per hour or part thereof,2025-07-01 00:00:00.0000000,NULL,5,2025-06-03 01:20:06.0000000,2025,2026-05-18 02:04:02.2333333,2026-05-18 02:04:02.2333333,NULL,NULL,NULL,NULL,NULL,NULL,NULL,NULL,NULL,NULL,NULL,NULL,NULL
100,1064,MA000074,1320,17.2(d),NULL,First aid allowance,0,83.2000,Percent,BR92046,21.4100,per week,2025-07-01 00:00:00.0000000,NULL,5,2025-06-03 01:20:06.0000000,2025,2026-05-18 02:04:02.2600000,2026-05-18 02:04:02.2600000,NULL,NULL,NULL,NULL,NULL,NULL,NULL,NULL,NULL,NULL,NULL,NULL,NULL
101,1062,MA000074,1319,17.2(b)(i),NULL,Leading hand in charge of—1 to 19 employees,1,152.0000,Percent,BR92046,39.1100,per week,2025-07-01 00:00:00.0000000,NULL,5,2025-06-03 01:20:06.0000000,2025,2026-05-18 02:04:02.3133333,2026-05-18 02:04:02.3133333,NULL,NULL,NULL,NULL,NULL,NULL,NULL,NULL,NULL,NULL,NULL,NULL,NULL
102,1063,MA000074,1319,17.2(b)(i),NULL,Leading hand in charge of—20 employees or more,1,254.0000,Percent,BR92046,65.3500,per week,2025-07-01 00:00:00.0000000,NULL,5,2025-06-03 01:20:06.0000000,2025,2026-05-18 02:04:02.3566667,2026-05-18 02:04:02.3566667,NULL,NULL,NULL,NULL,NULL,NULL,NULL,NULL,NULL,NULL,NULL,NULL,NULL
103,1069,MA000075,1322,18.2(a),NULL,First aid allowance,0,1.5000,Percent,BR92099,16.0400,per week,2025-07-01 00:00:00.0000000,NULL,6,2025-06-03 01:27:58.0000000,2025,2026-05-18 02:04:02.3800000,2026-05-18 02:04:02.3800000,NULL,NULL,NULL,NULL,NULL,NULL,NULL,NULL,NULL,NULL,NULL,NULL,NULL
104,1071,MA000076,1323,19.2(a)(i),NULL,First aid allowance—Annual,0,1.6500,Percent,BR92118,920.4700,per annum,2025-07-01 00:00:00.0000000,NULL,5,2025-06-03 01:36:34.0000000,2025,2026-05-18 02:04:02.4233333,2026-05-18 02:04:02.4233333,NULL,NULL,NULL,NULL,NULL,NULL,NULL,NULL,NULL,NULL,NULL,NULL,NULL
105,11925,MA000076,1323,19.2(a)(i),NULL,First aid allowance—Daily,0,1.6500,Percent,BR92118,3.8400,per day,2025-07-01 00:00:00.0000000,NULL,5,2025-06-03 01:36:34.0000000,2025,2026-05-18 02:04:02.4600000,2026-05-18 02:04:02.4600000,NULL,NULL,NULL,NULL,NULL,NULL,NULL,NULL,NULL,NULL,NULL,NULL,NULL
106,1073,MA000076,1325,19.2(b)(i),NULL,Sleepover allowance,0,0.1100,Percent,BR92118,61.3600,per sleepover,2025-07-01 00:00:00.0000000,NULL,5,2025-06-03 01:36:34.0000000,2025,2026-05-18 02:04:02.4900000,2026-05-18 02:04:02.4900000,NULL,NULL,NULL,NULL,NULL,NULL,NULL,NULL,NULL,NULL,NULL,NULL,NULL
107,12057,MA000077,1326,19.2(b),NULL,Director's allowance:,0,NULL,NULL,NULL,NULL,NULL,2025-07-01 00:00:00.0000000,NULL,5,2025-06-03 01:36:14.0000000,2025,2026-05-18 02:04:02.5166667,2026-05-18 02:04:02.5166667,NULL,NULL,NULL,NULL,NULL,NULL,NULL,NULL,NULL,NULL,NULL,NULL,NULL
108,15395,MA000077,27995,19.4(c),NULL,Educational leader allowance,0,6.3000,Percent,BR103773,4567.3100,per annum,2025-07-01 00:00:00.0000000,NULL,6,2025-06-03 01:36:14.0000000,2025,2026-05-18 02:04:02.5433333,2026-05-18 02:04:02.5433333,NULL,NULL,NULL,NULL,NULL,NULL,NULL,NULL,NULL,NULL,NULL,NULL,NULL
109,12053,MA000077,1327,19.3(g)(i),NULL,Leadership allowance:,0,NULL,NULL,NULL,NULL,NULL,2025-07-01 00:00:00.0000000,NULL,5,2025-06-03 01:36:14.0000000,2025,2026-05-18 02:04:02.5733333,2026-05-18 02:04:02.5733333,NULL,NULL,NULL,NULL,NULL,NULL,NULL,NULL,NULL,NULL,NULL,NULL,NULL
110,1079,MA000077,1327,19.3(g)(i),Leadership allowance—Category A,Level 1A,0,8.0000,Percent,BR103773,5799.7600,per annum,2025-07-01 00:00:00.0000000,NULL,5,2025-06-03 01:36:14.0000000,2025,2026-05-18 02:04:02.6066667,2026-05-18 02:04:02.6066667,NULL,NULL,NULL,NULL,NULL,NULL,NULL,NULL,NULL,NULL,NULL,NULL,NULL
111,1080,MA000077,1327,19.3(g)(i),Leadership allowance—Category B,Level 1B,0,7.0000,Percent,BR103773,5074.7900,per annum,2025-07-01 00:00:00.0000000,NULL,5,2025-06-03 01:36:15.0000000,2025,2026-05-18 02:04:02.6233333,2026-05-18 02:04:02.6233333,NULL,NULL,NULL,NULL,NULL,NULL,NULL,NULL,NULL,NULL,NULL,NULL,NULL
112,1081,MA000077,1327,19.3(g)(i),Leadership allowance—Category C,Level 1C,0,6.3000,Percent,BR103773,4567.3100,per annum,2025-07-01 00:00:00.0000000,NULL,5,2025-06-03 01:36:15.0000000,2025,2026-05-18 02:04:02.6433333,2026-05-18 02:04:02.6433333,NULL,NULL,NULL,NULL,NULL,NULL,NULL,NULL,NULL,NULL,NULL,NULL,NULL
113,1075,MA000077,1326,19.2(b),Director's allowance,Level 1—Up to 39 places,0,11.5000,Percent,BR103773,8337.1600,per annum,2025-07-01 00:00:00.0000000,NULL,5,2025-06-03 01:36:15.0000000,2025,2026-05-18 02:04:02.6866667,2026-05-18 02:04:02.6866667,NULL,NULL,NULL,NULL,NULL,NULL,NULL,NULL,NULL,NULL,NULL,NULL,NULL
114,1076,MA000077,1326,19.2(b),Director's allowance,Level 2—40–59 places,0,14.2500,Percent,BR103773,10330.8200,per annum,2025-07-01 00:00:00.0000000,NULL,5,2025-06-03 01:36:15.0000000,2025,2026-05-18 02:04:02.7400000,2026-05-18 02:04:02.7400000,NULL,NULL,NULL,NULL,NULL,NULL,NULL,NULL,NULL,NULL,NULL,NULL,NULL
115,1082,MA000077,1327,19.3(g)(i),Leadership allowance—Category A,Level 2A,0,5.5000,Percent,BR103773,3987.3400,per annum,2025-07-01 00:00:00.0000000,NULL,5,2025-06-03 01:36:15.0000000,2025,2026-05-18 02:04:02.7633333,2026-05-18 02:04:02.7633333,NULL,NULL,NULL,NULL,NULL,NULL,NULL,NULL,NULL,NULL,NULL,NULL,NULL
116,1083,MA000077,1327,19.3(g)(i),Leadership allowance—Category B,Level 2B,0,4.7500,Percent,BR103773,3443.6100,per annum,2025-07-01 00:00:00.0000000,NULL,5,2025-06-03 01:36:15.0000000,2025,2026-05-18 02:04:02.7900000,2026-05-18 02:04:02.7900000,NULL,NULL,NULL,NULL,NULL,NULL,NULL,NULL,NULL,NULL,NULL,NULL,NULL
117,1084,MA000077,1327,19.3(g)(i),Leadership allowance—Category C,Level 2C,0,4.0000,Percent,BR103773,2899.8800,per annum,2025-07-01 00:00:00.0000000,NULL,5,2025-06-03 01:36:15.0000000,2025,2026-05-18 02:04:02.8133333,2026-05-18 02:04:02.8133333,NULL,NULL,NULL,NULL,NULL,NULL,NULL,NULL,NULL,NULL,NULL,NULL,NULL
118,1077,MA000077,1326,19.2(b),Director's allowance,Level 3—60 or more places,0,17.3000,Percent,BR103773,12541.9800,per annum,2025-07-01 00:00:00.0000000,NULL,5,2025-06-03 01:36:15.0000000,2025,2026-05-18 02:04:02.8700000,2026-05-18 02:04:02.8700000,NULL,NULL,NULL,NULL,NULL,NULL,NULL,NULL,NULL,NULL,NULL,NULL,NULL
119,1085,MA000077,1327,19.3(g)(i),Leadership allowance—Category A,Level 3A,0,2.7500,Percent,BR103773,1993.6700,per annum,2025-07-01 00:00:00.0000000,NULL,5,2025-06-03 01:36:15.0000000,2025,2026-05-18 02:04:02.9000000,2026-05-18 02:04:02.9000000,NULL,NULL,NULL,NULL,NULL,NULL,NULL,NULL,NULL,NULL,NULL,NULL,NULL
120,1086,MA000077,1327,19.3(g)(i),Leadership allowance—Category B,Level 3B,0,2.3500,Percent,BR103773,1703.6800,per annum,2025-07-01 00:00:00.0000000,NULL,5,2025-06-03 01:36:15.0000000,2025,2026-05-18 02:04:02.9233333,2026-05-18 02:04:02.9233333,NULL,NULL,NULL,NULL,NULL,NULL,NULL,NULL,NULL,NULL,NULL,NULL,NULL
121,1087,MA000077,1327,19.3(g)(i),Leadership allowance—Category C,Level 3C,0,1.6000,Percent,BR103773,1159.9500,per annum,2025-07-01 00:00:00.0000000,NULL,5,2025-06-03 01:36:15.0000000,2025,2026-05-18 02:04:02.9500000,2026-05-18 02:04:02.9500000,NULL,NULL,NULL,NULL,NULL,NULL,NULL,NULL,NULL,NULL,NULL,NULL,NULL
122,1094,MA000080,1330,18.2(c),NULL,"Employee in charge of golf links with more than 18 holes, bowling greens or lawn tennis courts",0,5.3300,Percent,BR92170,56.9500,per week,2025-07-01 00:00:00.0000000,NULL,5,2025-06-03 01:37:32.0000000,2025,2026-05-18 02:04:03.0066667,2026-05-18 02:04:03.0066667,NULL,NULL,NULL,NULL,NULL,NULL,NULL,NULL,NULL,NULL,NULL,NULL,NULL
123,1093,MA000080,1329,18.2(d),NULL,First aid allowance—hourly,0,2.0000,Percent,BR92170,0.5600,per hour,2025-07-01 00:00:00.0000000,NULL,5,2025-06-03 01:37:32.0000000,2025,2026-05-18 02:04:03.0533333,2026-05-18 02:04:03.0533333,NULL,NULL,NULL,NULL,NULL,NULL,NULL,NULL,NULL,NULL,NULL,NULL,NULL
124,1092,MA000080,1329,18.2(d),NULL,First aid allowance—weekly,0,2.0000,Percent,BR92170,21.3700,per week,2025-07-01 00:00:00.0000000,NULL,5,2025-06-03 01:37:32.0000000,2025,2026-05-18 02:04:03.0733333,2026-05-18 02:04:03.0733333,NULL,NULL,NULL,NULL,NULL,NULL,NULL,NULL,NULL,NULL,NULL,NULL,NULL
125,1090,MA000080,1328,18.2(e),NULL,In charge of tractor plant allowance—hourly,0,3.0000,Percent,BR92170,0.8400,per hour,2025-07-01 00:00:00.0000000,NULL,5,2025-06-03 01:37:32.0000000,2025,2026-05-18 02:04:03.0933333,2026-05-18 02:04:03.0933333,NULL,NULL,NULL,NULL,NULL,NULL,NULL,NULL,NULL,NULL,NULL,NULL,NULL
126,1089,MA000080,1328,18.2(e),NULL,In charge of tractor plant allowance—weekly,0,3.0000,Percent,BR92170,32.0500,per week,2025-07-01 00:00:00.0000000,NULL,5,2025-06-03 01:37:32.0000000,2025,2026-05-18 02:04:03.1133333,2026-05-18 02:04:03.1133333,NULL,NULL,NULL,NULL,NULL,NULL,NULL,NULL,NULL,NULL,NULL,NULL,NULL
127,11810,MA000080,1331,18.2(b),Flexible loading allowance,Special allowances for exhibition employees—full-time and part-time—exhibition technician—flexible loading allowance,1,7.1000,Percent,BR92170,2.0000,per hour,2025-07-01 00:00:00.0000000,NULL,5,2025-06-03 01:37:33.0000000,2025,2026-05-18 02:04:03.1466667,2026-05-18 02:04:03.1466667,NULL,NULL,NULL,NULL,NULL,NULL,NULL,NULL,NULL,NULL,NULL,NULL,NULL
128,1097,MA000080,1331,18.2(b),Flexible loading allowance,Special allowances for exhibition employees—full-time and part-time—exhibition technician—flexible loading allowance,1,7.1000,Percent,BR92170,75.8600,per week,2025-07-01 00:00:00.0000000,NULL,5,2025-06-03 01:37:33.0000000,2025,2026-05-18 02:04:03.1700000,2026-05-18 02:04:03.1700000,NULL,NULL,NULL,NULL,NULL,NULL,NULL,NULL,NULL,NULL,NULL,NULL,NULL
129,1098,MA000080,1331,18.2(b),Supervisory loading allowance,Special allowances for exhibition employees—full-time and part-time—exhibition technician—supervisory loading allowance,1,3.2000,Percent,BR92170,34.1900,per week,2025-07-01 00:00:00.0000000,NULL,5,2025-06-03 01:37:33.0000000,2025,2026-05-18 02:04:03.2233333,2026-05-18 02:04:03.2233333,NULL,NULL,NULL,NULL,NULL,NULL,NULL,NULL,NULL,NULL,NULL,NULL,NULL
130,11811,MA000080,1331,18.2(b),Supervisory loading allowance,Special allowances for exhibition employees—full-time and part-time—exhibition technician—supervisory loading allowance,1,3.2000,Percent,BR92170,0.9000,per hour,2025-07-01 00:00:00.0000000,NULL,5,2025-06-03 01:37:33.0000000,2025,2026-05-18 02:04:03.2466667,2026-05-18 02:04:03.2466667,NULL,NULL,NULL,NULL,NULL,NULL,NULL,NULL,NULL,NULL,NULL,NULL,NULL
131,11809,MA000080,1331,18.2(b),Flexible loading allowance,Special allowances for exhibition employees—full-time and part-time—general hand—flexible loading allowance,1,6.6000,Percent,BR92170,1.8600,per hour,2025-07-01 00:00:00.0000000,NULL,5,2025-06-03 01:37:33.0000000,2025,2026-05-18 02:04:03.3000000,2026-05-18 02:04:03.3000000,NULL,NULL,NULL,NULL,NULL,NULL,NULL,NULL,NULL,NULL,NULL,NULL,NULL
132,1096,MA000080,1331,18.2(b),Flexible loading allowance,Special allowances for exhibition employees—full-time and part-time—general hand—flexible loading allowance,1,6.6000,Percent,BR92170,70.5100,per week,2025-07-01 00:00:00.0000000,NULL,5,2025-06-03 01:37:32.0000000,2025,2026-05-18 02:04:03.3233333,2026-05-18 02:04:03.3233333,NULL,NULL,NULL,NULL,NULL,NULL,NULL,NULL,NULL,NULL,NULL,NULL,NULL
133,1099,MA000080,1331,18.2(b),Flexible loading allowance,Special allowances for exhibition employees—full-time and part-time—supervisory exhibition technician—flexible loading allowance,1,7.5000,Percent,BR92170,80.1300,per week,2025-07-01 00:00:00.0000000,NULL,5,2025-06-03 01:37:33.0000000,2025,2026-05-18 02:04:03.3700000,2026-05-18 02:04:03.3700000,NULL,NULL,NULL,NULL,NULL,NULL,NULL,NULL,NULL,NULL,NULL,NULL,NULL
134,11812,MA000080,1331,18.2(b),Flexible loading allowance,Special allowances for exhibition employees—full-time and part-time—supervisory exhibition technician—flexible loading allowance,1,7.5000,Percent,BR92170,2.1100,per hour,2025-07-01 00:00:00.0000000,NULL,5,2025-06-03 01:37:33.0000000,2025,2026-05-18 02:04:03.3933333,2026-05-18 02:04:03.3933333,NULL,NULL,NULL,NULL,NULL,NULL,NULL,NULL,NULL,NULL,NULL,NULL,NULL
135,11813,MA000080,1331,18.2(b),Supervisory loading allowance,Special allowances for exhibition employees—full-time and part-time—supervisory exhibition technician—supervisory loading allowance,1,6.4000,Percent,BR92170,1.8000,per hour,2025-07-01 00:00:00.0000000,NULL,5,2025-06-03 01:37:33.0000000,2025,2026-05-18 02:04:03.4400000,2026-05-18 02:04:03.4400000,NULL,NULL,NULL,NULL,NULL,NULL,NULL,NULL,NULL,NULL,NULL,NULL,NULL
136,1100,MA000080,1331,18.2(b),Supervisory loading allowance,Special allowances for exhibition employees—full-time and part-time—supervisory exhibition technician—supervisory loading allowance,1,6.4000,Percent,BR92170,68.3800,per week,2025-07-01 00:00:00.0000000,NULL,5,2025-06-03 01:37:33.0000000,2025,2026-05-18 02:04:03.4800000,2026-05-18 02:04:03.4800000,NULL,NULL,NULL,NULL,NULL,NULL,NULL,NULL,NULL,NULL,NULL,NULL,NULL
137,1119,MA000081,1342,32.2(i)(i),NULL,Deputy Ballet Master/Mistress,0,12.1900,Percent,BR92179,130.2400,per week,2025-07-01 00:00:00.0000000,2025-07-20 00:00:00.0000000,5,2025-07-18 01:03:17.0000000,2025,2026-05-18 02:04:03.5300000,2026-05-18 02:04:03.5300000,NULL,NULL,NULL,NULL,NULL,NULL,NULL,NULL,NULL,NULL,NULL,NULL,NULL
138,1105,MA000081,1336,32.2(b),NULL,Assistant Stage Manager allowance,0,5.4000,Percent,BR92179,57.6900,per week,2025-07-01 00:00:00.0000000,NULL,5,2025-06-03 01:32:15.0000000,2025,2026-05-18 02:04:03.6100000,2026-05-18 02:04:03.6100000,NULL,NULL,NULL,NULL,NULL,NULL,NULL,NULL,NULL,NULL,NULL,NULL,NULL
139,1132,MA000081,1353,41.2(f)(v),NULL,Audio recording of performance—for which there can be 21 minutes of finished material,0,15.1200,Percent,BR92179,161.5400,per performance,2025-07-01 00:00:00.0000000,NULL,5,2025-06-03 01:32:15.0000000,2025,2026-05-18 02:04:03.6333333,2026-05-18 02:04:03.6333333,NULL,NULL,NULL,NULL,NULL,NULL,NULL,NULL,NULL,NULL,NULL,NULL,NULL
140,1131,MA000081,1352,41.2(f)(iv),NULL,Audio-visual or visual recording of performance,0,20.7000,Percent,BR92179,221.1600,per performance,2025-07-01 00:00:00.0000000,NULL,5,2025-06-03 01:32:15.0000000,2025,2026-05-18 02:04:03.6733333,2026-05-18 02:04:03.6733333,NULL,NULL,NULL,NULL,NULL,NULL,NULL,NULL,NULL,NULL,NULL,NULL,NULL
141,1103,MA000081,1334,31.6(e),NULL,"Casual supernumeraries, minimum call payment",0,3.4000,Percent,BR92179,36.3300,per hour,2025-07-01 00:00:00.0000000,NULL,5,2025-06-03 01:32:15.0000000,2025,2026-05-18 02:04:03.7133333,2026-05-18 02:04:03.7133333,NULL,NULL,NULL,NULL,NULL,NULL,NULL,NULL,NULL,NULL,NULL,NULL,NULL
142,1120,MA000081,1343,32.2(i)(ii),NULL,Company dancer supervising classes on irregular basis,0,6.0900,Percent,BR92179,65.0700,per class,2025-07-01 00:00:00.0000000,NULL,5,2025-06-03 01:32:15.0000000,2025,2026-05-18 02:04:03.8300000,2026-05-18 02:04:03.8300000,NULL,NULL,NULL,NULL,NULL,NULL,NULL,NULL,NULL,NULL,NULL,NULL,NULL
143,1118,MA000081,1341,32.2(h)(iv),NULL,Dance Captain allowance,0,5.1800,Percent,BR92179,55.3400,per week,2025-07-01 00:00:00.0000000,NULL,5,2025-06-03 01:32:15.0000000,2025,2026-05-18 02:04:03.8800000,2026-05-18 02:04:03.8800000,NULL,NULL,NULL,NULL,NULL,NULL,NULL,NULL,NULL,NULL,NULL,NULL,NULL
144,1106,MA000081,1337,32.2(c),NULL,Driver or a person in charge whilst on tour,0,7.0000,Percent,BR92179,74.7900,per week,2025-07-01 00:00:00.0000000,NULL,5,2025-06-03 01:32:16.0000000,2025,2026-05-18 02:04:03.9000000,2026-05-18 02:04:03.9000000,NULL,NULL,NULL,NULL,NULL,NULL,NULL,NULL,NULL,NULL,NULL,NULL,NULL
145,12236,MA000081,1344,41.2(a)(i),NULL,Instrument doubling allowances—instrument supplied by employee,0,NULL,Percent,NULL,NULL,per instrument per call,2025-07-01 00:00:00.0000000,NULL,5,2025-06-03 01:32:16.0000000,2025,2026-05-18 02:04:03.9400000,2026-05-18 02:04:03.9400000,NULL,NULL,NULL,NULL,NULL,NULL,NULL,NULL,NULL,NULL,NULL,NULL,NULL
146,12237,MA000081,1344,41.2(a)(i),NULL,Instrument doubling allowances—instrument supplied by employer,0,NULL,Percent,NULL,NULL,per instrument per call,2025-07-01 00:00:00.0000000,NULL,5,2025-06-03 01:32:16.0000000,2025,2026-05-18 02:04:03.9600000,2026-05-18 02:04:03.9600000,NULL,NULL,NULL,NULL,NULL,NULL,NULL,NULL,NULL,NULL,NULL,NULL,NULL
147,1107,MA000081,1338,32.2(f),NULL,Making of an advertisement—television or radio (4 hour minimum payment),0,4.9000,Percent,BR92179,52.3500,per hour,2025-07-01 00:00:00.0000000,NULL,5,2025-06-03 01:32:16.0000000,2025,2026-05-18 02:04:04.0066667,2026-05-18 02:04:04.0066667,NULL,NULL,NULL,NULL,NULL,NULL,NULL,NULL,NULL,NULL,NULL,NULL,NULL
148,1104,MA000081,1335,32.2(a),NULL,Nude allowance,0,2.7500,Percent,BR92179,29.3800,per week,2025-07-01 00:00:00.0000000,NULL,5,2025-06-03 01:32:16.0000000,2025,2026-05-18 02:04:04.0733333,2026-05-18 02:04:04.0733333,NULL,NULL,NULL,NULL,NULL,NULL,NULL,NULL,NULL,NULL,NULL,NULL,NULL
149,1133,MA000081,1354,51.2(c),NULL,Parades involving exposure of parts of the body,0,3.3000,Percent,BR92179,35.2600,per parade,2025-07-01 00:00:00.0000000,NULL,5,2025-06-03 01:32:16.0000000,2025,2026-05-18 02:04:04.1066667,2026-05-18 02:04:04.1066667,NULL,NULL,NULL,NULL,NULL,NULL,NULL,NULL,NULL,NULL,NULL,NULL,NULL
150,1129,MA000081,1350,41.2(f)(ii),NULL,Radio broadcast,0,15.1200,Percent,BR92179,161.5400,per broadcast,2025-07-01 00:00:00.0000000,NULL,5,2025-06-03 01:32:16.0000000,2025,2026-05-18 02:04:04.1466667,2026-05-18 02:04:04.1466667,NULL,NULL,NULL,NULL,NULL,NULL,NULL,NULL,NULL,NULL,NULL,NULL,NULL
151,12235,MA000081,1332,31.6(c)(i),NULL,"Rehearsal payment, for each subsequent half hour or part thereof",0,2.4000,Percent,BR92179,25.6400,per half hour or part thereof,2025-07-01 00:00:00.0000000,NULL,5,2025-06-03 01:32:16.0000000,2025,2026-05-18 02:04:04.1966667,2026-05-18 02:04:04.1966667,NULL,NULL,NULL,NULL,NULL,NULL,NULL,NULL,NULL,NULL,NULL,NULL,NULL
152,1102,MA000081,1333,31.6(c)(ii),NULL,"Rehearsal payment, if employee leaves prior to one hour",0,2.4000,Percent,BR92179,25.6400,per half hour or part thereof of actual time worke,2025-07-01 00:00:00.0000000,NULL,5,2025-06-03 01:32:16.0000000,2025,2026-05-18 02:04:04.2300000,2026-05-18 02:04:04.2300000,NULL,NULL,NULL,NULL,NULL,NULL,NULL,NULL,NULL,NULL,NULL,NULL,NULL
153,1101,MA000081,1332,31.6(c)(i),NULL,"Rehearsal payment, minimum one hour",0,4.8000,Percent,BR92179,51.2800,per hour,2025-07-01 00:00:00.0000000,NULL,5,2025-06-03 01:32:16.0000000,2025,2026-05-18 02:04:04.2600000,2026-05-18 02:04:04.2600000,NULL,NULL,NULL,NULL,NULL,NULL,NULL,NULL,NULL,NULL,NULL,NULL,NULL
154,1130,MA000081,1351,41.2(f)(iii),NULL,Simulcast broadcast,0,28.8200,Percent,BR92179,307.9100,per simulcast,2025-07-01 00:00:00.0000000,NULL,5,2025-06-03 01:32:16.0000000,2025,2026-05-18 02:04:04.2900000,2026-05-18 02:04:04.2900000,NULL,NULL,NULL,NULL,NULL,NULL,NULL,NULL,NULL,NULL,NULL,NULL,NULL
155,1127,MA000081,1348,41.2(c),NULL,Soloist—performing solo in orchestra,0,0.7000,Percent,BR92179,7.4800,per instrument per call,2025-07-01 00:00:00.0000000,NULL,5,2025-06-03 01:32:16.0000000,2025,2026-05-18 02:04:04.3200000,2026-05-18 02:04:04.3200000,NULL,NULL,NULL,NULL,NULL,NULL,NULL,NULL,NULL,NULL,NULL,NULL,NULL
156,1126,MA000081,1347,41.2(b)(ii),NULL,Supply of music—casual employee,0,1.3000,Percent,BR92179,13.8900,per call,2025-07-01 00:00:00.0000000,NULL,5,2025-06-03 01:32:16.0000000,2025,2026-05-18 02:04:04.3533333,2026-05-18 02:04:04.3533333,NULL,NULL,NULL,NULL,NULL,NULL,NULL,NULL,NULL,NULL,NULL,NULL,NULL
157,1125,MA000081,1346,41.2(b)(i),NULL,Supply of music—weekly employee,0,4.0000,Percent,BR92179,42.7400,per week,2025-07-01 00:00:00.0000000,NULL,5,2025-06-03 01:32:16.0000000,2025,2026-05-18 02:04:04.3933333,2026-05-18 02:04:04.3933333,NULL,NULL,NULL,NULL,NULL,NULL,NULL,NULL,NULL,NULL,NULL,NULL,NULL
158,1128,MA000081,1349,41.2(f)(i),NULL,Televised performance,0,14.0200,Percent,BR92179,149.7900,per performance,2025-07-01 00:00:00.0000000,NULL,5,2025-06-03 01:32:16.0000000,2025,2026-05-18 02:04:04.4600000,2026-05-18 02:04:04.4600000,NULL,NULL,NULL,NULL,NULL,NULL,NULL,NULL,NULL,NULL,NULL,NULL,NULL
159,1134,MA000081,1355,60.2(a),NULL,Transmission or recording of performance allowance—one payment only,0,15.9000,Percent,BR92179,169.8800,single payment,2025-07-01 00:00:00.0000000,NULL,5,2025-06-03 01:32:16.0000000,2025,2026-05-18 02:04:04.4966667,2026-05-18 02:04:04.4966667,NULL,NULL,NULL,NULL,NULL,NULL,NULL,NULL,NULL,NULL,NULL,NULL,NULL
160,1115,MA000081,1340,32.2(h)(ii),NULL,Understudy allowances (additional amount per performance)—Leading role,0,9.6800,Percent,BR92179,103.4200,per performance,2025-07-01 00:00:00.0000000,NULL,5,2025-06-03 01:32:16.0000000,2025,2026-05-18 02:04:04.5433333,2026-05-18 02:04:04.5433333,NULL,NULL,NULL,NULL,NULL,NULL,NULL,NULL,NULL,NULL,NULL,NULL,NULL
161,1117,MA000081,1340,32.2(h)(ii),NULL,Understudy allowances (additional amount per performance)—Minor supporting role,0,4.6400,Percent,BR92179,49.5700,per performance,2025-07-01 00:00:00.0000000,NULL,5,2025-06-03 01:32:16.0000000,2025,2026-05-18 02:04:04.6000000,2026-05-18 02:04:04.6000000,NULL,NULL,NULL,NULL,NULL,NULL,NULL,NULL,NULL,NULL,NULL,NULL,NULL
162,1114,MA000081,1340,32.2(h)(ii),NULL,Understudy allowances (additional amount per performance)—Star role,0,14.5400,Percent,BR92179,155.3500,per performance,2025-07-01 00:00:00.0000000,NULL,5,2025-06-03 01:32:16.0000000,2025,2026-05-18 02:04:04.6433333,2026-05-18 02:04:04.6433333,NULL,NULL,NULL,NULL,NULL,NULL,NULL,NULL,NULL,NULL,NULL,NULL,NULL
163,1116,MA000081,1340,32.2(h)(ii),NULL,Understudy allowances (additional amount per performance)—Supporting role,0,5.8200,Percent,BR92179,62.1800,per performance,2025-07-01 00:00:00.0000000,NULL,5,2025-06-03 01:32:16.0000000,2025,2026-05-18 02:04:04.6800000,2026-05-18 02:04:04.6800000,NULL,NULL,NULL,NULL,NULL,NULL,NULL,NULL,NULL,NULL,NULL,NULL,NULL
164,1110,MA000081,1339,32.2(h)(i),NULL,Understudy allowances (part understudied)—Leading role,0,4.8400,Percent,BR92179,51.7100,per week,2025-07-01 00:00:00.0000000,NULL,5,2025-06-03 01:32:16.0000000,2025,2026-05-18 02:04:04.7066667,2026-05-18 02:04:04.7066667,NULL,NULL,NULL,NULL,NULL,NULL,NULL,NULL,NULL,NULL,NULL,NULL,NULL
165,1112,MA000081,1339,32.2(h)(i),NULL,Understudy allowances (part understudied)—Minor supporting role,0,2.3200,Percent,BR92179,24.7900,per week,2025-07-01 00:00:00.0000000,NULL,5,2025-06-03 01:32:16.0000000,2025,2026-05-18 02:04:04.7333333,2026-05-18 02:04:04.7333333,NULL,NULL,NULL,NULL,NULL,NULL,NULL,NULL,NULL,NULL,NULL,NULL,NULL
166,1109,MA000081,1339,32.2(h)(i),NULL,Understudy allowances (part understudied)—Star role,0,6.7800,Percent,BR92179,72.4400,per week,2025-07-01 00:00:00.0000000,NULL,5,2025-06-03 01:32:16.0000000,2025,2026-05-18 02:04:04.7633333,2026-05-18 02:04:04.7633333,NULL,NULL,NULL,NULL,NULL,NULL,NULL,NULL,NULL,NULL,NULL,NULL,NULL
167,1111,MA000081,1339,32.2(h)(i),NULL,Understudy allowances (part understudied)—Supporting role,0,2.9100,Percent,BR92179,31.0900,per week,2025-07-01 00:00:00.0000000,NULL,5,2025-06-03 01:32:16.0000000,2025,2026-05-18 02:04:04.8066667,2026-05-18 02:04:04.8066667,NULL,NULL,NULL,NULL,NULL,NULL,NULL,NULL,NULL,NULL,NULL,NULL,NULL
168,1139,MA000084,1359,17.2(b)(iii),NULL,Cold temperatures allowance—Below -23.3°C,0,0.2000,Percent,BR92219,2.1500,per hour or part thereof,2025-07-01 00:00:00.0000000,NULL,5,2025-06-03 01:27:39.0000000,2025,2026-05-18 02:04:04.8566667,2026-05-18 02:04:04.8566667,NULL,NULL,NULL,NULL,NULL,NULL,NULL,NULL,NULL,NULL,NULL,NULL,NULL
169,1137,MA000084,1357,17.2(b)(i),NULL,Cold temperatures allowance—From -15.6°C to -18.9°C,0,0.1000,Percent,BR92219,1.0700,per hour or part thereof,2025-07-01 00:00:00.0000000,NULL,5,2025-06-03 01:27:39.0000000,2025,2026-05-18 02:04:04.9000000,2026-05-18 02:04:04.9000000,NULL,NULL,NULL,NULL,NULL,NULL,NULL,NULL,NULL,NULL,NULL,NULL,NULL
170,1138,MA000084,1358,17.2(b)(ii),NULL,Cold temperatures allowance—From -18.9°C to -23.3°C,0,0.1500,Percent,BR92219,1.6100,per hour or part thereof,2025-07-01 00:00:00.0000000,NULL,5,2025-06-03 01:27:39.0000000,2025,2026-05-18 02:04:04.9400000,2026-05-18 02:04:04.9400000,NULL,NULL,NULL,NULL,NULL,NULL,NULL,NULL,NULL,NULL,NULL,NULL,NULL
171,1135,MA000084,1356,17.2(a)(i),NULL,First aid allowance,0,1.5000,Percent,BR92219,16.1100,per week,2025-07-01 00:00:00.0000000,NULL,5,2025-06-03 01:27:39.0000000,2025,2026-05-18 02:04:04.9800000,2026-05-18 02:04:04.9800000,NULL,NULL,NULL,NULL,NULL,NULL,NULL,NULL,NULL,NULL,NULL,NULL,NULL
172,1154,MA000085,1369,17.2(h)(i),NULL,Additional allowance—chief cook who orders stores and issues linen,0,7.1900,Percent,BR92262,77.0300,per week,2025-07-01 00:00:00.0000000,NULL,5,2025-06-03 01:28:00.0000000,2025,2026-05-18 02:04:05.0333333,2026-05-18 02:04:05.0333333,NULL,NULL,NULL,NULL,NULL,NULL,NULL,NULL,NULL,NULL,NULL,NULL,NULL
173,1155,MA000085,1370,17.2(h)(ii),NULL,Additional allowance—second cook performing cleaning duties outside galley and storerooms,0,5.1300,Percent,BR92262,54.9600,per week,2025-07-01 00:00:00.0000000,NULL,5,2025-06-03 01:28:00.0000000,2025,2026-05-18 02:04:05.0800000,2026-05-18 02:04:05.0800000,NULL,NULL,NULL,NULL,NULL,NULL,NULL,NULL,NULL,NULL,NULL,NULL,NULL
174,1140,MA000085,1360,17.2(c),NULL,Confined areas allowance,1,0.1600,Percent,BR92262,1.7100,per hour,2025-07-01 00:00:00.0000000,NULL,5,2025-06-03 01:28:00.0000000,2025,2026-05-18 02:04:05.1300000,2026-05-18 02:04:05.1300000,NULL,NULL,NULL,NULL,NULL,NULL,NULL,NULL,NULL,NULL,NULL,NULL,NULL
175,1151,MA000085,1366,17.2(b)(ii),NULL,Dual certificate allowance—fully operational vessel,1,7.7200,Percent,BR92262,82.7100,per week,2025-07-01 00:00:00.0000000,NULL,5,2025-06-03 01:28:00.0000000,2025,2026-05-18 02:04:05.1866667,2026-05-18 02:04:05.1866667,NULL,NULL,NULL,NULL,NULL,NULL,NULL,NULL,NULL,NULL,NULL,NULL,NULL
176,1150,MA000085,1365,17.2(b)(i),NULL,Dual certificate allowance—vessel—not fully operational,1,3.6300,Percent,BR92262,38.8900,per week,2025-07-01 00:00:00.0000000,NULL,5,2025-06-03 01:28:00.0000000,2025,2026-05-18 02:04:05.2166667,2026-05-18 02:04:05.2166667,NULL,NULL,NULL,NULL,NULL,NULL,NULL,NULL,NULL,NULL,NULL,NULL,NULL
177,1153,MA000085,1368,17.2(g)(i),NULL,Firefighting certificate allowance,0,3.6300,Percent,BR92262,38.8900,per week,2025-07-01 00:00:00.0000000,NULL,5,2025-06-03 01:28:00.0000000,2025,2026-05-18 02:04:05.2633333,2026-05-18 02:04:05.2633333,NULL,NULL,NULL,NULL,NULL,NULL,NULL,NULL,NULL,NULL,NULL,NULL,NULL
178,1141,MA000085,1361,17.2(d),NULL,Hard-lying allowance,1,3.0800,Percent,BR92262,33.0000,per week,2025-07-01 00:00:00.0000000,NULL,5,2025-06-03 01:28:00.0000000,2025,2026-05-18 02:04:05.3100000,2026-05-18 02:04:05.3100000,NULL,NULL,NULL,NULL,NULL,NULL,NULL,NULL,NULL,NULL,NULL,NULL,NULL
179,1152,MA000085,1367,17.2(f)(i),NULL,Radar observer's allowance,0,3.6300,Percent,BR92262,38.8900,per week,2025-07-01 00:00:00.0000000,NULL,5,2025-06-03 01:28:00.0000000,2025,2026-05-18 02:04:05.3666667,2026-05-18 02:04:05.3666667,NULL,NULL,NULL,NULL,NULL,NULL,NULL,NULL,NULL,NULL,NULL,NULL,NULL
180,1148,MA000085,1363,17.2(e)(iii),NULL,Shipkeeping allowance—when vessel is fully operational—Less remote areas,0,6.5700,Percent,BR92262,70.3900,per week,2025-07-01 00:00:00.0000000,NULL,5,2025-06-03 01:28:01.0000000,2025,2026-05-18 02:04:05.4133333,2026-05-18 02:04:05.4133333,NULL,NULL,NULL,NULL,NULL,NULL,NULL,NULL,NULL,NULL,NULL,NULL,NULL
181,1147,MA000085,1363,17.2(e)(iii),NULL,Shipkeeping allowance—when vessel is fully operational—Remote areas,0,16.4200,Percent,BR92262,175.9200,per week,2025-07-01 00:00:00.0000000,NULL,5,2025-06-03 01:28:00.0000000,2025,2026-05-18 02:04:05.4633333,2026-05-18 02:04:05.4633333,NULL,NULL,NULL,NULL,NULL,NULL,NULL,NULL,NULL,NULL,NULL,NULL,NULL
182,1144,MA000085,1362,17.2(e)(ii),NULL,Shipkeeping allowance—when vessel is not fully operational—Less remote areas,0,19.5300,Percent,BR92262,209.2400,per week,2025-07-01 00:00:00.0000000,NULL,5,2025-06-03 01:28:01.0000000,2025,2026-05-18 02:04:05.5200000,2026-05-18 02:04:05.5200000,NULL,NULL,NULL,NULL,NULL,NULL,NULL,NULL,NULL,NULL,NULL,NULL,NULL
183,1145,MA000085,1362,17.2(e)(ii),NULL,Shipkeeping allowance—when vessel is not fully operational—Major ports,0,12.9400,Percent,BR92262,138.6400,per week,2025-07-01 00:00:00.0000000,NULL,5,2025-06-03 01:28:01.0000000,2025,2026-05-18 02:04:05.5900000,2026-05-18 02:04:05.5900000,NULL,NULL,NULL,NULL,NULL,NULL,NULL,NULL,NULL,NULL,NULL,NULL,NULL
184,1143,MA000085,1362,17.2(e)(ii),NULL,Shipkeeping allowance—when vessel is not fully operational—Remote areas,0,29.3600,Percent,BR92262,314.5600,per week,2025-07-01 00:00:00.0000000,NULL,5,2025-06-03 01:28:01.0000000,2025,2026-05-18 02:04:05.6233333,2026-05-18 02:04:05.6233333,NULL,NULL,NULL,NULL,NULL,NULL,NULL,NULL,NULL,NULL,NULL,NULL,NULL
185,1156,MA000085,1371,17.2(j)(i),NULL,Vessels proceeding from port to port allowance,0,14.1700,Percent,BR92262,151.8200,per day or part thereof,2025-07-01 00:00:00.0000000,NULL,5,2025-06-03 01:28:01.0000000,2025,2026-05-18 02:04:05.6500000,2026-05-18 02:04:05.6500000,NULL,NULL,NULL,NULL,NULL,NULL,NULL,NULL,NULL,NULL,NULL,NULL,NULL
186,1166,MA000086,1378,15.4(a),NULL,Allowance specific to floating production facilities—Communication,0,0.5000,Percent,BR92357,5.6400,per completed fortnight,2025-07-01 00:00:00.0000000,NULL,5,2025-06-03 01:22:30.0000000,2025,2026-05-18 02:04:05.6766667,2026-05-18 02:04:05.6766667,NULL,NULL,NULL,NULL,NULL,NULL,NULL,NULL,NULL,NULL,NULL,NULL,NULL
187,1163,MA000086,1377,15.3(c),NULL,Allowances specific to vessels other than floating production facilities—Hard-lying 2 berth cabin,0,5.2400,Percent,BR92357,59.1500,per day,2025-07-01 00:00:00.0000000,NULL,5,2025-06-03 01:22:30.0000000,2025,2026-05-18 02:04:05.7033333,2026-05-18 02:04:05.7033333,NULL,NULL,NULL,NULL,NULL,NULL,NULL,NULL,NULL,NULL,NULL,NULL,NULL
188,1164,MA000086,1377,15.3(c),NULL,Allowances specific to vessels other than floating production facilities—Hard-lying 4 berth cabin,0,8.3900,Percent,BR92357,94.7100,per day,2025-07-01 00:00:00.0000000,NULL,5,2025-06-03 01:22:30.0000000,2025,2026-05-18 02:04:05.7200000,2026-05-18 02:04:05.7200000,NULL,NULL,NULL,NULL,NULL,NULL,NULL,NULL,NULL,NULL,NULL,NULL,NULL
189,1161,MA000086,1375,15.3(a),NULL,Allowances specific to vessels other than floating production facilities—Shared accommodation,0,4.1900,Percent,BR92357,47.3000,per day,2025-07-01 00:00:00.0000000,NULL,5,2025-06-03 01:22:30.0000000,2025,2026-05-18 02:04:05.7500000,2026-05-18 02:04:05.7500000,NULL,NULL,NULL,NULL,NULL,NULL,NULL,NULL,NULL,NULL,NULL,NULL,NULL
190,1162,MA000086,1376,15.3(b),NULL,Allowances specific to vessels other than floating production facilities—Vessels temporarily engaged in carriage and handling of cargo,0,5.5700,Percent,BR92357,62.8800,per day,2025-07-01 00:00:00.0000000,NULL,5,2025-06-03 01:22:30.0000000,2025,2026-05-18 02:04:05.7800000,2026-05-18 02:04:05.7800000,NULL,NULL,NULL,NULL,NULL,NULL,NULL,NULL,NULL,NULL,NULL,NULL,NULL
191,1159,MA000086,1373,15.2(a),NULL,Vessels wrecked or stranded,0,2.9400,Percent,BR92357,33.1900,per hour,2025-07-01 00:00:00.0000000,NULL,5,2025-06-03 01:22:30.0000000,2025,2026-05-18 02:04:05.8000000,2026-05-18 02:04:05.8000000,NULL,NULL,NULL,NULL,NULL,NULL,NULL,NULL,NULL,NULL,NULL,NULL,NULL
192,1170,MA000087,1381,20.2(a)(i),"Milling, distillery, refinery and maintenance",Applying obnoxious substances,0,3.4900,Percent,BR92608,0.9800,per hour,2025-07-01 00:00:00.0000000,NULL,5,2025-06-03 01:32:53.0000000,2025,2026-05-18 02:04:05.8300000,2026-05-18 02:04:05.8300000,NULL,NULL,NULL,NULL,NULL,NULL,NULL,NULL,NULL,NULL,NULL,NULL,NULL
193,1172,MA000087,1383,20.2(d)(i),"Milling, distillery, refinery and maintenance",Boiler cleaning—engine driver,0,8.2000,Percent,BR92608,2.3100,per hour,2025-07-01 00:00:00.0000000,NULL,5,2025-06-03 01:32:53.0000000,2025,2026-05-18 02:04:05.8566667,2026-05-18 02:04:05.8566667,NULL,NULL,NULL,NULL,NULL,NULL,NULL,NULL,NULL,NULL,NULL,NULL,NULL
194,1173,MA000087,1384,20.2(e),"Milling, distillery, refinery and maintenance",Brick cutting,0,2.5500,Percent,BR92608,0.7200,per hour,2025-07-01 00:00:00.0000000,NULL,5,2025-06-03 01:32:53.0000000,2025,2026-05-18 02:04:05.8900000,2026-05-18 02:04:05.8900000,NULL,NULL,NULL,NULL,NULL,NULL,NULL,NULL,NULL,NULL,NULL,NULL,NULL
195,1219,MA000087,1417,22.2,NULL,Bulk sugar terminal operations,0,NULL,NULL,NULL,NULL,NULL,2025-07-01 00:00:00.0000000,NULL,5,2025-06-03 01:32:53.0000000,2025,2026-05-18 02:04:05.9300000,2026-05-18 02:04:05.9300000,NULL,NULL,NULL,NULL,NULL,NULL,NULL,NULL,NULL,NULL,NULL,NULL,NULL
196,1174,MA000087,1385,20.2(f)(i),"Milling, distillery, refinery and maintenance",Carting and/or handling cement,0,15.5500,Percent,BR92608,4.3700,per day,2025-07-01 00:00:00.0000000,NULL,5,2025-06-03 01:32:53.0000000,2025,2026-05-18 02:04:05.9633333,2026-05-18 02:04:05.9633333,NULL,NULL,NULL,NULL,NULL,NULL,NULL,NULL,NULL,NULL,NULL,NULL,NULL
197,1176,MA000087,1386,20.2(g)(i),"Milling, distillery, refinery and maintenance",Chimney stacks—cleaning and tarring or painting—first 4 hours,0,20.7400,Percent,BR92608,5.8300,per first 4 hours or any portion thereof,2025-07-01 00:00:00.0000000,NULL,5,2025-06-03 01:32:54.0000000,2025,2026-05-18 02:04:05.9966667,2026-05-18 02:04:05.9966667,NULL,NULL,NULL,NULL,NULL,NULL,NULL,NULL,NULL,NULL,NULL,NULL,NULL
198,12154,MA000087,23164,20.2(g)(ii),"Milling, distillery, refinery and maintenance",Chimney stacks—cleaning and tarring or painting—per hour thereafter,0,4.2500,Percent,BR92608,1.2000,per hour,2025-07-01 00:00:00.0000000,NULL,5,2025-06-03 01:32:53.0000000,2025,2026-05-18 02:04:06.0266667,2026-05-18 02:04:06.0266667,NULL,NULL,NULL,NULL,NULL,NULL,NULL,NULL,NULL,NULL,NULL,NULL,NULL
199,1180,MA000087,1387,20.2(h),"Milling, distillery, refinery and maintenance",Chipping rollers with pneumatic chisels—minimum per day,0,19.1300,Percent,BR92608,5.3800,minimum per day,2025-07-01 00:00:00.0000000,NULL,5,2025-06-03 01:32:55.0000000,2025,2026-05-18 02:04:06.0566667,2026-05-18 02:04:06.0566667,NULL,NULL,NULL,NULL,NULL,NULL,NULL,NULL,NULL,NULL,NULL,NULL,NULL
200,1179,MA000087,1387,20.2(h),"Milling, distillery, refinery and maintenance",Chipping rollers with pneumatic chisels—per hour,0,3.7600,Percent,BR92608,1.0600,per hour,2025-07-01 00:00:00.0000000,NULL,5,2025-06-03 01:32:54.0000000,2025,2026-05-18 02:04:06.1133333,2026-05-18 02:04:06.1133333,NULL,NULL,NULL,NULL,NULL,NULL,NULL,NULL,NULL,NULL,NULL,NULL,NULL
201,1181,MA000087,1388,20.2(i),"Milling, distillery, refinery and maintenance","Cleaner, greaser or oiler—stops or starts engine under supervision",0,148.0000,Percent,BR92608,41.6200,per week,2025-07-01 00:00:00.0000000,NULL,5,2025-06-03 01:32:53.0000000,2025,2026-05-18 02:04:06.1400000,2026-05-18 02:04:06.1400000,NULL,NULL,NULL,NULL,NULL,NULL,NULL,NULL,NULL,NULL,NULL,NULL,NULL
202,1182,MA000087,1389,20.2(j),"Milling, distillery, refinery and maintenance",Cleaning dirty machinery,0,2.5500,Percent,BR92608,0.7200,per hour,2025-07-01 00:00:00.0000000,NULL,5,2025-06-03 01:32:53.0000000,2025,2026-05-18 02:04:06.1866667,2026-05-18 02:04:06.1866667,NULL,NULL,NULL,NULL,NULL,NULL,NULL,NULL,NULL,NULL,NULL,NULL,NULL
203,1183,MA000087,1390,20.2(k),"Milling, distillery, refinery and maintenance",Cleaning dirty molasses tanks,0,2.5500,Percent,BR92608,0.7200,per hour,2025-07-01 00:00:00.0000000,NULL,5,2025-06-03 01:32:53.0000000,2025,2026-05-18 02:04:06.2200000,2026-05-18 02:04:06.2200000,NULL,NULL,NULL,NULL,NULL,NULL,NULL,NULL,NULL,NULL,NULL,NULL,NULL
204,1184,MA000087,1391,20.2(l),"Milling, distillery, refinery and maintenance",Cleaning under carrier,0,2.5500,Percent,BR92608,0.7200,per hour,2025-07-01 00:00:00.0000000,NULL,5,2025-06-03 01:32:53.0000000,2025,2026-05-18 02:04:06.2500000,2026-05-18 02:04:06.2500000,NULL,NULL,NULL,NULL,NULL,NULL,NULL,NULL,NULL,NULL,NULL,NULL,NULL
205,1185,MA000087,1392,20.2(m),"Milling, distillery, refinery and maintenance",Confined spaces,0,3.4900,Percent,BR92608,0.9800,per hour,2025-07-01 00:00:00.0000000,NULL,5,2025-06-03 01:32:53.0000000,2025,2026-05-18 02:04:06.2800000,2026-05-18 02:04:06.2800000,NULL,NULL,NULL,NULL,NULL,NULL,NULL,NULL,NULL,NULL,NULL,NULL,NULL
206,1197,MA000087,1401,20.2(u)(i),"Milling, distillery, refinery and maintenance",Crushing season—juice superheaters,0,3.4000,Percent,BR92608,0.9600,per hour,2025-07-01 00:00:00.0000000,NULL,5,2025-06-03 01:32:53.0000000,2025,2026-05-18 02:04:06.3066667,2026-05-18 02:04:06.3066667,NULL,NULL,NULL,NULL,NULL,NULL,NULL,NULL,NULL,NULL,NULL,NULL,NULL
207,1189,MA000087,1395,20.2(n)(iii),"Milling, distillery, refinery and maintenance",Employee handling building blocks—over 18 kg,0,7.1500,Percent,BR92608,2.0100,per hour,2025-07-01 00:00:00.0000000,NULL,5,2025-06-03 01:32:53.0000000,2025,2026-05-18 02:04:06.3333333,2026-05-18 02:04:06.3333333,NULL,NULL,NULL,NULL,NULL,NULL,NULL,NULL,NULL,NULL,NULL,NULL,NULL
208,1187,MA000087,1393,20.2(n)(i),"Milling, distillery, refinery and maintenance",Employee handling building blocks—over 5.5 kg to 9 kg,0,2.8700,Percent,BR92608,0.8100,per hour,2025-07-01 00:00:00.0000000,NULL,5,2025-06-03 01:32:55.0000000,2025,2026-05-18 02:04:06.3600000,2026-05-18 02:04:06.3600000,NULL,NULL,NULL,NULL,NULL,NULL,NULL,NULL,NULL,NULL,NULL,NULL,NULL
209,1188,MA000087,1394,20.2(n)(ii),"Milling, distillery, refinery and maintenance",Employee handling building blocks—over 9 kg to 18 kg,0,4.9200,Percent,BR92608,1.3800,per hour,2025-07-01 00:00:00.0000000,NULL,5,2025-06-03 01:32:54.0000000,2025,2026-05-18 02:04:06.4366667,2026-05-18 02:04:06.4366667,NULL,NULL,NULL,NULL,NULL,NULL,NULL,NULL,NULL,NULL,NULL,NULL,NULL
210,1167,MA000087,1379,18.2(a),NULL,Field sector,0,NULL,NULL,NULL,NULL,NULL,2025-07-01 00:00:00.0000000,NULL,5,2025-06-03 01:32:54.0000000,2025,2026-05-18 02:04:06.5000000,2026-05-18 02:04:06.5000000,NULL,NULL,NULL,NULL,NULL,NULL,NULL,NULL,NULL,NULL,NULL,NULL,NULL
211,1220,MA000087,1418,22.2(a),Bulk sugar terminal operations,First aid allowance,0,99.1100,Percent,BR92608,27.8700,per week,2025-07-01 00:00:00.0000000,NULL,5,2025-06-03 01:32:54.0000000,2025,2026-05-18 02:04:06.5366667,2026-05-18 02:04:06.5366667,NULL,NULL,NULL,NULL,NULL,NULL,NULL,NULL,NULL,NULL,NULL,NULL,NULL
212,1190,MA000087,1396,20.2(o),"Milling, distillery, refinery and maintenance",First aid allowance,0,59.5900,Percent,BR92608,16.7600,per week,2025-07-01 00:00:00.0000000,NULL,5,2025-06-03 01:32:54.0000000,2025,2026-05-18 02:04:06.5700000,2026-05-18 02:04:06.5700000,NULL,NULL,NULL,NULL,NULL,NULL,NULL,NULL,NULL,NULL,NULL,NULL,NULL
213,1191,MA000087,1397,20.2(p),"Milling, distillery, refinery and maintenance",Grinding shredder hammer—minimum of 4 hours,0,2.2600,Percent,BR92608,0.6400,per hour with 4 hour minimum,2025-07-01 00:00:00.0000000,NULL,5,2025-06-03 01:32:54.0000000,2025,2026-05-18 02:04:06.5966667,2026-05-18 02:04:06.5966667,NULL,NULL,NULL,NULL,NULL,NULL,NULL,NULL,NULL,NULL,NULL,NULL,NULL
214,1192,MA000087,1398,20.2(q),"Milling, distillery, refinery and maintenance",Handling molasses,0,2.7800,Percent,BR92608,0.7800,per hour,2025-07-01 00:00:00.0000000,NULL,5,2025-06-03 01:32:54.0000000,2025,2026-05-18 02:04:06.6233333,2026-05-18 02:04:06.6233333,NULL,NULL,NULL,NULL,NULL,NULL,NULL,NULL,NULL,NULL,NULL,NULL,NULL
215,1194,MA000087,1399,20.2(r)(i),"Milling, distillery, refinery and maintenance",Height money—15.24 m to 22.86 m,0,1.6600,Percent,BR92608,0.4700,per hour,2025-07-01 00:00:00.0000000,NULL,5,2025-06-03 01:32:55.0000000,2025,2026-05-18 02:04:06.6566667,2026-05-18 02:04:06.6566667,NULL,NULL,NULL,NULL,NULL,NULL,NULL,NULL,NULL,NULL,NULL,NULL,NULL
216,12155,MA000087,23165,20.2(r)(ii),"Milling, distillery, refinery and maintenance",Height money—more than 22.86 m,0,2.5500,Percent,BR92608,0.7200,per hour,2025-07-01 00:00:00.0000000,NULL,5,2025-06-03 01:32:54.0000000,2025,2026-05-18 02:04:06.6866667,2026-05-18 02:04:06.6866667,NULL,NULL,NULL,NULL,NULL,NULL,NULL,NULL,NULL,NULL,NULL,NULL,NULL
217,1196,MA000087,1400,20.2(s),"Milling, distillery, refinery and maintenance",High pressure cleaning machine,0,2.5500,Percent,BR92608,0.7200,per hour,2025-07-01 00:00:00.0000000,NULL,5,2025-06-03 01:32:54.0000000,2025,2026-05-18 02:04:06.7300000,2026-05-18 02:04:06.7300000,NULL,NULL,NULL,NULL,NULL,NULL,NULL,NULL,NULL,NULL,NULL,NULL,NULL
218,1200,MA000087,1403,20.2(v)(ii),"Milling, distillery, refinery and maintenance","Insulation work—handling charcoal, pumice, slagwool, insulwool or other loose material",0,3.2900,Percent,BR92608,0.9300,per hour,2025-07-01 00:00:00.0000000,NULL,5,2025-06-03 01:32:54.0000000,2025,2026-05-18 02:04:06.7800000,2026-05-18 02:04:06.7800000,NULL,NULL,NULL,NULL,NULL,NULL,NULL,NULL,NULL,NULL,NULL,NULL,NULL
219,1201,MA000087,1404,20.2(v)(iii),"Milling, distillery, refinery and maintenance",Insulation work—using hot bitumen or fixing insulation materials with hot bitumen,0,3.4900,Percent,BR92608,0.9800,per hour,2025-07-01 00:00:00.0000000,NULL,5,2025-06-03 01:32:54.0000000,2025,2026-05-18 02:04:06.8100000,2026-05-18 02:04:06.8100000,NULL,NULL,NULL,NULL,NULL,NULL,NULL,NULL,NULL,NULL,NULL,NULL,NULL
220,1199,MA000087,1402,20.2(v)(i),"Milling, distillery, refinery and maintenance","Insulation work—working in dust-laden atmosphere—insulating, deafening or pugging work",0,3.4900,Percent,BR92608,0.9800,per hour,2025-07-01 00:00:00.0000000,NULL,5,2025-06-03 01:32:55.0000000,2025,2026-05-18 02:04:06.8433333,2026-05-18 02:04:06.8433333,NULL,NULL,NULL,NULL,NULL,NULL,NULL,NULL,NULL,NULL,NULL,NULL,NULL
221,1203,MA000087,1406,20.2(w),"Milling, distillery, refinery and maintenance",Lagging steam pipes,0,2.5500,Percent,BR92608,0.7200,per hour,2025-07-01 00:00:00.0000000,NULL,5,2025-06-03 01:32:54.0000000,2025,2026-05-18 02:04:06.8600000,2026-05-18 02:04:06.8600000,NULL,NULL,NULL,NULL,NULL,NULL,NULL,NULL,NULL,NULL,NULL,NULL,NULL
222,1169,MA000087,1380,20.2,NULL,"Milling, distillery, refinery and maintenance",0,NULL,NULL,NULL,NULL,NULL,2025-07-01 00:00:00.0000000,NULL,5,2025-06-03 01:32:54.0000000,2025,2026-05-18 02:04:06.9100000,2026-05-18 02:04:06.9100000,NULL,NULL,NULL,NULL,NULL,NULL,NULL,NULL,NULL,NULL,NULL,NULL,NULL
223,1206,MA000087,1407,20.2(x),"Milling, distillery, refinery and maintenance",Operating jackhammers—minimum per day,0,13.1100,Percent,BR92608,3.6900,minimum per day,2025-07-01 00:00:00.0000000,NULL,5,2025-06-03 01:32:55.0000000,2025,2026-05-18 02:04:06.9566667,2026-05-18 02:04:06.9566667,NULL,NULL,NULL,NULL,NULL,NULL,NULL,NULL,NULL,NULL,NULL,NULL,NULL
224,1205,MA000087,1407,20.2(x),"Milling, distillery, refinery and maintenance",Operating jackhammers—per hour,0,2.5500,Percent,BR92608,0.7200,per hour,2025-07-01 00:00:00.0000000,NULL,5,2025-06-03 01:32:55.0000000,2025,2026-05-18 02:04:06.9766667,2026-05-18 02:04:06.9766667,NULL,NULL,NULL,NULL,NULL,NULL,NULL,NULL,NULL,NULL,NULL,NULL,NULL
225,1207,MA000087,1408,20.2(y),"Milling, distillery, refinery and maintenance",Pressure welding allowance,0,126.9400,Percent,BR92608,35.7000,per week,2025-07-01 00:00:00.0000000,NULL,5,2025-06-03 01:32:54.0000000,2025,2026-05-18 02:04:07.0266667,2026-05-18 02:04:07.0266667,NULL,NULL,NULL,NULL,NULL,NULL,NULL,NULL,NULL,NULL,NULL,NULL,NULL
226,1209,MA000087,1409,20.2(z)(i),"Milling, distillery, refinery and maintenance",Re-bagging lime—general mill workers,0,2.7800,Percent,BR92608,0.7800,per hour,2025-07-01 00:00:00.0000000,NULL,5,2025-06-03 01:32:55.0000000,2025,2026-05-18 02:04:07.0766667,2026-05-18 02:04:07.0766667,NULL,NULL,NULL,NULL,NULL,NULL,NULL,NULL,NULL,NULL,NULL,NULL,NULL
227,12156,MA000087,23166,20.2(z)(ii),"Milling, distillery, refinery and maintenance",Re-bagging lime—shovelling or handling bagged lime—all workers,0,2.7800,Percent,BR92608,0.7800,per hour,2025-07-01 00:00:00.0000000,NULL,5,2025-06-03 01:32:54.0000000,2025,2026-05-18 02:04:07.1200000,2026-05-18 02:04:07.1200000,NULL,NULL,NULL,NULL,NULL,NULL,NULL,NULL,NULL,NULL,NULL,NULL,NULL
228,1211,MA000087,1410,20.2(aa),"Milling, distillery, refinery and maintenance",Repair work—tradespersons,0,3.5100,Percent,BR92608,0.9900,per hour,2025-07-01 00:00:00.0000000,NULL,5,2025-06-03 01:32:54.0000000,2025,2026-05-18 02:04:07.1766667,2026-05-18 02:04:07.1766667,NULL,NULL,NULL,NULL,NULL,NULL,NULL,NULL,NULL,NULL,NULL,NULL,NULL
229,1212,MA000087,1411,20.2(bb),"Milling, distillery, refinery and maintenance",Shot blast or sand blast,0,2.5500,Percent,BR92608,0.7200,per hour,2025-07-01 00:00:00.0000000,NULL,6,2025-06-03 01:32:54.0000000,2025,2026-05-18 02:04:07.2066667,2026-05-18 02:04:07.2066667,NULL,NULL,NULL,NULL,NULL,NULL,NULL,NULL,NULL,NULL,NULL,NULL,NULL
230,1216,MA000087,1414,20.2(cc)(iii),"Milling, distillery, refinery and maintenance",Spot welding mill rollers—automatic spot welding during crushing season while crushing in progress,0,10.1300,Percent,BR92608,2.8500,per hour,2025-07-01 00:00:00.0000000,NULL,5,2025-06-03 01:32:54.0000000,2025,2026-05-18 02:04:07.2566667,2026-05-18 02:04:07.2566667,NULL,NULL,NULL,NULL,NULL,NULL,NULL,NULL,NULL,NULL,NULL,NULL,NULL
231,1217,MA000087,1415,20.2(cc)(iv),"Milling, distillery, refinery and maintenance",Spot welding mill rollers—automatic spot welding during crushing season while crushing not in progress,0,5.0700,Percent,BR92608,1.4300,per hour,2025-07-01 00:00:00.0000000,NULL,5,2025-06-03 01:32:54.0000000,2025,2026-05-18 02:04:07.2933333,2026-05-18 02:04:07.2933333,NULL,NULL,NULL,NULL,NULL,NULL,NULL,NULL,NULL,NULL,NULL,NULL,NULL
232,1215,MA000087,1413,20.2(cc)(ii),"Milling, distillery, refinery and maintenance",Spot welding mill rollers—during crushing season while crushing not in progress,0,9.9700,Percent,BR92608,2.8000,per hour,2025-07-01 00:00:00.0000000,NULL,5,2025-06-03 01:32:54.0000000,2025,2026-05-18 02:04:07.3300000,2026-05-18 02:04:07.3300000,NULL,NULL,NULL,NULL,NULL,NULL,NULL,NULL,NULL,NULL,NULL,NULL,NULL
233,1214,MA000087,1412,20.2(cc)(i),"Milling, distillery, refinery and maintenance",Spot welding mill rollers—in operation while crushing in progress,0,19.8700,Percent,BR92608,5.5900,per hour,2025-07-01 00:00:00.0000000,NULL,5,2025-06-03 01:32:55.0000000,2025,2026-05-18 02:04:07.3800000,2026-05-18 02:04:07.3800000,NULL,NULL,NULL,NULL,NULL,NULL,NULL,NULL,NULL,NULL,NULL,NULL,NULL
234,1168,MA000087,1379,18.2(a),Field sector,Work in water and cleaning drains,0,4.4700,Percent,BR92608,1.2600,per hour,2025-07-01 00:00:00.0000000,NULL,5,2025-06-03 01:32:55.0000000,2025,2026-05-18 02:04:07.4300000,2026-05-18 02:04:07.4300000,NULL,NULL,NULL,NULL,NULL,NULL,NULL,NULL,NULL,NULL,NULL,NULL,NULL
235,1218,MA000087,1416,20.2(ee),"Milling, distillery, refinery and maintenance",Work in water and cleaning drains at a depth of 76.2cm or more,0,2.2400,Percent,BR92608,0.6300,per hour,2025-07-01 00:00:00.0000000,NULL,5,2025-06-03 01:32:54.0000000,2025,2026-05-18 02:04:07.4700000,2026-05-18 02:04:07.4700000,NULL,NULL,NULL,NULL,NULL,NULL,NULL,NULL,NULL,NULL,NULL,NULL,NULL
236,1171,MA000087,1382,20.2(b)(i),"Milling, distillery, refinery and maintenance",Working with or in close proximity to asbestos allowance,0,3.3000,Percent,BR92608,0.9300,per hour,2025-07-01 00:00:00.0000000,NULL,5,2025-06-03 01:32:54.0000000,2025,2026-05-18 02:04:07.5000000,2026-05-18 02:04:07.5000000,NULL,NULL,NULL,NULL,NULL,NULL,NULL,NULL,NULL,NULL,NULL,NULL,NULL
237,1221,MA000087,1419,22.2(b),Bulk sugar terminal operations,Workplace co-ordinators allowance,0,1.6500,Percent,BR92608,0.4600,per hour,2025-07-01 00:00:00.0000000,NULL,5,2025-06-03 01:32:54.0000000,2025,2026-05-18 02:04:07.5266667,2026-05-18 02:04:07.5266667,NULL,NULL,NULL,NULL,NULL,NULL,NULL,NULL,NULL,NULL,NULL,NULL,NULL
238,1223,MA000088,1421,17.2(a)(ii),NULL,Availability allowance—1 in 4 weeks or less,0,26.0000,Percent,BR116344,277.9700,per week,2025-07-01 00:00:00.0000000,NULL,7,2025-06-03 01:37:05.0000000,2025,2026-05-18 02:04:07.5766667,2026-05-18 02:04:07.5766667,NULL,NULL,NULL,NULL,NULL,NULL,NULL,NULL,NULL,NULL,NULL,NULL,NULL
239,1222,MA000088,1420,17.2(a)(i),NULL,Availability allowance—1 in 5 weeks or more,0,18.0000,Percent,BR116344,192.4400,per week,2025-07-01 00:00:00.0000000,NULL,7,2025-06-03 01:37:05.0000000,2025,2026-05-18 02:04:07.6233333,2026-05-18 02:04:07.6233333,NULL,NULL,NULL,NULL,NULL,NULL,NULL,NULL,NULL,NULL,NULL,NULL,NULL
240,1229,MA000088,1426,17.2(e)(i),NULL,Briquette factory allowance,0,8.5000,Percent,BR116344,90.8700,per week,2025-07-01 00:00:00.0000000,NULL,6,2025-06-03 01:37:05.0000000,2025,2026-05-18 02:04:07.6533333,2026-05-18 02:04:07.6533333,NULL,NULL,NULL,NULL,NULL,NULL,NULL,NULL,NULL,NULL,NULL,NULL,NULL
241,1230,MA000088,1427,17.2(f),NULL,Coal handling allowance,0,11.0000,Percent,BR116344,117.6000,per week,2025-07-01 00:00:00.0000000,NULL,6,2025-06-03 01:37:05.0000000,2025,2026-05-18 02:04:07.6800000,2026-05-18 02:04:07.6800000,NULL,NULL,NULL,NULL,NULL,NULL,NULL,NULL,NULL,NULL,NULL,NULL,NULL
242,1224,MA000088,1422,17.2(b)(i),NULL,First aid allowance,0,1.9000,Percent,BR116344,20.3100,per week,2025-07-01 00:00:00.0000000,NULL,6,2025-06-03 01:37:05.0000000,2025,2026-05-18 02:04:07.7233333,2026-05-18 02:04:07.7233333,NULL,NULL,NULL,NULL,NULL,NULL,NULL,NULL,NULL,NULL,NULL,NULL,NULL
243,1228,MA000088,1425,17.2(d),NULL,Open cut brown coal mine allowance,0,11.0000,Percent,BR116344,117.6000,per week,2025-07-01 00:00:00.0000000,NULL,6,2025-06-03 01:37:05.0000000,2025,2026-05-18 02:04:07.7600000,2026-05-18 02:04:07.7600000,NULL,NULL,NULL,NULL,NULL,NULL,NULL,NULL,NULL,NULL,NULL,NULL,NULL
244,1226,MA000088,1423,17.2(c)(i),NULL,"Power station allowance—Professional, managerial, specialist or administrative employees",0,2.0500,Percent,BR116344,21.9200,per week,2025-07-01 00:00:00.0000000,NULL,6,2025-06-03 01:37:05.0000000,2025,2026-05-18 02:04:07.7966667,2026-05-18 02:04:07.7966667,NULL,NULL,NULL,NULL,NULL,NULL,NULL,NULL,NULL,NULL,NULL,NULL,NULL
245,1227,MA000088,1424,17.2(c)(ii),NULL,Power station allowance—Technical or operations employees,0,7.0000,Percent,BR116344,74.8400,per week,2025-07-01 00:00:00.0000000,NULL,6,2025-06-03 01:37:05.0000000,2025,2026-05-18 02:04:07.8333333,2026-05-18 02:04:07.8333333,NULL,NULL,NULL,NULL,NULL,NULL,NULL,NULL,NULL,NULL,NULL,NULL,NULL
246,1231,MA000088,1428,17.2(g),NULL,Transmission allowance—work on overhead/underground power lines or associated plant or equipment,0,6.0000,Percent,BR116344,64.1500,per week,2025-07-01 00:00:00.0000000,NULL,6,2025-06-03 01:37:05.0000000,2025,2026-05-18 02:04:07.8700000,2026-05-18 02:04:07.8700000,NULL,NULL,NULL,NULL,NULL,NULL,NULL,NULL,NULL,NULL,NULL,NULL,NULL
247,1239,MA000089,1431,18.5(a),hourly standard rate,Confined spaces allowance,0,3.6900,Percent,BR92751,1.0400,per hour,2025-07-01 00:00:00.0000000,NULL,5,2025-06-03 01:27:03.0000000,2025,2026-05-18 02:04:07.9200000,2026-05-18 02:04:07.9200000,NULL,NULL,NULL,NULL,NULL,NULL,NULL,NULL,NULL,NULL,NULL,NULL,NULL
248,1240,MA000089,1432,18.6(a),hourly standard rate,Dirty work allowance,0,2.8600,Percent,BR92751,0.8000,per hour,2025-07-01 00:00:00.0000000,NULL,5,2025-06-03 01:27:03.0000000,2025,2026-05-18 02:04:07.9600000,2026-05-18 02:04:07.9600000,NULL,NULL,NULL,NULL,NULL,NULL,NULL,NULL,NULL,NULL,NULL,NULL,NULL
249,1241,MA000089,1433,18.6(b),hourly standard rate,Dirty work—minimum per day or shift,0,11.2000,Percent,BR92751,3.1500,per day or shift,2025-07-01 00:00:00.0000000,NULL,5,2025-06-03 01:27:03.0000000,2025,2026-05-18 02:04:08.0100000,2026-05-18 02:04:08.0100000,NULL,NULL,NULL,NULL,NULL,NULL,NULL,NULL,NULL,NULL,NULL,NULL,NULL
250,1268,MA000089,1454,16.4(c),weekly standard rate,Driver driving—tow truck,0,2.5200,Percent,BR92751,26.9200,per week,2025-07-01 00:00:00.0000000,NULL,5,2025-06-03 01:27:04.0000000,2025,2026-05-18 02:04:08.0500000,2026-05-18 02:04:08.0500000,NULL,NULL,NULL,NULL,NULL,NULL,NULL,NULL,NULL,NULL,NULL,NULL,NULL
251,1238,MA000089,1430,18.4(b),hourly standard rate,Driver handling money—over $1000,0,47.7900,Percent,BR92751,13.4400,per week,2025-07-01 00:00:00.0000000,NULL,5,2025-06-03 01:27:05.0000000,2025,2026-05-18 02:04:08.0900000,2026-05-18 02:04:08.0900000,NULL,NULL,NULL,NULL,NULL,NULL,NULL,NULL,NULL,NULL,NULL,NULL,NULL
252,1235,MA000089,1430,18.4(b),hourly standard rate,Driver handling money—over $20 but not exceeding $200,0,14.0600,Percent,BR92751,3.9500,per week,2025-07-01 00:00:00.0000000,NULL,5,2025-06-03 01:27:05.0000000,2025,2026-05-18 02:04:08.1433333,2026-05-18 02:04:08.1433333,NULL,NULL,NULL,NULL,NULL,NULL,NULL,NULL,NULL,NULL,NULL,NULL,NULL
253,1236,MA000089,1430,18.4(b),hourly standard rate,Driver handling money—over $200 but not exceeding $600,0,26.6400,Percent,BR92751,7.4900,per week,2025-07-01 00:00:00.0000000,NULL,5,2025-06-03 01:27:05.0000000,2025,2026-05-18 02:04:08.1900000,2026-05-18 02:04:08.1900000,NULL,NULL,NULL,NULL,NULL,NULL,NULL,NULL,NULL,NULL,NULL,NULL,NULL
254,1237,MA000089,1430,18.4(b),hourly standard rate,Driver handling money—over $600 but not exceeding $1000,0,33.7900,Percent,BR92751,9.5000,per week,2025-07-01 00:00:00.0000000,NULL,5,2025-06-03 01:27:05.0000000,2025,2026-05-18 02:04:08.2333333,2026-05-18 02:04:08.2333333,NULL,NULL,NULL,NULL,NULL,NULL,NULL,NULL,NULL,NULL,NULL,NULL,NULL
255,1234,MA000089,1430,18.4(b),hourly standard rate,Driver handling money—up to $20,0,7.6900,Percent,BR92751,2.1600,per week,2025-07-01 00:00:00.0000000,NULL,5,2025-06-03 01:27:05.0000000,2025,2026-05-18 02:04:08.2766667,2026-05-18 02:04:08.2766667,NULL,NULL,NULL,NULL,NULL,NULL,NULL,NULL,NULL,NULL,NULL,NULL,NULL
256,1267,MA000089,1453,16.4(b),weekly standard rate,Driver of articulated vehicle—per additional complete tonne over 10 tonnes,0,0.1800,Percent,BR92751,1.9200,per week,2025-07-01 00:00:00.0000000,NULL,5,2025-06-03 01:27:04.0000000,2025,2026-05-18 02:04:08.3233333,2026-05-18 02:04:08.3233333,NULL,NULL,NULL,NULL,NULL,NULL,NULL,NULL,NULL,NULL,NULL,NULL,NULL
257,1256,MA000089,1446,16.4(a)(iii),hourly standard rate,Driver of commercial vehicle—Drawing a loaded trailer,0,16.9200,Percent,BR92751,4.7600,per day,2025-07-01 00:00:00.0000000,NULL,5,2025-06-03 01:27:04.0000000,2025,2026-05-18 02:04:08.3700000,2026-05-18 02:04:08.3700000,NULL,NULL,NULL,NULL,NULL,NULL,NULL,NULL,NULL,NULL,NULL,NULL,NULL
258,1255,MA000089,1445,16.4(a)(ii),hourly standard rate,Driver of commercial vehicle—Drawing an empty trailer,0,9.3600,Percent,BR92751,2.6300,per day,2025-07-01 00:00:00.0000000,NULL,5,2025-06-03 01:27:05.0000000,2025,2026-05-18 02:04:08.4100000,2026-05-18 02:04:08.4100000,NULL,NULL,NULL,NULL,NULL,NULL,NULL,NULL,NULL,NULL,NULL,NULL,NULL
259,1266,MA000089,1452,16.4(a)(i),weekly standard rate,Driver of commercial vehicle—per additional complete tonne over 8 tonnes,0,0.1900,Percent,BR92751,2.0300,per week,2025-07-01 00:00:00.0000000,NULL,5,2025-06-03 01:27:05.0000000,2025,2026-05-18 02:04:08.4500000,2026-05-18 02:04:08.4500000,NULL,NULL,NULL,NULL,NULL,NULL,NULL,NULL,NULL,NULL,NULL,NULL,NULL
260,1262,MA000089,1449,18.3,weekly standard rate,First aid allowance,0,2.0000,Percent,BR92751,21.3700,per week,2025-07-01 00:00:00.0000000,NULL,5,2025-06-03 01:27:04.0000000,2025,2026-05-18 02:04:08.4933333,2026-05-18 02:04:08.4933333,NULL,NULL,NULL,NULL,NULL,NULL,NULL,NULL,NULL,NULL,NULL,NULL,NULL
261,1264,MA000089,1451,18.14,weekly standard rate,Fork-lifts or cranes—2 or more in one lift,0,0.2900,Percent,BR92751,3.1000,per day,2025-07-01 00:00:00.0000000,NULL,5,2025-06-03 01:27:04.0000000,2025,2026-05-18 02:04:08.5400000,2026-05-18 02:04:08.5400000,NULL,NULL,NULL,NULL,NULL,NULL,NULL,NULL,NULL,NULL,NULL,NULL,NULL
262,1247,MA000089,1438,18.10,hourly standard rate,Handling garbage—vehicle driver or assistant,0,2.8600,Percent,BR92751,0.8000,per hour,2025-07-01 00:00:00.0000000,NULL,5,2025-06-03 01:27:04.0000000,2025,2026-05-18 02:04:08.5866667,2026-05-18 02:04:08.5866667,NULL,NULL,NULL,NULL,NULL,NULL,NULL,NULL,NULL,NULL,NULL,NULL,NULL
263,1246,MA000089,1437,18.9,hourly standard rate,Handling glass or slag wool,0,3.6900,Percent,BR92751,1.0400,per hour,2025-07-01 00:00:00.0000000,NULL,5,2025-06-03 01:27:04.0000000,2025,2026-05-18 02:04:08.6300000,2026-05-18 02:04:08.6300000,NULL,NULL,NULL,NULL,NULL,NULL,NULL,NULL,NULL,NULL,NULL,NULL,NULL
264,1244,MA000089,1435,18.7(a)(ii),hourly standard rate,Hot places allowance—temperature artificially raised over 54°C,0,3.6900,Percent,BR92751,1.0400,per hour,2025-07-01 00:00:00.0000000,NULL,5,2025-06-03 01:27:04.0000000,2025,2026-05-18 02:04:08.6700000,2026-05-18 02:04:08.6700000,NULL,NULL,NULL,NULL,NULL,NULL,NULL,NULL,NULL,NULL,NULL,NULL,NULL
265,1243,MA000089,1434,18.7(a)(i),hourly standard rate,Hot places allowance—temperature artificially raised to between 46 and 54°C,0,2.8600,Percent,BR92751,0.8000,per hour,2025-07-01 00:00:00.0000000,NULL,5,2025-06-03 01:27:05.0000000,2025,2026-05-18 02:04:08.7166667,2026-05-18 02:04:08.7166667,NULL,NULL,NULL,NULL,NULL,NULL,NULL,NULL,NULL,NULL,NULL,NULL,NULL
266,1251,MA000089,1442,18.13,hourly standard rate,Large tyre fitting—offsite,0,4.2300,Percent,BR92751,1.1900,per day,2025-07-01 00:00:00.0000000,NULL,5,2025-06-03 01:27:04.0000000,2025,2026-05-18 02:04:08.7600000,2026-05-18 02:04:08.7600000,NULL,NULL,NULL,NULL,NULL,NULL,NULL,NULL,NULL,NULL,NULL,NULL,NULL
267,1259,MA000089,1447,18.2,weekly standard rate,Leading hand in charge of—more than 10 and not more than 20 employees,0,6.5400,Percent,BR92751,69.8700,per week,2025-07-01 00:00:00.0000000,NULL,5,2025-06-03 01:27:05.0000000,2025,2026-05-18 02:04:08.8133333,2026-05-18 02:04:08.8133333,NULL,NULL,NULL,NULL,NULL,NULL,NULL,NULL,NULL,NULL,NULL,NULL,NULL
268,1260,MA000089,1447,18.2,weekly standard rate,Leading hand in charge of—more than 20 employees,0,8.3100,Percent,BR92751,88.7800,per week,2025-07-01 00:00:00.0000000,NULL,5,2025-06-03 01:27:05.0000000,2025,2026-05-18 02:04:08.8566667,2026-05-18 02:04:08.8566667,NULL,NULL,NULL,NULL,NULL,NULL,NULL,NULL,NULL,NULL,NULL,NULL,NULL
269,1258,MA000089,1447,18.2,weekly standard rate,Leading hand in charge of—not less than 3 and not more than 10 employees,0,4.3400,Percent,BR92751,46.3700,per week,2025-07-01 00:00:00.0000000,NULL,5,2025-06-03 01:27:05.0000000,2025,2026-05-18 02:04:08.9033333,2026-05-18 02:04:08.9033333,NULL,NULL,NULL,NULL,NULL,NULL,NULL,NULL,NULL,NULL,NULL,NULL,NULL
270,12114,MA000089,23105,28.3(c)(ii),NULL,Payment for work on a Sunday—half day or less is worked,0,10.0000,Percent,BR92740,106.8400,per week,2025-07-01 00:00:00.0000000,NULL,5,2025-06-03 01:27:04.0000000,2025,2026-05-18 02:04:08.9500000,2026-05-18 02:04:08.9500000,NULL,NULL,NULL,NULL,NULL,NULL,NULL,NULL,NULL,NULL,NULL,NULL,NULL
271,12113,MA000089,23104,28.3(c)(i),NULL,Payment for work on a Sunday—more than half day worked,0,20.0000,Percent,BR92740,213.6800,per week,2025-07-01 00:00:00.0000000,NULL,5,2025-06-03 01:27:04.0000000,2025,2026-05-18 02:04:08.9733333,2026-05-18 02:04:08.9733333,NULL,NULL,NULL,NULL,NULL,NULL,NULL,NULL,NULL,NULL,NULL,NULL,NULL
272,1249,MA000089,1440,18.12,hourly standard rate,Slicking with carbon black and hand spraying tyres,0,4.2900,Percent,BR92751,1.2100,per day,2025-07-01 00:00:00.0000000,NULL,5,2025-06-03 01:27:04.0000000,2025,2026-05-18 02:04:09.0233333,2026-05-18 02:04:09.0233333,NULL,NULL,NULL,NULL,NULL,NULL,NULL,NULL,NULL,NULL,NULL,NULL,NULL
273,1245,MA000089,1436,18.8(a),hourly standard rate,Wet places allowance,0,2.5600,Percent,BR92751,0.7200,per hour,2025-07-01 00:00:00.0000000,NULL,5,2025-06-03 01:27:04.0000000,2025,2026-05-18 02:04:09.0433333,2026-05-18 02:04:09.0433333,NULL,NULL,NULL,NULL,NULL,NULL,NULL,NULL,NULL,NULL,NULL,NULL,NULL
274,1248,MA000089,1439,18.11,hourly standard rate,Working on uncleaned vehicle used for livestock transport,0,2.8600,Percent,BR92751,0.8000,per hour,2025-07-01 00:00:00.0000000,NULL,5,2025-06-03 01:27:04.0000000,2025,2026-05-18 02:04:09.0766667,2026-05-18 02:04:09.0766667,NULL,NULL,NULL,NULL,NULL,NULL,NULL,NULL,NULL,NULL,NULL,NULL,NULL
275,1288,MA000090,1464,19.2(i),NULL,Cask firing allowance—maximum per week—an amount of up to,0,119.2000,Percent,BR92836,33.5200,per week,2025-07-01 00:00:00.0000000,NULL,5,2025-06-03 01:24:58.0000000,2025,2026-05-18 02:04:09.1133333,2026-05-18 02:04:09.1133333,NULL,NULL,NULL,NULL,NULL,NULL,NULL,NULL,NULL,NULL,NULL,NULL,NULL
276,1287,MA000090,1464,19.2(i),NULL,Cask firing allowance—per day or part thereof,0,23.8000,Percent,BR92836,6.6900,per day or part thereof,2025-07-01 00:00:00.0000000,NULL,5,2025-06-03 01:24:58.0000000,2025,2026-05-18 02:04:09.1500000,2026-05-18 02:04:09.1500000,NULL,NULL,NULL,NULL,NULL,NULL,NULL,NULL,NULL,NULL,NULL,NULL,NULL
277,1284,MA000090,1462,19.2(g),NULL,Confined spaces allowance,0,1.4000,Percent,BR92836,0.3900,per hour,2025-07-01 00:00:00.0000000,NULL,5,2025-06-03 01:24:58.0000000,2025,2026-05-18 02:04:09.1833333,2026-05-18 02:04:09.1833333,NULL,NULL,NULL,NULL,NULL,NULL,NULL,NULL,NULL,NULL,NULL,NULL,NULL
278,1272,MA000090,1456,19.2(a)(ii),NULL,"Coopers stream leading hand, in charge of—11 to 20 employees",0,207.4000,Percent,BR92836,58.3200,per week,2025-07-01 00:00:00.0000000,NULL,5,2025-06-03 01:24:58.0000000,2025,2026-05-18 02:04:09.2200000,2026-05-18 02:04:09.2200000,NULL,NULL,NULL,NULL,NULL,NULL,NULL,NULL,NULL,NULL,NULL,NULL,NULL
279,1271,MA000090,1456,19.2(a)(ii),NULL,"Coopers stream leading hand, in charge of—3 to 10 employees",0,137.1000,Percent,BR92836,38.5500,per week,2025-07-01 00:00:00.0000000,NULL,5,2025-06-03 01:24:58.0000000,2025,2026-05-18 02:04:09.2566667,2026-05-18 02:04:09.2566667,NULL,NULL,NULL,NULL,NULL,NULL,NULL,NULL,NULL,NULL,NULL,NULL,NULL
280,1273,MA000090,1456,19.2(a)(ii),NULL,"Coopers stream leading hand, in charge of—more than 20 employees",0,266.4000,Percent,BR92836,74.9100,per week,2025-07-01 00:00:00.0000000,NULL,5,2025-06-03 01:24:58.0000000,2025,2026-05-18 02:04:09.2966667,2026-05-18 02:04:09.2966667,NULL,NULL,NULL,NULL,NULL,NULL,NULL,NULL,NULL,NULL,NULL,NULL,NULL
281,1281,MA000090,1459,19.2(c),NULL,First aid allowance—per day,0,15.1000,Percent,BR92836,4.2500,per day,2025-07-01 00:00:00.0000000,NULL,5,2025-06-03 01:24:58.0000000,2025,2026-05-18 02:04:09.3366667,2026-05-18 02:04:09.3366667,NULL,NULL,NULL,NULL,NULL,NULL,NULL,NULL,NULL,NULL,NULL,NULL,NULL
282,1280,MA000090,1459,19.2(c),NULL,First aid allowance—per week,0,75.6000,Percent,BR92836,21.2600,per week,2025-07-01 00:00:00.0000000,NULL,5,2025-06-03 01:24:58.0000000,2025,2026-05-18 02:04:09.3700000,2026-05-18 02:04:09.3700000,NULL,NULL,NULL,NULL,NULL,NULL,NULL,NULL,NULL,NULL,NULL,NULL,NULL
283,1278,MA000090,1458,19.2(b),NULL,Mobile crane operator's allowance,0,1.2000,Percent,BR92836,0.3400,per hour,2025-07-01 00:00:00.0000000,NULL,5,2025-06-03 01:24:58.0000000,2025,2026-05-18 02:04:09.3900000,2026-05-18 02:04:09.3900000,NULL,NULL,NULL,NULL,NULL,NULL,NULL,NULL,NULL,NULL,NULL,NULL,NULL
284,1275,MA000090,1457,19.2(a)(i),NULL,"Other leading hand, in charge of—1 to 4 employees",0,92.4000,Percent,BR92836,25.9800,per week,2025-07-01 00:00:00.0000000,NULL,5,2025-06-03 01:24:58.0000000,2025,2026-05-18 02:04:09.4233333,2026-05-18 02:04:09.4233333,NULL,NULL,NULL,NULL,NULL,NULL,NULL,NULL,NULL,NULL,NULL,NULL,NULL
285,1276,MA000090,1457,19.2(a)(i),NULL,"Other leading hand, in charge of—5 to 10 employees",0,148.7000,Percent,BR92836,41.8100,per week,2025-07-01 00:00:00.0000000,NULL,5,2025-06-03 01:24:58.0000000,2025,2026-05-18 02:04:09.4633333,2026-05-18 02:04:09.4633333,NULL,NULL,NULL,NULL,NULL,NULL,NULL,NULL,NULL,NULL,NULL,NULL,NULL
286,1277,MA000090,1457,19.2(a)(i),NULL,"Other leading hand, in charge of—more than 10 employees",0,227.7000,Percent,BR92836,64.0300,per week,2025-07-01 00:00:00.0000000,NULL,5,2025-06-03 01:24:58.0000000,2025,2026-05-18 02:04:09.4800000,2026-05-18 02:04:09.4800000,NULL,NULL,NULL,NULL,NULL,NULL,NULL,NULL,NULL,NULL,NULL,NULL,NULL
287,1282,MA000090,1460,19.2(e),NULL,Wet work allowance,0,22.6000,Percent,BR92836,6.3600,per day,2025-07-01 00:00:00.0000000,NULL,5,2025-06-03 01:24:58.0000000,2025,2026-05-18 02:04:09.5133333,2026-05-18 02:04:09.5133333,NULL,NULL,NULL,NULL,NULL,NULL,NULL,NULL,NULL,NULL,NULL,NULL,NULL
288,1283,MA000090,1461,19.2(f),NULL,Wine vats allowance,0,4.2000,Percent,BR92836,1.1800,per hour,2025-07-01 00:00:00.0000000,NULL,5,2025-06-03 01:24:58.0000000,2025,2026-05-18 02:04:09.5300000,2026-05-18 02:04:09.5300000,NULL,NULL,NULL,NULL,NULL,NULL,NULL,NULL,NULL,NULL,NULL,NULL,NULL
289,1296,MA000091,1468,34.2(b),NULL,Broadcast Operator’s Certificate of Proficiency allowance,1,1.8000,Percent,BR92844,19.2300,per week,2025-07-01 00:00:00.0000000,NULL,5,2025-06-17 05:37:51.0000000,2025,2026-05-18 02:04:09.5500000,2026-05-18 02:04:09.5500000,NULL,NULL,NULL,NULL,NULL,NULL,NULL,NULL,NULL,NULL,NULL,NULL,NULL
290,1302,MA000091,1471,62.2(a)(i),NULL,Cinemas,0,NULL,NULL,NULL,NULL,NULL,2025-07-01 00:00:00.0000000,NULL,5,2025-06-17 05:37:50.0000000,2025,2026-05-18 02:04:09.5800000,2026-05-18 02:04:09.5800000,NULL,NULL,NULL,NULL,NULL,NULL,NULL,NULL,NULL,NULL,NULL,NULL,NULL
291,12230,MA000091,23312,15.2(a)(ii),NULL,First aid allowance—per hour,0,2.0000,Percent,BR92844,0.5600,per hour,2025-07-01 00:00:00.0000000,NULL,5,2025-06-17 05:37:50.0000000,2025,2026-05-18 02:04:09.6166667,2026-05-18 02:04:09.6166667,NULL,NULL,NULL,NULL,NULL,NULL,NULL,NULL,NULL,NULL,NULL,NULL,NULL
292,1291,MA000091,1465,15.2(a)(i),NULL,First aid allowance—per week,0,2.0000,Percent,BR92844,21.3700,per week,2025-07-01 00:00:00.0000000,NULL,5,2025-06-17 05:37:51.0000000,2025,2026-05-18 02:04:09.6466667,2026-05-18 02:04:09.6466667,NULL,NULL,NULL,NULL,NULL,NULL,NULL,NULL,NULL,NULL,NULL,NULL,NULL
293,1289,MA000091,1465,15.2(a)(i),NULL,General,0,NULL,NULL,NULL,NULL,NULL,2025-07-01 00:00:00.0000000,NULL,5,2025-06-17 05:37:51.0000000,2025,2026-05-18 02:04:09.6666667,2026-05-18 02:04:09.6666667,NULL,NULL,NULL,NULL,NULL,NULL,NULL,NULL,NULL,NULL,NULL,NULL,NULL
294,12012,MA000091,23011,13.9(c),NULL,General,0,NULL,NULL,NULL,NULL,NULL,2025-07-01 00:00:00.0000000,NULL,5,2025-06-17 05:37:50.0000000,2025,2026-05-18 02:04:09.7000000,2026-05-18 02:04:09.7000000,NULL,NULL,NULL,NULL,NULL,NULL,NULL,NULL,NULL,NULL,NULL,NULL,NULL
295,1299,MA000091,1470,34.2(i),NULL,Height allowance—15 metres to 50 metres,0,0.9300,Percent,BR92844,9.9400,per shift,2025-07-01 00:00:00.0000000,NULL,5,2025-06-17 05:37:51.0000000,2025,2026-05-18 02:04:09.7366667,2026-05-18 02:04:09.7366667,NULL,NULL,NULL,NULL,NULL,NULL,NULL,NULL,NULL,NULL,NULL,NULL,NULL
296,1300,MA000091,1470,34.2(i),NULL,Height allowance—51 metres to 90 metres,0,1.9600,Percent,BR92844,20.9400,per shift,2025-07-01 00:00:00.0000000,NULL,5,2025-06-17 05:37:52.0000000,2025,2026-05-18 02:04:09.7533333,2026-05-18 02:04:09.7533333,NULL,NULL,NULL,NULL,NULL,NULL,NULL,NULL,NULL,NULL,NULL,NULL,NULL
297,1301,MA000091,1470,34.2(i),NULL,Height allowance—over 90 metres,0,3.2500,Percent,BR92844,34.7200,per shift,2025-07-01 00:00:00.0000000,NULL,5,2025-06-17 05:37:52.0000000,2025,2026-05-18 02:04:09.7900000,2026-05-18 02:04:09.7900000,NULL,NULL,NULL,NULL,NULL,NULL,NULL,NULL,NULL,NULL,NULL,NULL,NULL
298,12018,MA000091,23012,13.9(d),NULL,"Interview, audition and screen test rates—any other audition and/or screen test",0,3.7600,Percent,BR92844,40.1700,per hour or part thereof,2025-07-01 00:00:00.0000000,NULL,5,2025-06-17 05:37:51.0000000,2025,2026-05-18 02:04:09.8266667,2026-05-18 02:04:09.8266667,NULL,NULL,NULL,NULL,NULL,NULL,NULL,NULL,NULL,NULL,NULL,NULL,NULL
299,12013,MA000091,23011,13.9(c),NULL,"Interview, audition and screen test rates—screen test for television",0,8.2500,Percent,BR92844,88.1400,per screen test,2025-07-01 00:00:00.0000000,NULL,5,2025-06-17 05:37:51.0000000,2025,2026-05-18 02:04:09.8600000,2026-05-18 02:04:09.8600000,NULL,NULL,NULL,NULL,NULL,NULL,NULL,NULL,NULL,NULL,NULL,NULL,NULL
300,12014,MA000091,23011,13.9(c),NULL,"Interview, audition and screen test rates—visual test only",0,6.8500,Percent,BR92844,73.1900,per screen test,2025-07-01 00:00:00.0000000,NULL,5,2025-06-17 05:37:52.0000000,2025,2026-05-18 02:04:09.9000000,2026-05-18 02:04:09.9000000,NULL,NULL,NULL,NULL,NULL,NULL,NULL,NULL,NULL,NULL,NULL,NULL,NULL
301,1293,MA000091,1466,15.2(b)(i),NULL,Language allowance—Indigenous performer’s English proficiency—level 1—minimal,0,159.6600,Percent,BR92844,1705.8100,per annum,2025-07-01 00:00:00.0000000,NULL,5,2025-06-17 05:37:52.0000000,2025,2026-05-18 02:04:09.9400000,2026-05-18 02:04:09.9400000,NULL,NULL,NULL,NULL,NULL,NULL,NULL,NULL,NULL,NULL,NULL,NULL,NULL
302,12231,MA000091,1466,15.2(b)(i),NULL,Language allowance—Indigenous performer’s English proficiency—level 2—general,0,319.6400,Percent,BR92844,3415.0300,per annum,2025-07-01 00:00:00.0000000,NULL,5,2025-06-17 05:37:52.0000000,2025,2026-05-18 02:04:09.9566667,2026-05-18 02:04:09.9566667,NULL,NULL,NULL,NULL,NULL,NULL,NULL,NULL,NULL,NULL,NULL,NULL,NULL
303,1295,MA000091,1468,34.2(b),NULL,Television broadcasting,0,NULL,NULL,NULL,NULL,NULL,2025-07-01 00:00:00.0000000,NULL,5,2025-06-17 05:37:51.0000000,2025,2026-05-18 02:04:09.9900000,2026-05-18 02:04:09.9900000,NULL,NULL,NULL,NULL,NULL,NULL,NULL,NULL,NULL,NULL,NULL,NULL,NULL
304,1297,MA000091,1469,34.2(c),NULL,Television Operator’s Certificate of Proficiency allowance,1,3.4900,Percent,BR92844,37.2900,per week,2025-07-01 00:00:00.0000000,NULL,5,2025-06-17 05:37:51.0000000,2025,2026-05-18 02:04:10.0266667,2026-05-18 02:04:10.0266667,NULL,NULL,NULL,NULL,NULL,NULL,NULL,NULL,NULL,NULL,NULL,NULL,NULL
305,1305,MA000091,1471,62.2(a)(i),NULL,Zone manager’s additional cinema supervision allowance—zone 1—maximum per week,0,32.2900,Percent,BR92844,344.9900,per week,2025-07-01 00:00:00.0000000,NULL,5,2025-06-17 05:37:52.0000000,2025,2026-05-18 02:04:10.0566667,2026-05-18 02:04:10.0566667,NULL,NULL,NULL,NULL,NULL,NULL,NULL,NULL,NULL,NULL,NULL,NULL,NULL
306,1304,MA000091,1471,62.2(a)(i),NULL,Zone manager’s additional cinema supervision allowance—zone 1—per cinema,0,5.3800,Percent,BR92844,57.4800,per cinema per week,2025-07-01 00:00:00.0000000,NULL,5,2025-06-17 05:37:52.0000000,2025,2026-05-18 02:04:10.0933333,2026-05-18 02:04:10.0933333,NULL,NULL,NULL,NULL,NULL,NULL,NULL,NULL,NULL,NULL,NULL,NULL,NULL
307,1307,MA000091,1471,62.2(a)(i),NULL,Zone manager’s additional cinema supervision allowance—zone 2—maximum per week,0,22.7300,Percent,BR92844,242.8500,per week,2025-07-01 00:00:00.0000000,NULL,5,2025-06-17 05:37:53.0000000,2025,2026-05-18 02:04:10.1133333,2026-05-18 02:04:10.1133333,NULL,NULL,NULL,NULL,NULL,NULL,NULL,NULL,NULL,NULL,NULL,NULL,NULL
308,1306,MA000091,1471,62.2(a)(i),NULL,Zone manager’s additional cinema supervision allowance—zone 2—per cinema,0,3.7700,Percent,BR92844,40.2800,per cinema per week,2025-07-01 00:00:00.0000000,NULL,5,2025-06-17 05:37:53.0000000,2025,2026-05-18 02:04:10.1300000,2026-05-18 02:04:10.1300000,NULL,NULL,NULL,NULL,NULL,NULL,NULL,NULL,NULL,NULL,NULL,NULL,NULL
309,1308,MA000092,1472,21.2(a),NULL,Sewerage treatment plant allowance,0,45.0000,Percent,BR92904,11.6300,per shift,2025-07-01 00:00:00.0000000,NULL,5,2025-06-03 01:26:37.0000000,2025,2026-05-18 02:04:10.1666667,2026-05-18 02:04:10.1666667,NULL,NULL,NULL,NULL,NULL,NULL,NULL,NULL,NULL,NULL,NULL,NULL,NULL
310,1309,MA000093,1473,17.2(a),NULL,Holder of MED II certificate,0,15.7400,Percent,BR92919,37.2200,per day,2025-07-01 00:00:00.0000000,NULL,5,2025-06-03 01:27:32.0000000,2025,2026-05-18 02:04:10.2000000,2026-05-18 02:04:10.2000000,NULL,NULL,NULL,NULL,NULL,NULL,NULL,NULL,NULL,NULL,NULL,NULL,NULL
311,1310,MA000093,1473,17.2(a),NULL,Holder of MED III certificate,0,7.8700,Percent,BR92919,18.6100,per day,2025-07-01 00:00:00.0000000,NULL,5,2025-06-03 01:27:32.0000000,2025,2026-05-18 02:04:10.2366667,2026-05-18 02:04:10.2366667,NULL,NULL,NULL,NULL,NULL,NULL,NULL,NULL,NULL,NULL,NULL,NULL,NULL
312,1311,MA000093,1474,17.2(b),NULL,Outer reef work—master's allowance,0,7.8700,Percent,BR92919,18.6100,per day,2025-07-01 00:00:00.0000000,NULL,5,2025-06-03 01:27:32.0000000,2025,2026-05-18 02:04:10.2700000,2026-05-18 02:04:10.2700000,NULL,NULL,NULL,NULL,NULL,NULL,NULL,NULL,NULL,NULL,NULL,NULL,NULL
313,1316,MA000094,1476,17.2(b),NULL,Broken shift allowance,0,1.7000,Percent,BR92932,17.2500,per day,2025-07-01 00:00:00.0000000,NULL,5,2025-06-03 01:28:18.0000000,2025,2026-05-18 02:04:10.3100000,2026-05-18 02:04:10.3100000,NULL,NULL,NULL,NULL,NULL,NULL,NULL,NULL,NULL,NULL,NULL,NULL,NULL
314,1317,MA000094,1477,17.2(c),NULL,First aid allowance,0,0.3200,Percent,BR92932,3.2500,per day,2025-07-01 00:00:00.0000000,NULL,5,2025-06-03 01:28:18.0000000,2025,2026-05-18 02:04:10.3233333,2026-05-18 02:04:10.3233333,NULL,NULL,NULL,NULL,NULL,NULL,NULL,NULL,NULL,NULL,NULL,NULL,NULL
315,1313,MA000094,1475,17.2(a),NULL,"Leading hands and supervisors, in charge of 1 to 5 employees—Full-time",0,3.0000,Percent,BR92932,30.4400,per week,2025-07-01 00:00:00.0000000,NULL,5,2025-06-03 01:28:18.0000000,2025,2026-05-18 02:04:10.3400000,2026-05-18 02:04:10.3400000,NULL,NULL,NULL,NULL,NULL,NULL,NULL,NULL,NULL,NULL,NULL,NULL,NULL
316,12232,MA000094,1475,17.2(a),NULL,"Leading hands and supervisors, in charge of 1 to 5 employees—Other than full-time",0,3.0000,Percent,BR92932,0.8000,per hour,2025-07-01 00:00:00.0000000,NULL,5,2025-06-03 01:28:18.0000000,2025,2026-05-18 02:04:10.3766667,2026-05-18 02:04:10.3766667,NULL,NULL,NULL,NULL,NULL,NULL,NULL,NULL,NULL,NULL,NULL,NULL,NULL
317,1314,MA000094,1475,17.2(a),NULL,"Leading hands and supervisors, in charge of 6 to 10 employees—Full-time",0,4.1000,Percent,BR92932,41.6000,per week,2025-07-01 00:00:00.0000000,NULL,5,2025-06-03 01:28:18.0000000,2025,2026-05-18 02:04:10.3966667,2026-05-18 02:04:10.3966667,NULL,NULL,NULL,NULL,NULL,NULL,NULL,NULL,NULL,NULL,NULL,NULL,NULL
318,12233,MA000094,1475,17.2(a),NULL,"Leading hands and supervisors, in charge of 6 to 10 employees—Other than full-time",0,4.1000,Percent,BR92932,1.0900,per hour,2025-07-01 00:00:00.0000000,NULL,5,2025-06-03 01:28:18.0000000,2025,2026-05-18 02:04:10.4300000,2026-05-18 02:04:10.4300000,NULL,NULL,NULL,NULL,NULL,NULL,NULL,NULL,NULL,NULL,NULL,NULL,NULL
319,1315,MA000094,1475,17.2(a),NULL,"Leading hands and supervisors, in charge of more than 10 employees—Full-time",0,5.5000,Percent,BR92932,55.8100,per week,2025-07-01 00:00:00.0000000,NULL,5,2025-06-03 01:28:18.0000000,2025,2026-05-18 02:04:10.4833333,2026-05-18 02:04:10.4833333,NULL,NULL,NULL,NULL,NULL,NULL,NULL,NULL,NULL,NULL,NULL,NULL,NULL
320,12234,MA000094,1475,17.2(a),NULL,"Leading hands and supervisors, in charge of more than 10 employees—Other than full-time",0,5.5000,Percent,BR92932,1.4700,per hour,2025-07-01 00:00:00.0000000,NULL,5,2025-06-03 01:28:18.0000000,2025,2026-05-18 02:04:10.5200000,2026-05-18 02:04:10.5200000,NULL,NULL,NULL,NULL,NULL,NULL,NULL,NULL,NULL,NULL,NULL,NULL,NULL
321,1318,MA000095,1478,19.2(a)(i),NULL,First aid allowance,0,2.5400,Percent,BR92940,25.4100,per week,2025-07-01 00:00:00.0000000,NULL,5,2025-06-03 01:19:12.0000000,2025,2026-05-18 02:04:10.5400000,2026-05-18 02:04:10.5400000,NULL,NULL,NULL,NULL,NULL,NULL,NULL,NULL,NULL,NULL,NULL,NULL,NULL
322,1320,MA000096,1480,20.2(a),NULL,Disability allowance—handling foul laundry,0,1.9600,Percent,BR92946,20.9400,per week,2025-07-01 00:00:00.0000000,NULL,5,2025-06-03 01:31:29.0000000,2025,2026-05-18 02:04:10.5833333,2026-05-18 02:04:10.5833333,NULL,NULL,NULL,NULL,NULL,NULL,NULL,NULL,NULL,NULL,NULL,NULL,NULL
323,1319,MA000096,1479,20.2(b),NULL,First aid allowance,0,2.0000,Percent,BR92946,21.3700,per week,2025-07-01 00:00:00.0000000,NULL,5,2025-06-03 01:31:29.0000000,2025,2026-05-18 02:04:10.6033333,2026-05-18 02:04:10.6033333,NULL,NULL,NULL,NULL,NULL,NULL,NULL,NULL,NULL,NULL,NULL,NULL,NULL
324,1327,MA000097,1484,18.2(d)(i),NULL,First aid allowance,0,2.1200,Percent,BR92953,20.8300,per week,2025-07-01 00:00:00.0000000,NULL,5,2025-06-03 01:34:05.0000000,2025,2026-05-18 02:04:10.6200000,2026-05-18 02:04:10.6200000,NULL,NULL,NULL,NULL,NULL,NULL,NULL,NULL,NULL,NULL,NULL,NULL,NULL
325,1323,MA000097,1481,18.2(a),NULL,Leading hand allowance—11 to 21 employees,0,5.9700,Percent,BR92953,58.6500,per week,2025-07-01 00:00:00.0000000,NULL,5,2025-06-03 01:34:05.0000000,2025,2026-05-18 02:04:10.6400000,2026-05-18 02:04:10.6400000,NULL,NULL,NULL,NULL,NULL,NULL,NULL,NULL,NULL,NULL,NULL,NULL,NULL
326,1322,MA000097,1481,18.2(a),NULL,Leading hand allowance—2 to 10 employees,0,3.9900,Percent,BR92953,39.2000,per week,2025-07-01 00:00:00.0000000,NULL,5,2025-06-03 01:34:05.0000000,2025,2026-05-18 02:04:10.6566667,2026-05-18 02:04:10.6566667,NULL,NULL,NULL,NULL,NULL,NULL,NULL,NULL,NULL,NULL,NULL,NULL,NULL
327,1324,MA000097,1481,18.2(a),NULL,Leading hand allowance—more than 21 employees,0,8.1100,Percent,BR92953,79.6700,per week,2025-07-01 00:00:00.0000000,NULL,5,2025-06-03 01:34:05.0000000,2025,2026-05-18 02:04:10.6733333,2026-05-18 02:04:10.6733333,NULL,NULL,NULL,NULL,NULL,NULL,NULL,NULL,NULL,NULL,NULL,NULL,NULL
328,1325,MA000097,1482,18.2(b),NULL,Verminous/decomposed human body allowance,0,11.9600,Percent,BR92953,117.5000,per occasion,2025-07-01 00:00:00.0000000,NULL,5,2025-06-03 01:34:05.0000000,2025,2026-05-18 02:04:10.7066667,2026-05-18 02:04:10.7066667,NULL,NULL,NULL,NULL,NULL,NULL,NULL,NULL,NULL,NULL,NULL,NULL,NULL
329,1326,MA000097,1483,18.2(c),NULL,Work performed in fumigation depot allowance,0,0.9300,Percent,BR92953,9.1400,per day,2025-07-01 00:00:00.0000000,NULL,5,2025-06-03 01:34:05.0000000,2025,2026-05-18 02:04:10.7433333,2026-05-18 02:04:10.7433333,NULL,NULL,NULL,NULL,NULL,NULL,NULL,NULL,NULL,NULL,NULL,NULL,NULL
330,1331,MA000098,1485,18.2(c)(i),NULL,CEP/Paramedic skills allowance—CEP allowance unit 7,1,2.1300,Percent,BR98969,26.9800,per week,2025-07-01 00:00:00.0000000,NULL,5,2025-06-03 01:34:24.0000000,2025,2026-05-18 02:04:10.7633333,2026-05-18 02:04:10.7633333,NULL,NULL,NULL,NULL,NULL,NULL,NULL,NULL,NULL,NULL,NULL,NULL,NULL
331,1330,MA000098,1485,18.2(c)(i),NULL,CEP/Paramedic skills allowance—CEP allowance units 5–6,1,1.7100,Percent,BR98969,21.6600,per week,2025-07-01 00:00:00.0000000,NULL,5,2025-06-03 01:34:24.0000000,2025,2026-05-18 02:04:10.7833333,2026-05-18 02:04:10.7833333,NULL,NULL,NULL,NULL,NULL,NULL,NULL,NULL,NULL,NULL,NULL,NULL,NULL
332,1332,MA000098,1485,18.2(c)(i),NULL,CEP/Paramedic skills allowance—Paramedic skills allowance (inclusive of CEP allowances 1–7),1,11.7500,Percent,BR98969,148.8400,per week,2025-07-01 00:00:00.0000000,NULL,5,2025-06-03 01:34:24.0000000,2025,2026-05-18 02:04:10.8233333,2026-05-18 02:04:10.8233333,NULL,NULL,NULL,NULL,NULL,NULL,NULL,NULL,NULL,NULL,NULL,NULL,NULL
333,1334,MA000098,1486,18.2(d)(i),NULL,Communications centre allowance—8 hour shift,0,0.7100,Percent,BR98969,8.9900,per 8 hour shift,2025-07-01 00:00:00.0000000,NULL,5,2025-06-03 01:34:24.0000000,2025,2026-05-18 02:04:10.8666667,2026-05-18 02:04:10.8666667,NULL,NULL,NULL,NULL,NULL,NULL,NULL,NULL,NULL,NULL,NULL,NULL,NULL
334,1335,MA000098,1487,18.2(d)(ii),NULL,Communications centre allowance—in excess of 8 hours,0,0.0900,Percent,BR98969,1.1400,per hour,2025-07-01 00:00:00.0000000,NULL,5,2025-06-03 01:34:24.0000000,2025,2026-05-18 02:04:10.9033333,2026-05-18 02:04:10.9033333,NULL,NULL,NULL,NULL,NULL,NULL,NULL,NULL,NULL,NULL,NULL,NULL,NULL
335,1329,MA000098,1485,18.2(c)(i),NULL,Continuing Education Program (CEP)/Paramedic skills allowance—CEP allowance units 1–4,1,1.7100,Percent,BR98969,21.6600,per week,2025-07-01 00:00:00.0000000,NULL,5,2025-06-03 01:34:24.0000000,2025,2026-05-18 02:04:10.9400000,2026-05-18 02:04:10.9400000,NULL,NULL,NULL,NULL,NULL,NULL,NULL,NULL,NULL,NULL,NULL,NULL,NULL
336,1348,MA000098,1498,18.2(i),NULL,Control call allowance,0,0.4700,Percent,BR98969,5.9500,per hour or part hour,2025-07-01 00:00:00.0000000,NULL,5,2025-06-03 01:34:24.0000000,2025,2026-05-18 02:04:10.9766667,2026-05-18 02:04:10.9766667,NULL,NULL,NULL,NULL,NULL,NULL,NULL,NULL,NULL,NULL,NULL,NULL,NULL
337,1341,MA000098,1492,18.2(f),NULL,Flying allowance,0,6.0000,Percent,BR98969,76.0000,per 8 hour shift,2025-07-01 00:00:00.0000000,NULL,5,2025-06-03 01:34:24.0000000,2025,2026-05-18 02:04:11.0133333,2026-05-18 02:04:11.0133333,NULL,NULL,NULL,NULL,NULL,NULL,NULL,NULL,NULL,NULL,NULL,NULL,NULL
338,1347,MA000098,1497,18.2(h),NULL,On-call allowance,0,0.3300,Percent,BR98969,4.1800,per hour or part hour,2025-07-01 00:00:00.0000000,NULL,5,2025-06-03 01:34:24.0000000,2025,2026-05-18 02:04:11.0500000,2026-05-18 02:04:11.0500000,NULL,NULL,NULL,NULL,NULL,NULL,NULL,NULL,NULL,NULL,NULL,NULL,NULL
339,1337,MA000098,1488,18.2(e)(i),NULL,Operational crewing allowances—for period of training—8 hour shift,0,0.4700,Percent,BR98969,5.9500,per 8 hour shift,2025-07-01 00:00:00.0000000,NULL,5,2025-06-03 01:34:24.0000000,2025,2026-05-18 02:04:11.0900000,2026-05-18 02:04:11.0900000,NULL,NULL,NULL,NULL,NULL,NULL,NULL,NULL,NULL,NULL,NULL,NULL,NULL
340,11828,MA000098,1488,18.2(e)(i),NULL,Operational crewing allowances—for period of training—in excess of 8 hours,0,0.0600,Percent,BR98969,0.7600,per hour,2025-07-01 00:00:00.0000000,NULL,5,2025-06-03 01:34:24.0000000,2025,2026-05-18 02:04:11.1200000,2026-05-18 02:04:11.1200000,NULL,NULL,NULL,NULL,NULL,NULL,NULL,NULL,NULL,NULL,NULL,NULL,NULL
341,1339,MA000098,1490,18.2(e)(ii),NULL,Operational duties,0,2.0000,Percent,BR98969,25.3300,per week,2025-07-01 00:00:00.0000000,NULL,5,2025-06-03 01:34:24.0000000,2025,2026-05-18 02:04:11.1500000,2026-05-18 02:04:11.1500000,NULL,NULL,NULL,NULL,NULL,NULL,NULL,NULL,NULL,NULL,NULL,NULL,NULL
342,1340,MA000098,1491,18.2(e)(iii),NULL,Operational stretcher duties,0,1.5000,Percent,BR98969,19.0000,per 8 hour shift,2025-07-01 00:00:00.0000000,NULL,5,2025-06-03 01:34:24.0000000,2025,2026-05-18 02:04:11.1866667,2026-05-18 02:04:11.1866667,NULL,NULL,NULL,NULL,NULL,NULL,NULL,NULL,NULL,NULL,NULL,NULL,NULL
343,1345,MA000098,1495,18.2(b)(ii),NULL,Paramedic skills allowance—all other employees,1,6.2100,Percent,BR98969,78.6600,per week,2025-07-01 00:00:00.0000000,NULL,5,2025-06-03 01:34:24.0000000,2025,2026-05-18 02:04:11.2200000,2026-05-18 02:04:11.2200000,NULL,NULL,NULL,NULL,NULL,NULL,NULL,NULL,NULL,NULL,NULL,NULL,NULL
344,1343,MA000098,1493,18.2(b)(i),NULL,Paramedic skills allowance—ambulance service level 1,1,10.5800,Percent,BR98969,134.0200,per week,2025-07-01 00:00:00.0000000,NULL,5,2025-06-03 01:34:24.0000000,2025,2026-05-18 02:04:11.2400000,2026-05-18 02:04:11.2400000,NULL,NULL,NULL,NULL,NULL,NULL,NULL,NULL,NULL,NULL,NULL,NULL,NULL
345,11829,MA000098,1493,18.2(b)(i),NULL,Paramedic skills allowance—ambulance service level 2,1,15.5400,Percent,BR98969,196.8500,per week,2025-07-01 00:00:00.0000000,NULL,5,2025-06-03 01:34:24.0000000,2025,2026-05-18 02:04:11.2533333,2026-05-18 02:04:11.2533333,NULL,NULL,NULL,NULL,NULL,NULL,NULL,NULL,NULL,NULL,NULL,NULL,NULL
346,1346,MA000098,1496,18.2(g),NULL,Shift allowance,0,4.5000,Percent,BR98969,57.0000,per rostered period of duty,2025-07-01 00:00:00.0000000,NULL,5,2025-06-03 01:34:24.0000000,2025,2026-05-18 02:04:11.2900000,2026-05-18 02:04:11.2900000,NULL,NULL,NULL,NULL,NULL,NULL,NULL,NULL,NULL,NULL,NULL,NULL,NULL
347,1350,MA000099,1500,18.2(b),NULL,Excursions—sleepover allowance,0,7.7600,Percent,BR93010,82.0000,per night,2025-07-01 00:00:00.0000000,NULL,5,2025-06-03 01:20:56.0000000,2025,2026-05-18 02:04:11.3266667,2026-05-18 02:04:11.3266667,NULL,NULL,NULL,NULL,NULL,NULL,NULL,NULL,NULL,NULL,NULL,NULL,NULL
348,1349,MA000099,1499,18.2(a),NULL,First aid allowance,0,1.6700,Percent,BR93010,17.6500,per week,2025-07-01 00:00:00.0000000,NULL,5,2025-06-03 01:20:56.0000000,2025,2026-05-18 02:04:11.3433333,2026-05-18 02:04:11.3433333,NULL,NULL,NULL,NULL,NULL,NULL,NULL,NULL,NULL,NULL,NULL,NULL,NULL
349,1356,MA000100,1504,20.11(a),NULL,24 hour period—finish of ordinary duty on Monday to finish of ordinary duty on Friday,0,2.0000,Percent,BR93049,24.5000,per 24 hour period or part thereof,2025-07-01 00:00:00.0000000,NULL,5,2025-06-03 01:23:08.0000000,2025,2026-05-18 02:04:11.3800000,2026-05-18 02:04:11.3800000,NULL,NULL,NULL,NULL,NULL,NULL,NULL,NULL,NULL,NULL,NULL,NULL,NULL
350,1353,MA000100,1502,20.9(c)(i),NULL,Between 40°C and 46°C,0,0.0500,Percent,BR93049,0.6100,per hour or part thereof,2025-07-01 00:00:00.0000000,NULL,5,2025-06-03 01:23:08.0000000,2025,2026-05-18 02:04:11.4166667,2026-05-18 02:04:11.4166667,NULL,NULL,NULL,NULL,NULL,NULL,NULL,NULL,NULL,NULL,NULL,NULL,NULL
351,19522,MA000100,36260,20.12(a),NULL,Broken Shift Allowance with 1 unpaid break,0,1.7000,Percent,BR93049,20.8200,per broken shift,2025-07-01 00:00:00.0000000,NULL,6,2025-06-03 01:23:08.0000000,2025,2026-05-18 02:04:11.4533333,2026-05-18 02:04:11.4533333,NULL,NULL,NULL,NULL,NULL,NULL,NULL,NULL,NULL,NULL,NULL,NULL,NULL
352,19523,MA000100,36261,20.12(b),NULL,Broken Shift Allowance with 2 unpaid breaks,0,2.2500,Percent,BR93049,27.5600,per broken shift,2025-07-01 00:00:00.0000000,NULL,7,2025-06-03 01:23:08.0000000,2025,2026-05-18 02:04:11.4900000,2026-05-18 02:04:11.4900000,NULL,NULL,NULL,NULL,NULL,NULL,NULL,NULL,NULL,NULL,NULL,NULL,NULL
353,1354,MA000100,1503,20.9(c)(ii),NULL,Exceeds 46°C,0,0.0600,Percent,BR93049,0.7300,per hour or part thereof,2025-07-01 00:00:00.0000000,NULL,5,2025-06-03 01:23:08.0000000,2025,2026-05-18 02:04:11.5266667,2026-05-18 02:04:11.5266667,NULL,NULL,NULL,NULL,NULL,NULL,NULL,NULL,NULL,NULL,NULL,NULL,NULL
354,1351,MA000100,1501,20.6(a),NULL,First aid allowance,0,1.6700,Percent,BR93049,20.4600,per week,2025-07-01 00:00:00.0000000,NULL,7,2025-06-03 01:23:08.0000000,2025,2026-05-18 02:04:11.5566667,2026-05-18 02:04:11.5566667,NULL,NULL,NULL,NULL,NULL,NULL,NULL,NULL,NULL,NULL,NULL,NULL,NULL
355,1352,MA000100,1502,20.9(c)(i),NULL,Heat allowance—temperature raised by artificial means:,0,NULL,NULL,NULL,NULL,NULL,2025-07-01 00:00:00.0000000,NULL,5,2025-06-03 01:23:08.0000000,2025,2026-05-18 02:04:11.6000000,2026-05-18 02:04:11.6000000,NULL,NULL,NULL,NULL,NULL,NULL,NULL,NULL,NULL,NULL,NULL,NULL,NULL
356,1355,MA000100,1504,20.11(a),NULL,On-call allowance:,0,NULL,NULL,NULL,NULL,NULL,2025-07-01 00:00:00.0000000,NULL,5,2025-06-03 01:23:08.0000000,2025,2026-05-18 02:04:11.6366667,2026-05-18 02:04:11.6366667,NULL,NULL,NULL,NULL,NULL,NULL,NULL,NULL,NULL,NULL,NULL,NULL,NULL
357,1357,MA000100,1505,20.11(b),NULL,"Other 24 hour period, including public holidays",0,3.9600,Percent,BR93049,48.5100,per 24 hour period or part thereof,2025-07-01 00:00:00.0000000,NULL,5,2025-06-03 01:23:08.0000000,2025,2026-05-18 02:04:11.6800000,2026-05-18 02:04:11.6800000,NULL,NULL,NULL,NULL,NULL,NULL,NULL,NULL,NULL,NULL,NULL,NULL,NULL
358,1358,MA000100,1506,25.7(d),NULL,Sleepover allowance,0,4.9000,Percent,BR93049,60.0200,per night,2025-07-01 00:00:00.0000000,NULL,5,2025-06-03 01:23:08.0000000,2025,2026-05-18 02:04:11.7133333,2026-05-18 02:04:11.7133333,NULL,NULL,NULL,NULL,NULL,NULL,NULL,NULL,NULL,NULL,NULL,NULL,NULL
359,1365,MA000101,1509,17.3(c),NULL,First aid allowance,0,2.0000,Percent,BR93100,21.3700,per week,2025-07-01 00:00:00.0000000,NULL,5,2025-06-03 01:23:27.0000000,2025,2026-05-18 02:04:11.7333333,2026-05-18 02:04:11.7333333,NULL,NULL,NULL,NULL,NULL,NULL,NULL,NULL,NULL,NULL,NULL,NULL,NULL
360,1363,MA000101,1507,17.3(a)(i),NULL,Leading hand in charge of—10 or more employees,1,7.0000,Percent,BR93100,74.7900,per week,2025-07-01 00:00:00.0000000,NULL,5,2025-06-03 01:23:27.0000000,2025,2026-05-18 02:04:11.7566667,2026-05-18 02:04:11.7566667,NULL,NULL,NULL,NULL,NULL,NULL,NULL,NULL,NULL,NULL,NULL,NULL,NULL
361,1360,MA000101,1507,17.3(a)(i),NULL,Leading hand in charge of—1–2 employees,1,2.0000,Percent,BR93100,21.3700,per week,2025-07-01 00:00:00.0000000,NULL,5,2025-06-03 01:23:27.0000000,2025,2026-05-18 02:04:11.7933333,2026-05-18 02:04:11.7933333,NULL,NULL,NULL,NULL,NULL,NULL,NULL,NULL,NULL,NULL,NULL,NULL,NULL
362,1361,MA000101,1507,17.3(a)(i),NULL,Leading hand in charge of—3–6 employees,1,4.0000,Percent,BR93100,42.7400,per week,2025-07-01 00:00:00.0000000,NULL,5,2025-06-03 01:23:27.0000000,2025,2026-05-18 02:04:11.8133333,2026-05-18 02:04:11.8133333,NULL,NULL,NULL,NULL,NULL,NULL,NULL,NULL,NULL,NULL,NULL,NULL,NULL
363,1362,MA000101,1507,17.3(a)(i),NULL,Leading hand in charge of—7–9 employees,1,5.0000,Percent,BR93100,53.4200,per week,2025-07-01 00:00:00.0000000,NULL,5,2025-06-03 01:23:27.0000000,2025,2026-05-18 02:04:11.8300000,2026-05-18 02:04:11.8300000,NULL,NULL,NULL,NULL,NULL,NULL,NULL,NULL,NULL,NULL,NULL,NULL,NULL
364,1364,MA000101,1508,17.3(b),NULL,Vehicles and/or plant allowance,0,0.6000,Percent,BR93100,6.4100,per day,2025-07-01 00:00:00.0000000,NULL,5,2025-06-03 01:23:27.0000000,2025,2026-05-18 02:04:11.8800000,2026-05-18 02:04:11.8800000,NULL,NULL,NULL,NULL,NULL,NULL,NULL,NULL,NULL,NULL,NULL,NULL,NULL
365,1366,MA000102,1510,18.2(a),NULL,Driving allowance,0,1.5000,Percent,BR93103,14.7400,per day,2025-07-01 00:00:00.0000000,NULL,5,2025-06-03 01:29:40.0000000,2025,2026-05-18 02:04:11.9233333,2026-05-18 02:04:11.9233333,NULL,NULL,NULL,NULL,NULL,NULL,NULL,NULL,NULL,NULL,NULL,NULL,NULL
366,1369,MA000102,1511,18.2(b),NULL,First aid allowance—Hourly,0,2.0000,Percent,BR93103,0.5200,per hour,2025-07-01 00:00:00.0000000,NULL,5,2025-06-03 01:29:40.0000000,2025,2026-05-18 02:04:11.9400000,2026-05-18 02:04:11.9400000,NULL,NULL,NULL,NULL,NULL,NULL,NULL,NULL,NULL,NULL,NULL,NULL,NULL
367,1368,MA000102,1511,18.2(b),NULL,First aid allowance—Weekly,0,2.0000,Percent,BR93103,19.6500,per week,2025-07-01 00:00:00.0000000,NULL,5,2025-06-03 01:29:40.0000000,2025,2026-05-18 02:04:11.9566667,2026-05-18 02:04:11.9566667,NULL,NULL,NULL,NULL,NULL,NULL,NULL,NULL,NULL,NULL,NULL,NULL,NULL
368,1374,MA000103,1513,18.2(c),NULL,First aid allowance,0,2.0300,Percent,BR93110,21.6900,per week,2025-07-01 00:00:00.0000000,NULL,6,2025-06-03 01:26:31.0000000,2025,2026-05-18 02:04:11.9766667,2026-05-18 02:04:11.9766667,NULL,NULL,NULL,NULL,NULL,NULL,NULL,NULL,NULL,NULL,NULL,NULL,NULL
369,1372,MA000103,1512,18.2(b),NULL,"Leading hand, in charge of—11 to 20 employees",1,6.7600,Percent,BR93110,72.2200,per week,2025-07-01 00:00:00.0000000,NULL,6,2025-06-03 01:26:31.0000000,2025,2026-05-18 02:04:11.9900000,2026-05-18 02:04:11.9900000,NULL,NULL,NULL,NULL,NULL,NULL,NULL,NULL,NULL,NULL,NULL,NULL,NULL
370,1371,MA000103,1512,18.2(b),NULL,"Leading hand, in charge of—3 to 10 employees",1,4.5200,Percent,BR93110,48.2900,per week,2025-07-01 00:00:00.0000000,NULL,6,2025-06-03 01:26:31.0000000,2025,2026-05-18 02:04:12.0100000,2026-05-18 02:04:12.0100000,NULL,NULL,NULL,NULL,NULL,NULL,NULL,NULL,NULL,NULL,NULL,NULL,NULL
371,1373,MA000103,1512,18.2(b),NULL,"Leading hand, in charge of—more than 20 employees",1,8.5800,Percent,BR93110,91.6700,per week,2025-07-01 00:00:00.0000000,NULL,6,2025-06-03 01:26:31.0000000,2025,2026-05-18 02:04:12.0266667,2026-05-18 02:04:12.0266667,NULL,NULL,NULL,NULL,NULL,NULL,NULL,NULL,NULL,NULL,NULL,NULL,NULL
372,1377,MA000103,1514,18.2(d),NULL,Toilet cleaning allowance—per shift,0,0.3290,Percent,BR93110,3.5200,per shift,2025-07-01 00:00:00.0000000,NULL,6,2025-06-03 01:26:31.0000000,2025,2026-05-18 02:04:12.0633333,2026-05-18 02:04:12.0633333,NULL,NULL,NULL,NULL,NULL,NULL,NULL,NULL,NULL,NULL,NULL,NULL,NULL
373,1376,MA000103,1514,18.2(d),NULL,Toilet cleaning allowance—per week,0,1.6150,Percent,BR93110,17.2500,per week,2025-07-01 00:00:00.0000000,NULL,6,2025-06-03 01:26:31.0000000,2025,2026-05-18 02:04:12.1000000,2026-05-18 02:04:12.1000000,NULL,NULL,NULL,NULL,NULL,NULL,NULL,NULL,NULL,NULL,NULL,NULL,NULL
374,1378,MA000104,1515,17.2(a),NULL,First aid allowance,0,2.0000,Percent,BR93115,21.3700,per week,2025-07-01 00:00:00.0000000,NULL,5,2025-06-03 01:32:29.0000000,2025,2026-05-18 02:04:12.1166667,2026-05-18 02:04:12.1166667,NULL,NULL,NULL,NULL,NULL,NULL,NULL,NULL,NULL,NULL,NULL,NULL,NULL
375,1381,MA000104,1516,17.2(b),NULL,Leading hand/in charge allowance—in charge of—11–20 employees,0,6.5000,Percent,BR93115,69.4500,per week,2025-07-01 00:00:00.0000000,NULL,5,2025-06-03 01:32:29.0000000,2025,2026-05-18 02:04:12.1366667,2026-05-18 02:04:12.1366667,NULL,NULL,NULL,NULL,NULL,NULL,NULL,NULL,NULL,NULL,NULL,NULL,NULL
376,1380,MA000104,1516,17.2(b),NULL,Leading hand/in charge allowance—in charge of—3–10 employees,0,4.4000,Percent,BR93115,47.0100,per week,2025-07-01 00:00:00.0000000,NULL,5,2025-06-03 01:32:29.0000000,2025,2026-05-18 02:04:12.1700000,2026-05-18 02:04:12.1700000,NULL,NULL,NULL,NULL,NULL,NULL,NULL,NULL,NULL,NULL,NULL,NULL,NULL
377,1382,MA000104,1516,17.2(b),NULL,Leading hand/in charge allowance—in charge of—more than 20 employees,0,8.3000,Percent,BR93115,88.6800,per week,2025-07-01 00:00:00.0000000,NULL,5,2025-06-03 01:32:29.0000000,2025,2026-05-18 02:04:12.2100000,2026-05-18 02:04:12.2100000,NULL,NULL,NULL,NULL,NULL,NULL,NULL,NULL,NULL,NULL,NULL,NULL,NULL
378,1386,MA000105,1519,17.2(b),NULL,Exhumation allowance,0,10.7000,Percent,BR93225,114.3200,per body,2025-07-01 00:00:00.0000000,NULL,5,2025-06-03 01:23:09.0000000,2025,2026-05-18 02:04:12.2300000,2026-05-18 02:04:12.2300000,NULL,NULL,NULL,NULL,NULL,NULL,NULL,NULL,NULL,NULL,NULL,NULL,NULL
379,11827,MA000105,1520,17.2(c),NULL,"Leading hand, in charge of—11 to 19 employees",0,6.0000,Percent,BR93225,64.1000,per week,2025-07-01 00:00:00.0000000,NULL,5,2025-06-03 01:23:09.0000000,2025,2026-05-18 02:04:12.2533333,2026-05-18 02:04:12.2533333,NULL,NULL,NULL,NULL,NULL,NULL,NULL,NULL,NULL,NULL,NULL,NULL,NULL
380,1388,MA000105,1520,17.2(c),NULL,"Leading hand, in charge of—3 to 10 employees",0,4.0000,Percent,BR93225,42.7400,per week,2025-07-01 00:00:00.0000000,NULL,5,2025-06-03 01:23:09.0000000,2025,2026-05-18 02:04:12.2700000,2026-05-18 02:04:12.2700000,NULL,NULL,NULL,NULL,NULL,NULL,NULL,NULL,NULL,NULL,NULL,NULL,NULL
381,1384,MA000105,1517,17.2(a)(i),NULL,Stand-by allowance—Between normal finishing and starting time—Monday to Friday,0,1.5000,Percent,BR93225,16.0300,per stand-by period,2025-07-01 00:00:00.0000000,NULL,5,2025-06-03 01:23:09.0000000,2025,2026-05-18 02:04:12.3166667,2026-05-18 02:04:12.3166667,NULL,NULL,NULL,NULL,NULL,NULL,NULL,NULL,NULL,NULL,NULL,NULL,NULL
382,1385,MA000105,1518,17.2(a)(ii),NULL,"Stand-by allowance—Saturday, Sunday and public holidays",0,3.2000,Percent,BR93225,34.1900,per stand-by period,2025-07-01 00:00:00.0000000,NULL,5,2025-06-03 01:23:09.0000000,2025,2026-05-18 02:04:12.3566667,2026-05-18 02:04:12.3566667,NULL,NULL,NULL,NULL,NULL,NULL,NULL,NULL,NULL,NULL,NULL,NULL,NULL
383,1391,MA000107,1523,19.3(c),NULL,First aid allowance,0,2.0000,Percent,BR93240,21.3700,per week,2025-07-01 00:00:00.0000000,NULL,5,2025-06-03 01:27:03.0000000,2025,2026-05-18 02:04:12.3700000,2026-05-18 02:04:12.3700000,NULL,NULL,NULL,NULL,NULL,NULL,NULL,NULL,NULL,NULL,NULL,NULL,NULL
384,1390,MA000107,1522,19.3(b)(i),NULL,Industry allowance,1,2.5000,Percent,BR93240,26.7100,per week,2025-07-01 00:00:00.0000000,NULL,5,2025-06-03 01:27:03.0000000,2025,2026-05-18 02:04:12.4000000,2026-05-18 02:04:12.4000000,NULL,NULL,NULL,NULL,NULL,NULL,NULL,NULL,NULL,NULL,NULL,NULL,NULL
385,1394,MA000107,1524,19.3(d),NULL,Leading hand allowance—11 to 20 employees,0,3.9200,Percent,BR93240,41.8800,per week,2025-07-01 00:00:00.0000000,NULL,5,2025-06-03 01:27:04.0000000,2025,2026-05-18 02:04:12.4166667,2026-05-18 02:04:12.4166667,NULL,NULL,NULL,NULL,NULL,NULL,NULL,NULL,NULL,NULL,NULL,NULL,NULL
386,1393,MA000107,1524,19.3(d),NULL,Leading hand allowance—3 to 10 employees,0,2.3500,Percent,BR93240,25.1100,per week,2025-07-01 00:00:00.0000000,NULL,5,2025-06-03 01:27:03.0000000,2025,2026-05-18 02:04:12.4333333,2026-05-18 02:04:12.4333333,NULL,NULL,NULL,NULL,NULL,NULL,NULL,NULL,NULL,NULL,NULL,NULL,NULL
387,1395,MA000107,1524,19.3(d),NULL,Leading hand allowance—more than 20 employees,0,4.7100,Percent,BR93240,50.3200,per week,2025-07-01 00:00:00.0000000,NULL,5,2025-06-03 01:27:04.0000000,2025,2026-05-18 02:04:12.4500000,2026-05-18 02:04:12.4500000,NULL,NULL,NULL,NULL,NULL,NULL,NULL,NULL,NULL,NULL,NULL,NULL,NULL
388,11946,MA000108,22965,34.2(a)(ii),Offshore Diver,Disability allowance—Casual employees,0,9.4900,Percent,BR93249,100.7600,per on-duty day,2025-07-01 00:00:00.0000000,NULL,5,2025-06-03 01:19:13.0000000,2025,2026-05-18 02:04:12.4866667,2026-05-18 02:04:12.4866667,NULL,NULL,NULL,NULL,NULL,NULL,NULL,NULL,NULL,NULL,NULL,NULL,NULL
389,1397,MA000108,1525,34.2(a)(i),Offshore Diver,Disability allowance—Full-time/part-time employees,0,8.0000,Percent,BR93249,84.9400,per on-duty day,2025-07-01 00:00:00.0000000,NULL,5,2025-06-03 01:19:13.0000000,2025,2026-05-18 02:04:12.5233333,2026-05-18 02:04:12.5233333,NULL,NULL,NULL,NULL,NULL,NULL,NULL,NULL,NULL,NULL,NULL,NULL,NULL
390,1407,MA000108,1527,34.2(b)(ii),Offshore Diver,Diving allowance—ADS Operations—Minimum payment—250 x Diving allowance per foot,0,0.0700,Percent,BR93249,185.0000,per 12 hour period,2025-07-01 00:00:00.0000000,NULL,5,2025-06-03 01:19:14.0000000,2025,2026-05-18 02:04:12.5666667,2026-05-18 02:04:12.5666667,NULL,NULL,NULL,NULL,NULL,NULL,NULL,NULL,NULL,NULL,NULL,NULL,NULL
391,1406,MA000108,1527,34.2(b)(ii),Offshore Diver,Diving allowance—ADS Operations—Per foot,0,0.0700,Percent,BR93249,0.7400,per foot,2025-07-01 00:00:00.0000000,NULL,5,2025-06-03 01:19:14.0000000,2025,2026-05-18 02:04:12.6033333,2026-05-18 02:04:12.6033333,NULL,NULL,NULL,NULL,NULL,NULL,NULL,NULL,NULL,NULL,NULL,NULL,NULL
392,1405,MA000108,1527,34.2(b)(ii),Offshore Diver,Diving allowance—ADS Operations—Per metre,0,0.2300,Percent,BR93249,2.4400,per metre,2025-07-01 00:00:00.0000000,NULL,5,2025-06-03 01:19:13.0000000,2025,2026-05-18 02:04:12.6500000,2026-05-18 02:04:12.6500000,NULL,NULL,NULL,NULL,NULL,NULL,NULL,NULL,NULL,NULL,NULL,NULL,NULL
393,1403,MA000108,1526,34.2(b)(i),Offshore Diver,Diving allowance—other than ADS Operations—Minimum payment using saturation techniques—250 x Diving allowance per foot,0,0.1400,Percent,BR93249,372.5000,per 12 hour period,2025-07-01 00:00:00.0000000,NULL,5,2025-06-03 01:19:14.0000000,2025,2026-05-18 02:04:12.6966667,2026-05-18 02:04:12.6966667,NULL,NULL,NULL,NULL,NULL,NULL,NULL,NULL,NULL,NULL,NULL,NULL,NULL
394,1402,MA000108,1526,34.2(b)(i),Offshore Diver,Diving allowance—other than ADS Operations—Minimum payment—50 x Diving allowance per foot,0,0.1400,Percent,BR93249,74.5000,per 12 hour period,2025-07-01 00:00:00.0000000,NULL,5,2025-06-03 01:19:14.0000000,2025,2026-05-18 02:04:12.7366667,2026-05-18 02:04:12.7366667,NULL,NULL,NULL,NULL,NULL,NULL,NULL,NULL,NULL,NULL,NULL,NULL,NULL
395,1401,MA000108,1526,34.2(b)(i),Offshore Diver,Diving allowance—other than ADS Operations—Per foot or equivalent pressure,0,0.1400,Percent,BR93249,1.4900,per foot or equivalent pressure,2025-07-01 00:00:00.0000000,NULL,5,2025-06-03 01:19:14.0000000,2025,2026-05-18 02:04:12.7733333,2026-05-18 02:04:12.7733333,NULL,NULL,NULL,NULL,NULL,NULL,NULL,NULL,NULL,NULL,NULL,NULL,NULL
396,1400,MA000108,1526,34.2(b)(i),Offshore Diver,Diving allowance—other than ADS Operations—Per metre,0,0.4700,Percent,BR93249,4.9900,per metre,2025-07-01 00:00:00.0000000,NULL,5,2025-06-03 01:19:13.0000000,2025,2026-05-18 02:04:12.8100000,2026-05-18 02:04:12.8100000,NULL,NULL,NULL,NULL,NULL,NULL,NULL,NULL,NULL,NULL,NULL,NULL,NULL
397,1413,MA000108,1531,29.2(a),Inshore Diver,Diving allowance—Per foot of water or equivalent pressure,0,0.1300,Percent,BR93254,1.6700,per foot of water or equivalent pressure,2025-07-01 00:00:00.0000000,NULL,5,2025-06-03 01:19:14.0000000,2025,2026-05-18 02:04:12.8500000,2026-05-18 02:04:12.8500000,NULL,NULL,NULL,NULL,NULL,NULL,NULL,NULL,NULL,NULL,NULL,NULL,NULL
398,1412,MA000108,1531,29.2(a),Inshore Diver,Diving allowance—Per metre,0,0.4300,Percent,BR93254,5.5200,per metre,2025-07-01 00:00:00.0000000,NULL,5,2025-06-03 01:19:13.0000000,2025,2026-05-18 02:04:12.8900000,2026-05-18 02:04:12.8900000,NULL,NULL,NULL,NULL,NULL,NULL,NULL,NULL,NULL,NULL,NULL,NULL,NULL
399,1415,MA000108,1533,29.2(c)(ii),Inshore Diver,Hyperbaric welding allowance,0,0.4900,Percent,BR93254,6.2900,per linear millimetre,2025-07-01 00:00:00.0000000,NULL,5,2025-06-03 01:19:14.0000000,2025,2026-05-18 02:04:12.9233333,2026-05-18 02:04:12.9233333,NULL,NULL,NULL,NULL,NULL,NULL,NULL,NULL,NULL,NULL,NULL,NULL,NULL
400,1409,MA000108,1529,34.2(d)(ii),Offshore Diver,Hyperbaric welding allowance,0,0.5800,Percent,BR93249,6.1600,per linear millimetre,2025-07-01 00:00:00.0000000,NULL,5,2025-06-03 01:19:14.0000000,2025,2026-05-18 02:04:12.9766667,2026-05-18 02:04:12.9766667,NULL,NULL,NULL,NULL,NULL,NULL,NULL,NULL,NULL,NULL,NULL,NULL,NULL
401,1410,MA000108,1530,34.2(d)(iii),Offshore Diver,Hyperbaric welding allowance—weld which requires repair,0,0.3900,Percent,BR93249,4.1400,per linear millimetre,2025-07-01 00:00:00.0000000,NULL,5,2025-06-03 01:19:14.0000000,2025,2026-05-18 02:04:13.0166667,2026-05-18 02:04:13.0166667,NULL,NULL,NULL,NULL,NULL,NULL,NULL,NULL,NULL,NULL,NULL,NULL,NULL
402,1416,MA000108,1534,29.2(c)(iii),Inshore Diver,Hyperbaric welding allowance—weld which requires repair,0,0.3300,Percent,BR93254,4.2400,per linear millimetre,2025-07-01 00:00:00.0000000,NULL,5,2025-06-03 01:19:14.0000000,2025,2026-05-18 02:04:13.0533333,2026-05-18 02:04:13.0533333,NULL,NULL,NULL,NULL,NULL,NULL,NULL,NULL,NULL,NULL,NULL,NULL,NULL
403,1414,MA000108,1532,29.2(b),Inshore Diver,Non-destructive testing allowance,0,6.5100,Percent,BR93254,83.5600,per day,2025-07-01 00:00:00.0000000,NULL,5,2025-06-03 01:19:14.0000000,2025,2026-05-18 02:04:13.0900000,2026-05-18 02:04:13.0900000,NULL,NULL,NULL,NULL,NULL,NULL,NULL,NULL,NULL,NULL,NULL,NULL,NULL
404,1408,MA000108,1528,34.2(c),Offshore Diver,Non-destructive testing allowance,0,7.0400,Percent,BR93249,74.7400,per day,2025-07-01 00:00:00.0000000,NULL,5,2025-06-03 01:19:14.0000000,2025,2026-05-18 02:04:13.1300000,2026-05-18 02:04:13.1300000,NULL,NULL,NULL,NULL,NULL,NULL,NULL,NULL,NULL,NULL,NULL,NULL,NULL
405,1417,MA000109,1535,17.2,NULL,Language allowance,0,6.0000,Percent,BR102638,59.9000,per week,2025-07-01 00:00:00.0000000,NULL,5,2025-06-03 01:27:14.0000000,2025,2026-05-18 02:04:13.1733333,2026-05-18 02:04:13.1733333,NULL,NULL,NULL,NULL,NULL,NULL,NULL,NULL,NULL,NULL,NULL,NULL,NULL
406,1420,MA000110,1536,17.2(a)(ii),NULL,First aid allowance—maximum per week,0,1.9800,Percent,BR93265,20.1600,per week,2025-07-01 00:00:00.0000000,NULL,5,2025-06-03 01:27:46.0000000,2025,2026-05-18 02:04:13.2133333,2026-05-18 02:04:13.2133333,NULL,NULL,NULL,NULL,NULL,NULL,NULL,NULL,NULL,NULL,NULL,NULL,NULL
407,1419,MA000110,1536,17.2(a)(ii),NULL,First aid allowance—per shift,0,0.4600,Percent,BR93265,4.6800,per shift,2025-07-01 00:00:00.0000000,NULL,5,2025-06-03 01:27:46.0000000,2025,2026-05-18 02:04:13.2500000,2026-05-18 02:04:13.2500000,NULL,NULL,NULL,NULL,NULL,NULL,NULL,NULL,NULL,NULL,NULL,NULL,NULL
408,1430,MA000111,1546,19.6(a),NULL,Duty allowances—Designated heavy rescue appliance,0,2.4000,Percent,BR98482,25.6400,per week,2025-07-01 00:00:00.0000000,NULL,5,2025-06-03 01:32:02.0000000,2025,2026-05-18 02:04:13.2633333,2026-05-18 02:04:13.2633333,NULL,NULL,NULL,NULL,NULL,NULL,NULL,NULL,NULL,NULL,NULL,NULL,NULL
409,1431,MA000111,1547,19.6(b),NULL,Duty allowances—Station Officers and Firefighters rostered for special administrative duties,0,7.3000,Percent,BR98482,77.9900,per week whilst so rostered,2025-07-01 00:00:00.0000000,NULL,5,2025-06-03 01:32:02.0000000,2025,2026-05-18 02:04:13.2866667,2026-05-18 02:04:13.2866667,NULL,NULL,NULL,NULL,NULL,NULL,NULL,NULL,NULL,NULL,NULL,NULL,NULL
410,1428,MA000111,1544,19.5(d),NULL,Qualification allowances—Current recognised first aid certificate,0,1.9500,Percent,BR98482,20.8300,per week,2025-07-01 00:00:00.0000000,NULL,5,2025-06-03 01:32:02.0000000,2025,2026-05-18 02:04:13.3200000,2026-05-18 02:04:13.3200000,NULL,NULL,NULL,NULL,NULL,NULL,NULL,NULL,NULL,NULL,NULL,NULL,NULL
411,1426,MA000111,1542,19.5(b),NULL,Qualification allowances—IFE Graduate Certificate and Certificate of Fire Technology,0,2.5000,Percent,BR98482,26.7100,per week,2025-07-01 00:00:00.0000000,NULL,5,2025-06-03 01:32:02.0000000,2025,2026-05-18 02:04:13.3533333,2026-05-18 02:04:13.3533333,NULL,NULL,NULL,NULL,NULL,NULL,NULL,NULL,NULL,NULL,NULL,NULL,NULL
412,1427,MA000111,1543,19.5(c),NULL,Qualification allowances—IFE Graduate Certificate and Membership,0,3.1000,Percent,BR98482,33.1200,per week,2025-07-01 00:00:00.0000000,NULL,5,2025-06-03 01:32:02.0000000,2025,2026-05-18 02:04:13.3733333,2026-05-18 02:04:13.3733333,NULL,NULL,NULL,NULL,NULL,NULL,NULL,NULL,NULL,NULL,NULL,NULL,NULL
413,1425,MA000111,1541,19.5(a),NULL,Qualification allowances—IFE Graduate Certificate or Certificate of Fire Technology,0,1.7000,Percent,BR98482,18.1600,per week,2025-07-01 00:00:00.0000000,NULL,5,2025-06-03 01:32:02.0000000,2025,2026-05-18 02:04:13.4066667,2026-05-18 02:04:13.4066667,NULL,NULL,NULL,NULL,NULL,NULL,NULL,NULL,NULL,NULL,NULL,NULL,NULL
414,1423,MA000111,1539,19.4(b)(i),NULL,Relieving allowances—Between 50kms and 100kms away from appointed station,0,3.1800,Percent,BR98482,33.9800,per shift,2025-07-01 00:00:00.0000000,NULL,5,2025-06-03 01:32:02.0000000,2025,2026-05-18 02:04:13.4433333,2026-05-18 02:04:13.4433333,NULL,NULL,NULL,NULL,NULL,NULL,NULL,NULL,NULL,NULL,NULL,NULL,NULL
415,1422,MA000111,1538,19.4(a)(i),NULL,Relieving allowances—Greater than 100kms away from appointed station,0,3.1800,Percent,BR98482,33.9800,per shift,2025-07-01 00:00:00.0000000,NULL,5,2025-06-03 01:32:02.0000000,2025,2026-05-18 02:04:13.4800000,2026-05-18 02:04:13.4800000,NULL,NULL,NULL,NULL,NULL,NULL,NULL,NULL,NULL,NULL,NULL,NULL,NULL
416,1439,MA000112,1552,19.2(c)(iii),NULL,Adverse working conditions allowance—Level 1,0,3.5000,Percent,BR93300,0.9800,per hour,2025-07-01 00:00:00.0000000,NULL,5,2025-06-03 01:28:48.0000000,2025,2026-05-18 02:04:13.5166667,2026-05-18 02:04:13.5166667,NULL,NULL,NULL,NULL,NULL,NULL,NULL,NULL,NULL,NULL,NULL,NULL,NULL
417,11978,MA000112,1552,19.2(c)(iii),NULL,Adverse working conditions allowance—Level 2,0,5.0000,Percent,BR93300,1.4100,per hour,2025-07-01 00:00:00.0000000,NULL,5,2025-06-03 01:28:48.0000000,2025,2026-05-18 02:04:13.5366667,2026-05-18 02:04:13.5366667,NULL,NULL,NULL,NULL,NULL,NULL,NULL,NULL,NULL,NULL,NULL,NULL,NULL
418,11979,MA000112,1552,19.2(c)(iii),NULL,Adverse working conditions allowance—Level 3,0,50.0000,Percent,BR93300,14.0600,per hour,2025-07-01 00:00:00.0000000,NULL,5,2025-06-03 01:28:48.0000000,2025,2026-05-18 02:04:13.5600000,2026-05-18 02:04:13.5600000,NULL,NULL,NULL,NULL,NULL,NULL,NULL,NULL,NULL,NULL,NULL,NULL,NULL
419,1432,MA000112,1548,19.2(d)(i),NULL,Camping allowance (operative from 31 January 2014),0,115.0000,Percent,BR93300,32.3400,per night,2025-07-01 00:00:00.0000000,NULL,5,2025-06-03 01:28:48.0000000,2025,2026-05-18 02:04:13.6000000,2026-05-18 02:04:13.6000000,NULL,NULL,NULL,NULL,NULL,NULL,NULL,NULL,NULL,NULL,NULL,NULL,NULL
420,1437,MA000112,1550,19.2(b)(i),NULL,First aid allowance,0,70.0000,Percent,BR93300,19.6800,per week,2025-07-01 00:00:00.0000000,NULL,5,2025-06-03 01:28:48.0000000,2025,2026-05-18 02:04:13.6200000,2026-05-18 02:04:13.6200000,NULL,NULL,NULL,NULL,NULL,NULL,NULL,NULL,NULL,NULL,NULL,NULL,NULL
421,1434,MA000112,1549,19.2(a),NULL,Leading hand allowance—Supervisor level 3 or 4—supervising 1 to 5 employees,0,110.0000,Percent,BR93300,30.9300,per week,2025-07-01 00:00:00.0000000,NULL,5,2025-06-03 01:28:48.0000000,2025,2026-05-18 02:04:13.6566667,2026-05-18 02:04:13.6566667,NULL,NULL,NULL,NULL,NULL,NULL,NULL,NULL,NULL,NULL,NULL,NULL,NULL
422,1435,MA000112,1549,19.2(a),NULL,Leading hand allowance—Supervisor level 3 or 4—supervising 6 to 15 employees,0,150.0000,Percent,BR93300,42.1800,per week,2025-07-01 00:00:00.0000000,NULL,5,2025-06-03 01:28:48.0000000,2025,2026-05-18 02:04:13.6766667,2026-05-18 02:04:13.6766667,NULL,NULL,NULL,NULL,NULL,NULL,NULL,NULL,NULL,NULL,NULL,NULL,NULL
423,1436,MA000112,1549,19.2(a),NULL,"Leading hand allowance—Supervisor level 3, 4 or 5—supervising over 15 employees",0,190.0000,Percent,BR93300,53.4300,per week,2025-07-01 00:00:00.0000000,NULL,5,2025-06-03 01:28:48.0000000,2025,2026-05-18 02:04:13.7133333,2026-05-18 02:04:13.7133333,NULL,NULL,NULL,NULL,NULL,NULL,NULL,NULL,NULL,NULL,NULL,NULL,NULL
424,1443,MA000112,1556,19.2(e)(i),NULL,On-call allowance—Monday to Friday,0,100.0000,Percent,BR93300,28.1200,per day,2025-07-01 00:00:00.0000000,NULL,5,2025-06-03 01:28:48.0000000,2025,2026-05-18 02:04:13.7533333,2026-05-18 02:04:13.7533333,NULL,NULL,NULL,NULL,NULL,NULL,NULL,NULL,NULL,NULL,NULL,NULL,NULL
425,1444,MA000112,1557,19.2(e)(ii),NULL,On-call allowance—Saturday,0,150.0000,Percent,BR93300,42.1800,per day,2025-07-01 00:00:00.0000000,NULL,5,2025-06-03 01:28:48.0000000,2025,2026-05-18 02:04:13.7933333,2026-05-18 02:04:13.7933333,NULL,NULL,NULL,NULL,NULL,NULL,NULL,NULL,NULL,NULL,NULL,NULL,NULL
426,1445,MA000112,1558,19.2(e)(iii),NULL,On-call allowance—Sunday or public holiday,0,200.0000,Percent,BR93300,56.2400,per day,2025-07-01 00:00:00.0000000,NULL,5,2025-06-03 01:28:48.0000000,2025,2026-05-18 02:04:13.8300000,2026-05-18 02:04:13.8300000,NULL,NULL,NULL,NULL,NULL,NULL,NULL,NULL,NULL,NULL,NULL,NULL,NULL
427,1446,MA000112,1559,21.7(a),NULL,Sleepover allowance—additional to on-call allowance in clause 19.2(e),0,50.0000,Percent,BR93300,14.0600,per hour,2025-07-01 00:00:00.0000000,NULL,5,2025-06-03 01:28:48.0000000,2025,2026-05-18 02:04:13.8600000,2026-05-18 02:04:13.8600000,NULL,NULL,NULL,NULL,NULL,NULL,NULL,NULL,NULL,NULL,NULL,NULL,NULL
428,1454,MA000113,1564,18.2(c)(ii),NULL,Adverse working conditions allowance—Level 1,0,3.5000,Percent,BR93311,0.9800,per hour,2025-07-01 00:00:00.0000000,NULL,5,2025-06-03 01:26:47.0000000,2025,2026-05-18 02:04:13.8900000,2026-05-18 02:04:13.8900000,NULL,NULL,NULL,NULL,NULL,NULL,NULL,NULL,NULL,NULL,NULL,NULL,NULL
429,11901,MA000113,1564,18.2(c)(ii),NULL,Adverse working conditions allowance—Level 2,0,5.0000,Percent,BR93311,1.4100,per hour,2025-07-01 00:00:00.0000000,NULL,5,2025-06-03 01:26:47.0000000,2025,2026-05-18 02:04:13.9000000,2026-05-18 02:04:13.9000000,NULL,NULL,NULL,NULL,NULL,NULL,NULL,NULL,NULL,NULL,NULL,NULL,NULL
430,11902,MA000113,1564,18.2(c)(ii),NULL,Adverse working conditions allowance—Level 3,0,50.0000,Percent,BR93311,14.0600,per hour,2025-07-01 00:00:00.0000000,NULL,5,2025-06-03 01:26:47.0000000,2025,2026-05-18 02:04:13.9133333,2026-05-18 02:04:13.9133333,NULL,NULL,NULL,NULL,NULL,NULL,NULL,NULL,NULL,NULL,NULL,NULL,NULL
431,1451,MA000113,1561,18.2(b)(i),NULL,First aid allowance,0,65.0000,Percent,BR93311,18.2800,per week,2025-07-01 00:00:00.0000000,NULL,5,2025-06-03 01:26:47.0000000,2025,2026-05-18 02:04:13.9266667,2026-05-18 02:04:13.9266667,NULL,NULL,NULL,NULL,NULL,NULL,NULL,NULL,NULL,NULL,NULL,NULL,NULL
432,1448,MA000113,1560,18.2(a),NULL,Leading hand allowance—Supervisor level 3 or 4—supervising 1 to 5 employees,0,110.0000,Percent,BR93311,30.9300,per week,2025-07-01 00:00:00.0000000,NULL,5,2025-06-03 01:26:47.0000000,2025,2026-05-18 02:04:13.9400000,2026-05-18 02:04:13.9400000,NULL,NULL,NULL,NULL,NULL,NULL,NULL,NULL,NULL,NULL,NULL,NULL,NULL
433,1449,MA000113,1560,18.2(a),NULL,Leading hand allowance—Supervisor level 3 or 4—supervising 6 to 15 employees,0,150.0000,Percent,BR93311,42.1800,per week,2025-07-01 00:00:00.0000000,NULL,5,2025-06-03 01:26:47.0000000,2025,2026-05-18 02:04:13.9566667,2026-05-18 02:04:13.9566667,NULL,NULL,NULL,NULL,NULL,NULL,NULL,NULL,NULL,NULL,NULL,NULL,NULL
434,1450,MA000113,1560,18.2(a),NULL,"Leading hand allowance—Supervisor level 3, 4 or 5—supervising over 15 employees",0,190.0000,Percent,BR93311,53.4300,per week,2025-07-01 00:00:00.0000000,NULL,5,2025-06-03 01:26:47.0000000,2025,2026-05-18 02:04:13.9833333,2026-05-18 02:04:13.9833333,NULL,NULL,NULL,NULL,NULL,NULL,NULL,NULL,NULL,NULL,NULL,NULL,NULL
435,1459,MA000113,1569,20.6(b)(ii),NULL,On-call allowance—Saturday,0,200.0000,Percent,BR93311,56.2400,per day,2025-07-01 00:00:00.0000000,NULL,5,2025-06-03 01:26:47.0000000,2025,2026-05-18 02:04:14.0033333,2026-05-18 02:04:14.0033333,NULL,NULL,NULL,NULL,NULL,NULL,NULL,NULL,NULL,NULL,NULL,NULL,NULL
436,1460,MA000113,1570,20.6(b)(iii),NULL,On-call allowance—Sunday or public holiday,0,250.0000,Percent,BR93311,70.3000,per day,2025-07-01 00:00:00.0000000,NULL,5,2025-06-03 01:26:47.0000000,2025,2026-05-18 02:04:14.0200000,2026-05-18 02:04:14.0200000,NULL,NULL,NULL,NULL,NULL,NULL,NULL,NULL,NULL,NULL,NULL,NULL,NULL
437,1458,MA000113,1568,20.6(b)(i),NULL,On-call allowance—Weekday,0,150.0000,Percent,BR93311,42.1800,per day,2025-07-01 00:00:00.0000000,NULL,5,2025-06-03 01:26:47.0000000,2025,2026-05-18 02:04:14.0400000,2026-05-18 02:04:14.0400000,NULL,NULL,NULL,NULL,NULL,NULL,NULL,NULL,NULL,NULL,NULL,NULL,NULL
438,1452,MA000113,1562,18.2(e)(v),NULL,"Transfers, travelling and working away from normal starting point",0,50.0000,Percent,BR93311,14.0600,per day,2025-07-01 00:00:00.0000000,NULL,5,2025-06-03 01:26:47.0000000,2025,2026-05-18 02:04:14.0700000,2026-05-18 02:04:14.0700000,NULL,NULL,NULL,NULL,NULL,NULL,NULL,NULL,NULL,NULL,NULL,NULL,NULL
439,1462,MA000114,1572,18.2(b),NULL,Diving allowance—finfish attendants,0,0.4700,Percent,BR93321,5.0200,per hour or part thereof,2025-07-01 00:00:00.0000000,NULL,5,2025-06-03 01:19:12.0000000,2025,2026-05-18 02:04:14.0966667,2026-05-18 02:04:14.0966667,NULL,NULL,NULL,NULL,NULL,NULL,NULL,NULL,NULL,NULL,NULL,NULL,NULL
440,1461,MA000114,1571,18.2(a),NULL,First aid allowance,0,0.3400,Percent,BR93321,3.6300,per working day,2025-07-01 00:00:00.0000000,NULL,5,2025-06-03 01:19:12.0000000,2025,2026-05-18 02:04:14.1233333,2026-05-18 02:04:14.1233333,NULL,NULL,NULL,NULL,NULL,NULL,NULL,NULL,NULL,NULL,NULL,NULL,NULL
441,1464,MA000115,1573,18.2(a)(ii),NULL,Bilingual qualification allowance—Level 1,0,206.9300,Percent,BR93325,2459.1600,per annum,2025-07-01 00:00:00.0000000,NULL,5,2025-06-03 01:34:17.0000000,2025,2026-05-18 02:04:14.1533333,2026-05-18 02:04:14.1533333,NULL,NULL,NULL,NULL,NULL,NULL,NULL,NULL,NULL,NULL,NULL,NULL,NULL
442,1465,MA000115,1573,18.2(a)(ii),NULL,Bilingual qualification allowance—Level 2,0,414.1800,Percent,BR93325,4922.1200,per annum,2025-07-01 00:00:00.0000000,NULL,5,2025-06-03 01:34:17.0000000,2025,2026-05-18 02:04:14.1700000,2026-05-18 02:04:14.1700000,NULL,NULL,NULL,NULL,NULL,NULL,NULL,NULL,NULL,NULL,NULL,NULL,NULL
443,12320,MA000115,23459,18.2(c),NULL,Medication administration allowance,0,0.2500,Percent,BR93325,2.9700,per week,2025-07-01 00:00:00.0000000,NULL,5,2025-06-03 01:34:17.0000000,2025,2026-05-18 02:04:14.2000000,2026-05-18 02:04:14.2000000,NULL,NULL,NULL,NULL,NULL,NULL,NULL,NULL,NULL,NULL,NULL,NULL,NULL
444,12319,MA000115,23458,18.2(b),NULL,Nauseous work allowance—minimum per week,0,0.2700,Percent,BR93325,3.2100,minimum per week,2025-07-01 00:00:00.0000000,NULL,5,2025-06-03 01:34:17.0000000,2025,2026-05-18 02:04:14.2266667,2026-05-18 02:04:14.2266667,NULL,NULL,NULL,NULL,NULL,NULL,NULL,NULL,NULL,NULL,NULL,NULL,NULL
445,12318,MA000115,23458,18.2(b),NULL,Nauseous work allowance—per hour,0,0.0500,Percent,BR93325,0.5900,per hour or part thereof,2025-07-01 00:00:00.0000000,NULL,6,2025-06-03 01:34:17.0000000,2025,2026-05-18 02:04:14.2500000,2026-05-18 02:04:14.2500000,NULL,NULL,NULL,NULL,NULL,NULL,NULL,NULL,NULL,NULL,NULL,NULL,NULL
446,1467,MA000115,1574,20.7(a)(i),NULL,On-call and recall allowances—After ordinary working hours—other than public holiday,0,1.9700,Percent,BR93325,23.4100,per any 24 hour period or part thereof,2025-07-01 00:00:00.0000000,NULL,5,2025-06-03 01:34:17.0000000,2025,2026-05-18 02:04:14.2800000,2026-05-18 02:04:14.2800000,NULL,NULL,NULL,NULL,NULL,NULL,NULL,NULL,NULL,NULL,NULL,NULL,NULL
447,11840,MA000115,22910,20.7(a)(ii),NULL,On-call and recall allowances—Public holiday,0,3.9400,Percent,BR93325,46.8200,per any 24 hour period or part thereof,2025-07-01 00:00:00.0000000,NULL,5,2025-06-03 01:34:17.0000000,2025,2026-05-18 02:04:14.3133333,2026-05-18 02:04:14.3133333,NULL,NULL,NULL,NULL,NULL,NULL,NULL,NULL,NULL,NULL,NULL,NULL,NULL
448,1486,MA000117,1584,22.1(b)(ii),Ordinary hours between 7.00 am and 6.00 pm on a Saturday,15 years of age,0,0.7800,Percent,BR93394,7.9000,per hour,2025-07-01 00:00:00.0000000,NULL,5,2025-06-17 05:38:29.0000000,2025,2026-05-18 02:04:14.3566667,2026-05-18 02:04:14.3566667,NULL,NULL,NULL,NULL,NULL,NULL,NULL,NULL,NULL,NULL,NULL,NULL,NULL
449,1481,MA000117,1583,22.1(b)(i),Ordinary hours between 6.00 pm and 9.00 pm on a weekday,15 years of age,0,0.3800,Percent,BR93394,3.8500,per hour,2025-07-01 00:00:00.0000000,NULL,5,2025-06-17 05:38:29.0000000,2025,2026-05-18 02:04:14.3833333,2026-05-18 02:04:14.3833333,NULL,NULL,NULL,NULL,NULL,NULL,NULL,NULL,NULL,NULL,NULL,NULL,NULL
450,1482,MA000117,1583,22.1(b)(i),Ordinary hours between 6.00 pm and 9.00 pm on a weekday,16 years of age,0,0.4700,Percent,BR93394,4.7600,per hour,2025-07-01 00:00:00.0000000,NULL,5,2025-06-17 05:38:29.0000000,2025,2026-05-18 02:04:14.4000000,2026-05-18 02:04:14.4000000,NULL,NULL,NULL,NULL,NULL,NULL,NULL,NULL,NULL,NULL,NULL,NULL,NULL
451,1487,MA000117,1584,22.1(b)(ii),Ordinary hours between 7.00 am and 6.00 pm on a Saturday,16 years of age,0,0.9700,Percent,BR93394,9.8300,per hour,2025-07-01 00:00:00.0000000,NULL,5,2025-06-17 05:38:29.0000000,2025,2026-05-18 02:04:14.4133333,2026-05-18 02:04:14.4133333,NULL,NULL,NULL,NULL,NULL,NULL,NULL,NULL,NULL,NULL,NULL,NULL,NULL
452,1488,MA000117,1584,22.1(b)(ii),Ordinary hours between 7.00 am and 6.00 pm on a Saturday,17 years of age,0,1.1700,Percent,BR93394,11.8600,per hour,2025-07-01 00:00:00.0000000,NULL,5,2025-06-17 05:38:30.0000000,2025,2026-05-18 02:04:14.4266667,2026-05-18 02:04:14.4266667,NULL,NULL,NULL,NULL,NULL,NULL,NULL,NULL,NULL,NULL,NULL,NULL,NULL
453,1483,MA000117,1583,22.1(b)(i),Ordinary hours between 6.00 pm and 9.00 pm on a weekday,17 years of age,0,0.5700,Percent,BR93394,5.7800,per hour,2025-07-01 00:00:00.0000000,NULL,5,2025-06-17 05:38:30.0000000,2025,2026-05-18 02:04:14.4433333,2026-05-18 02:04:14.4433333,NULL,NULL,NULL,NULL,NULL,NULL,NULL,NULL,NULL,NULL,NULL,NULL,NULL
454,1484,MA000117,1583,22.1(b)(i),Ordinary hours between 6.00 pm and 9.00 pm on a weekday,18 years of age and over,0,0.6300,Percent,BR93394,6.3800,per hour,2025-07-01 00:00:00.0000000,NULL,5,2025-06-17 05:38:30.0000000,2025,2026-05-18 02:04:14.4766667,2026-05-18 02:04:14.4766667,NULL,NULL,NULL,NULL,NULL,NULL,NULL,NULL,NULL,NULL,NULL,NULL,NULL
455,1489,MA000117,1584,22.1(b)(ii),Ordinary hours between 7.00 am and 6.00 pm on a Saturday,18 years of age and over,0,1.3000,Percent,BR93394,13.1700,per hour,2025-07-01 00:00:00.0000000,NULL,5,2025-06-17 05:38:30.0000000,2025,2026-05-18 02:04:14.5100000,2026-05-18 02:04:14.5100000,NULL,NULL,NULL,NULL,NULL,NULL,NULL,NULL,NULL,NULL,NULL,NULL,NULL
456,1474,MA000117,1577,16.2(k),NULL,Billboards/posters,0,27.0900,Percent,BR93394,274.5300,additional payment to each model involved,2025-07-01 00:00:00.0000000,NULL,5,2025-06-17 05:38:29.0000000,2025,2026-05-18 02:04:14.5400000,2026-05-18 02:04:14.5400000,NULL,NULL,NULL,NULL,NULL,NULL,NULL,NULL,NULL,NULL,NULL,NULL,NULL
457,1476,MA000117,1579,22.1,NULL,Evening and Saturday work:,0,NULL,NULL,NULL,NULL,NULL,2025-07-01 00:00:00.0000000,NULL,5,2025-06-17 05:38:29.0000000,2025,2026-05-18 02:04:14.5766667,2026-05-18 02:04:14.5766667,NULL,NULL,NULL,NULL,NULL,NULL,NULL,NULL,NULL,NULL,NULL,NULL,NULL
458,1479,MA000117,1582,22.1(b),NULL,Evening and Saturday work—juniors:,0,NULL,NULL,NULL,NULL,NULL,2025-07-01 00:00:00.0000000,NULL,5,2025-06-17 05:38:29.0000000,2025,2026-05-18 02:04:14.6200000,2026-05-18 02:04:14.6200000,NULL,NULL,NULL,NULL,NULL,NULL,NULL,NULL,NULL,NULL,NULL,NULL,NULL
459,1471,MA000117,1576,16.2(j)(ii),NULL,Freelance comperes—mannequin parades—Not required to prepare a script,0,5.0100,Percent,BR93394,50.7700,per engagement,2025-07-01 00:00:00.0000000,NULL,5,2025-06-17 05:38:29.0000000,2025,2026-05-18 02:04:14.6466667,2026-05-18 02:04:14.6466667,NULL,NULL,NULL,NULL,NULL,NULL,NULL,NULL,NULL,NULL,NULL,NULL,NULL
460,1473,MA000117,1576,16.2(j)(ii),NULL,Freelance comperes—mannequin parades—Required to prepare a script for a single parade,0,17.4500,Percent,BR93394,176.8400,per engagement,2025-07-01 00:00:00.0000000,NULL,5,2025-06-17 05:38:30.0000000,2025,2026-05-18 02:04:14.6733333,2026-05-18 02:04:14.6733333,NULL,NULL,NULL,NULL,NULL,NULL,NULL,NULL,NULL,NULL,NULL,NULL,NULL
461,1472,MA000117,1576,16.2(j)(ii),NULL,Freelance comperes—mannequin parades—Required to prepare a script for repetitive parades,0,11.4000,Percent,BR93394,115.5300,per engagement,2025-07-01 00:00:00.0000000,NULL,5,2025-06-17 05:38:29.0000000,2025,2026-05-18 02:04:14.7133333,2026-05-18 02:04:14.7133333,NULL,NULL,NULL,NULL,NULL,NULL,NULL,NULL,NULL,NULL,NULL,NULL,NULL
462,1477,MA000117,1580,22.1(a)(i),NULL,House mannequin or model—between 6.00 pm and 9.00 pm on a weekday,0,0.6300,Percent,BR93394,6.3800,per hour,2025-07-01 00:00:00.0000000,NULL,5,2025-06-17 05:38:29.0000000,2025,2026-05-18 02:04:14.7433333,2026-05-18 02:04:14.7433333,NULL,NULL,NULL,NULL,NULL,NULL,NULL,NULL,NULL,NULL,NULL,NULL,NULL
463,1478,MA000117,1581,22.1(a)(ii),NULL,House mannequin or model—between 7.00 am and 6.00 pm on a Saturday,0,1.3000,Percent,BR93394,13.1700,per hour,2025-07-01 00:00:00.0000000,NULL,5,2025-06-17 05:38:29.0000000,2025,2026-05-18 02:04:14.7666667,2026-05-18 02:04:14.7666667,NULL,NULL,NULL,NULL,NULL,NULL,NULL,NULL,NULL,NULL,NULL,NULL,NULL
464,1475,MA000117,1578,16.2(l),NULL,Mannequins—other than manufacturers’ and agents’ showings exclusively to the trade,0,7.0800,Percent,BR93394,71.7500,per exclusive parade where media is present,2025-07-01 00:00:00.0000000,NULL,5,2025-06-17 05:38:29.0000000,2025,2026-05-18 02:04:14.7933333,2026-05-18 02:04:14.7933333,NULL,NULL,NULL,NULL,NULL,NULL,NULL,NULL,NULL,NULL,NULL,NULL,NULL
465,1480,MA000117,1583,22.1(b)(i),NULL,Ordinary hours between 6.00 pm and 9.00 pm on a weekday:,0,NULL,NULL,NULL,NULL,NULL,2025-07-01 00:00:00.0000000,NULL,5,2025-06-17 05:38:29.0000000,2025,2026-05-18 02:04:14.8333333,2026-05-18 02:04:14.8333333,NULL,NULL,NULL,NULL,NULL,NULL,NULL,NULL,NULL,NULL,NULL,NULL,NULL
466,1485,MA000117,1584,22.1(b)(ii),NULL,Ordinary hours between 7.00 am and 6.00 pm on a Saturday:,0,NULL,NULL,NULL,NULL,NULL,2025-07-01 00:00:00.0000000,NULL,5,2025-06-17 05:38:29.0000000,2025,2026-05-18 02:04:14.8666667,2026-05-18 02:04:14.8666667,NULL,NULL,NULL,NULL,NULL,NULL,NULL,NULL,NULL,NULL,NULL,NULL,NULL
467,1469,MA000117,1575,16.2(j)(i),NULL,Trade showings or parades,0,5.3300,Percent,BR93394,54.0100,per showing or parade,2025-07-01 00:00:00.0000000,NULL,5,2025-06-17 05:38:29.0000000,2025,2026-05-18 02:04:14.9000000,2026-05-18 02:04:14.9000000,NULL,NULL,NULL,NULL,NULL,NULL,NULL,NULL,NULL,NULL,NULL,NULL,NULL
468,1493,MA000118,1588,16.2(a),NULL,Broken shift allowance,0,1.6000,Percent,BR93430,17.0900,per shift,2025-07-01 00:00:00.0000000,NULL,5,2025-06-03 01:36:32.0000000,2025,2026-05-18 02:04:14.9266667,2026-05-18 02:04:14.9266667,NULL,NULL,NULL,NULL,NULL,NULL,NULL,NULL,NULL,NULL,NULL,NULL,NULL
469,1494,MA000118,1589,16.2(b),NULL,First aid allowance,0,1.9600,Percent,BR93430,20.9400,per week,2025-07-01 00:00:00.0000000,NULL,5,2025-06-03 01:36:31.0000000,2025,2026-05-18 02:04:14.9433333,2026-05-18 02:04:14.9433333,NULL,NULL,NULL,NULL,NULL,NULL,NULL,NULL,NULL,NULL,NULL,NULL,NULL
470,1496,MA000118,1591,16.2(c)(i),NULL,On-call allowance—Monday to Friday,0,2.0700,Percent,BR93430,22.1200,per each 24 hour period or part thereof,2025-07-01 00:00:00.0000000,NULL,5,2025-06-03 01:36:31.0000000,2025,2026-05-18 02:04:14.9800000,2026-05-18 02:04:14.9800000,NULL,NULL,NULL,NULL,NULL,NULL,NULL,NULL,NULL,NULL,NULL,NULL,NULL
471,1497,MA000118,1592,16.2(c)(ii),NULL,On-call allowance—Saturday,0,3.1100,Percent,BR93430,33.2300,per each 24 hour period or part thereof,2025-07-01 00:00:00.0000000,NULL,5,2025-06-03 01:36:31.0000000,2025,2026-05-18 02:04:15.0200000,2026-05-18 02:04:15.0200000,NULL,NULL,NULL,NULL,NULL,NULL,NULL,NULL,NULL,NULL,NULL,NULL,NULL
472,1498,MA000118,1593,16.2(c)(iii),NULL,"On-call allowance—Sunday, public holiday or off duty day",0,3.6200,Percent,BR93430,38.6800,per each 24 hour period or part thereof,2025-07-01 00:00:00.0000000,NULL,5,2025-06-03 01:36:31.0000000,2025,2026-05-18 02:04:15.0500000,2026-05-18 02:04:15.0500000,NULL,NULL,NULL,NULL,NULL,NULL,NULL,NULL,NULL,NULL,NULL,NULL,NULL
473,11830,MA000118,1585,16.3(a),NULL,On-call duty allowance,0,5.0600,Percent,BR93430,54.0600,per each period of duty,2025-07-01 00:00:00.0000000,NULL,5,2025-06-03 01:36:32.0000000,2025,2026-05-18 02:04:15.0800000,2026-05-18 02:04:15.0800000,NULL,NULL,NULL,NULL,NULL,NULL,NULL,NULL,NULL,NULL,NULL,NULL,NULL
474,11831,MA000118,1588,16.2(a),NULL,Other than veterinary surgeons,0,NULL,NULL,NULL,NULL,NULL,2025-07-01 00:00:00.0000000,NULL,5,2025-06-03 01:36:31.0000000,2025,2026-05-18 02:04:15.1200000,2026-05-18 02:04:15.1200000,NULL,NULL,NULL,NULL,NULL,NULL,NULL,NULL,NULL,NULL,NULL,NULL,NULL
475,1490,MA000118,1585,16.3(a),NULL,Veterinary surgeons,0,NULL,NULL,NULL,NULL,NULL,2025-07-01 00:00:00.0000000,NULL,5,2025-06-03 01:36:32.0000000,2025,2026-05-18 02:04:15.1500000,2026-05-18 02:04:15.1500000,NULL,NULL,NULL,NULL,NULL,NULL,NULL,NULL,NULL,NULL,NULL,NULL,NULL
476,11947,MA000119,22966,24.2,NULL,Penalty—Monday to Friday—10.00 pm to midnight,0,10.0000,Percent,BR93440,2.8100,per hour or part thereof,2025-07-01 00:00:00.0000000,NULL,5,2025-06-03 01:20:11.0000000,2025,2026-05-18 02:04:15.1800000,2026-05-18 02:04:15.1800000,NULL,NULL,NULL,NULL,NULL,NULL,NULL,NULL,NULL,NULL,NULL,NULL,NULL
477,11948,MA000119,22966,24.2,NULL,Penalty—Monday to Friday—midnight to 6.00 am,0,15.0000,Percent,BR93440,4.2200,per hour or part thereof,2025-07-01 00:00:00.0000000,NULL,5,2025-06-03 01:20:11.0000000,2025,2026-05-18 02:04:15.2100000,2026-05-18 02:04:15.2100000,NULL,NULL,NULL,NULL,NULL,NULL,NULL,NULL,NULL,NULL,NULL,NULL,NULL
478,1499,MA000119,1594,21.3(b),NULL,Split shift allowance—full-time and part-time employees,0,0.5000,Percent,BR93440,5.3400,per each separate work period of 2 hours or more,2025-07-01 00:00:00.0000000,NULL,6,2025-06-03 01:20:11.0000000,2025,2026-05-18 02:04:15.2400000,2026-05-18 02:04:15.2400000,NULL,NULL,NULL,NULL,NULL,NULL,NULL,NULL,NULL,NULL,NULL,NULL,NULL
479,1500,MA000120,1595,15.1,NULL,Broken shift allowance,0,1.9100,Percent,BR93452,20.4100,per day,2025-07-01 00:00:00.0000000,2026-02-28 00:00:00.0000000,5,2026-02-25 06:10:25.0000000,2025,2026-05-18 02:04:15.2700000,2026-05-18 02:04:15.2700000,NULL,NULL,NULL,NULL,NULL,NULL,NULL,NULL,NULL,NULL,NULL,NULL,NULL
480,19530,MA000120,36298,15.8,NULL,Educational leader allowance,0,6.3000,Percent,BR120752,4567.3100,per annum,2025-07-01 00:00:00.0000000,2026-02-28 00:00:00.0000000,4,2026-02-25 06:10:26.0000000,2025,2026-05-18 02:04:15.2966667,2026-05-18 02:04:15.2966667,NULL,NULL,NULL,NULL,NULL,NULL,NULL,NULL,NULL,NULL,NULL,NULL,NULL
481,1501,MA000120,1596,15.4(a),NULL,First aid allowance,0,1.1300,Percent,BR93452,12.0700,per day,2025-07-01 00:00:00.0000000,2026-02-28 00:00:00.0000000,5,2026-02-25 06:10:26.0000000,2025,2026-05-18 02:04:15.3233333,2026-05-18 02:04:15.3233333,NULL,NULL,NULL,NULL,NULL,NULL,NULL,NULL,NULL,NULL,NULL,NULL,NULL
482,1502,MA000120,1596,15.4(a),NULL,First aid allowance—out-of-school-hours care,0,0.1500,Percent,BR93452,1.6000,per hour,2025-07-01 00:00:00.0000000,2026-02-28 00:00:00.0000000,5,2026-02-25 06:10:26.0000000,2025,2026-05-18 02:04:15.3500000,2026-05-18 02:04:15.3500000,NULL,NULL,NULL,NULL,NULL,NULL,NULL,NULL,NULL,NULL,NULL,NULL,NULL
483,1503,MA000120,1597,15.6,NULL,Qualifications allowance—Director or Assistant Director with appropriate certificate,1,5.0000,Percent,BR93470,67.9500,per week,2025-07-01 00:00:00.0000000,2026-02-28 00:00:00.0000000,5,2026-02-24 00:41:48.0000000,2025,2026-05-18 02:04:15.4666667,2026-05-18 02:04:15.4666667,NULL,NULL,NULL,NULL,NULL,NULL,NULL,NULL,NULL,NULL,NULL,NULL,NULL
484,1504,MA000121,1598,18.2(a)(ii),NULL,First aid allowance,0,1.4100,Percent,BR93487,786.0500,per annum,2025-07-01 00:00:00.0000000,NULL,5,2025-06-03 01:45:52.0000000,2025,2026-05-18 02:04:15.5033333,2026-05-18 02:04:15.5033333,NULL,NULL,NULL,NULL,NULL,NULL,NULL,NULL,NULL,NULL,NULL,NULL,NULL
485,1508,MA000122,1602,16.3(b)(i),NULL,"Cargo allowances—at any other time, or if the work is done outside the employee’s watch on duty, if watches are being kept, or on Saturdays, Sundays or public holidays—handling",0,1.4900,Percent,BR93642,23.0500,per hour,2025-07-01 00:00:00.0000000,NULL,8,2025-06-05 01:55:07.0000000,2025,2026-05-18 02:04:15.5333333,2026-05-18 02:04:15.5333333,NULL,NULL,NULL,NULL,NULL,NULL,NULL,NULL,NULL,NULL,NULL,NULL,NULL
486,1513,MA000122,1606,16.3(b)(ii),NULL,"Cargo allowances—at any other time, or if the work is done outside the employee’s watch on duty, if watches are being kept, or on Saturdays, Sundays or public holidays—securing or lashing",0,0.4800,Percent,BR93642,7.4200,per hour,2025-07-01 00:00:00.0000000,NULL,8,2025-06-05 01:55:07.0000000,2025,2026-05-18 02:04:15.5700000,2026-05-18 02:04:15.5700000,NULL,NULL,NULL,NULL,NULL,NULL,NULL,NULL,NULL,NULL,NULL,NULL,NULL
487,12152,MA000122,23158,16.3(e)(i),NULL,"Cargo allowances—between 11.00pm and 7.00am if certain prescribed conditions are met and if the cargo is mail, passengers’ luggage or passengers’ motor cars—handling",0,1.5400,Percent,BR93642,23.8200,per hour,2025-07-01 00:00:00.0000000,NULL,8,2025-06-05 01:55:07.0000000,2025,2026-05-18 02:04:15.6000000,2026-05-18 02:04:15.6000000,NULL,NULL,NULL,NULL,NULL,NULL,NULL,NULL,NULL,NULL,NULL,NULL,NULL
488,12153,MA000122,23158,16.3(e)(i),NULL,"Cargo allowances—between 11.00pm and 7.00am if certain prescribed conditions are met and if the cargo is mail, passengers’ luggage or passengers’ motor cars—securing or lashing",0,0.4900,Percent,BR93642,7.5800,per hour,2025-07-01 00:00:00.0000000,NULL,8,2025-06-05 01:55:08.0000000,2025,2026-05-18 02:04:15.6200000,2026-05-18 02:04:15.6200000,NULL,NULL,NULL,NULL,NULL,NULL,NULL,NULL,NULL,NULL,NULL,NULL,NULL
489,1510,MA000122,1604,16.3(d)(i),NULL,Cargo allowances—between 11.00pm and 7.00am if certain prescribed conditions are met—handling,0,1.8700,Percent,BR93642,28.9200,per hour,2025-07-01 00:00:00.0000000,NULL,8,2025-06-05 01:55:07.0000000,2025,2026-05-18 02:04:15.6533333,2026-05-18 02:04:15.6533333,NULL,NULL,NULL,NULL,NULL,NULL,NULL,NULL,NULL,NULL,NULL,NULL,NULL
490,1515,MA000122,1608,16.3(d)(ii),NULL,Cargo allowances—between 11.00pm and 7.00am if certain prescribed conditions are met—securing or lashing,0,0.5700,Percent,BR93642,8.8200,per hour,2025-07-01 00:00:00.0000000,NULL,8,2025-06-05 01:55:08.0000000,2025,2026-05-18 02:04:15.6866667,2026-05-18 02:04:15.6866667,NULL,NULL,NULL,NULL,NULL,NULL,NULL,NULL,NULL,NULL,NULL,NULL,NULL
491,1507,MA000122,1601,16.3(a)(i),NULL,"Cargo allowances—between 7.00am and 5.00pm, unless the work is done outside the employee’s watch on duty if watches are being kept—handling",0,1.1700,Percent,BR93642,18.1000,per hour,2025-07-01 00:00:00.0000000,NULL,8,2025-06-05 01:55:08.0000000,2025,2026-05-18 02:04:15.7166667,2026-05-18 02:04:15.7166667,NULL,NULL,NULL,NULL,NULL,NULL,NULL,NULL,NULL,NULL,NULL,NULL,NULL
492,1512,MA000122,1605,16.3(a)(ii),NULL,"Cargo allowances—between 7.00am and 5.00pm, unless the work is done outside the employee’s watch on duty if watches are being kept—securing or lashing",0,0.4100,Percent,BR93642,6.3400,per hour,2025-07-01 00:00:00.0000000,NULL,8,2025-06-05 01:55:08.0000000,2025,2026-05-18 02:04:15.7533333,2026-05-18 02:04:15.7533333,NULL,NULL,NULL,NULL,NULL,NULL,NULL,NULL,NULL,NULL,NULL,NULL,NULL
493,1509,MA000122,1603,16.3(e)(ii),NULL,"Cargo allowances—if the cargo is mail, passengers’ luggage or passengers’ motor cars—handling",0,1.1700,Percent,BR93642,18.1000,per hour,2025-07-01 00:00:00.0000000,NULL,8,2025-06-05 01:55:08.0000000,2025,2026-05-18 02:04:15.8166667,2026-05-18 02:04:15.8166667,NULL,NULL,NULL,NULL,NULL,NULL,NULL,NULL,NULL,NULL,NULL,NULL,NULL
494,12151,MA000122,1603,16.3(e)(ii),NULL,"Cargo allowances—if the cargo is mail, passengers’ luggage or passengers’ motor cars—securing or lashing",0,0.4100,Percent,BR93642,6.3400,per hour,2025-07-01 00:00:00.0000000,NULL,8,2025-06-05 01:55:08.0000000,2025,2026-05-18 02:04:15.8300000,2026-05-18 02:04:15.8300000,NULL,NULL,NULL,NULL,NULL,NULL,NULL,NULL,NULL,NULL,NULL,NULL,NULL
495,1517,MA000122,1609,16.4(a),NULL,Disturbance of sleep allowance,0,1.8700,Percent,BR93642,28.9200,per night or rest period,2025-07-01 00:00:00.0000000,NULL,8,2025-06-05 01:55:08.0000000,2025,2026-05-18 02:04:15.8600000,2026-05-18 02:04:15.8600000,NULL,NULL,NULL,NULL,NULL,NULL,NULL,NULL,NULL,NULL,NULL,NULL,NULL
496,1505,MA000122,1599,16.2(a),NULL,Tanker allowance,0,0.8300,Percent,BR93642,12.8400,per day,2025-07-01 00:00:00.0000000,NULL,8,2025-06-05 01:55:08.0000000,2025,2026-05-18 02:04:15.8900000,2026-05-18 02:04:15.8900000,NULL,NULL,NULL,NULL,NULL,NULL,NULL,NULL,NULL,NULL,NULL,NULL,NULL
497,1518,MA000122,1610,16.5,NULL,Vessels wrecked or stranded allowance—special efforts,0,1.3000,Percent,BR93642,20.1100,per hour,2025-07-01 00:00:00.0000000,NULL,8,2025-06-05 01:55:08.0000000,2025,2026-05-18 02:04:15.9233333,2026-05-18 02:04:15.9233333,NULL,NULL,NULL,NULL,NULL,NULL,NULL,NULL,NULL,NULL,NULL,NULL,NULL
498,1519,MA000123,1611,16.1(a),NULL,First aid allowance,0,2.0000,Percent,BR94199,21.3700,weekly,2025-07-01 00:00:00.0000000,NULL,5,2025-06-03 01:36:31.0000000,2025,2026-05-18 02:04:15.9500000,2026-05-18 02:04:15.9500000,NULL,NULL,NULL,NULL,NULL,NULL,NULL,NULL,NULL,NULL,NULL,NULL,NULL
499,1520,MA000123,1612,16.1(d),NULL,Height allowance,0,0.8041,Percent,BR94199,8.5900,daily,2025-07-01 00:00:00.0000000,NULL,5,2025-06-03 01:36:31.0000000,2025,2026-05-18 02:04:15.9800000,2026-05-18 02:04:15.9800000,NULL,NULL,NULL,NULL,NULL,NULL,NULL,NULL,NULL,NULL,NULL,NULL,NULL
500,1521,MA000123,1613,16.1(e),NULL,Wearing of respiratory protective device allowance,0,0.2278,Percent,BR94199,2.4300,hourly,2025-07-01 00:00:00.0000000,NULL,5,2025-06-03 01:36:31.0000000,2025,2026-05-18 02:04:16.0066667,2026-05-18 02:04:16.0066667,NULL,NULL,NULL,NULL,NULL,NULL,NULL,NULL,NULL,NULL,NULL,NULL,NULL
501,1598,MA000124,1671,F.6.2(a),NULL,Aerial surveillance,0,63.7100,Percent,BR94212,18.9900,hourly or part hourly,2025-07-01 00:00:00.0000000,NULL,5,2025-06-03 01:20:52.0000000,2025,2026-05-18 02:04:16.0400000,2026-05-18 02:04:16.0400000,NULL,NULL,NULL,NULL,NULL,NULL,NULL,NULL,NULL,NULL,NULL,NULL,NULL
502,1599,MA000124,1672,F.6.2(b),NULL,Aerial surveillance—work experience,0,47.7700,Percent,BR94212,14.2400,hourly or part hourly,2025-07-01 00:00:00.0000000,NULL,5,2025-06-03 01:20:49.0000000,2025,2026-05-18 02:04:16.0900000,2026-05-18 02:04:16.0900000,NULL,NULL,NULL,NULL,NULL,NULL,NULL,NULL,NULL,NULL,NULL,NULL,NULL
503,1587,MA000124,1663,F.3.2(a),NULL,APS Level 1,0,2142.7700,Percent,BR94212,638.7600,per occasion,2025-07-01 00:00:00.0000000,NULL,5,2025-06-03 01:20:54.0000000,2025,2026-05-18 02:04:16.1200000,2026-05-18 02:04:16.1200000,NULL,NULL,NULL,NULL,NULL,NULL,NULL,NULL,NULL,NULL,NULL,NULL,NULL
504,1586,MA000124,1663,F.3.2(a),NULL,APS Level 2,0,2875.2800,Percent,BR94212,857.1200,per occasion,2025-07-01 00:00:00.0000000,NULL,5,2025-06-03 01:20:54.0000000,2025,2026-05-18 02:04:16.1333333,2026-05-18 02:04:16.1333333,NULL,NULL,NULL,NULL,NULL,NULL,NULL,NULL,NULL,NULL,NULL,NULL,NULL
505,1589,MA000124,1664,F.4.2(a),NULL,Aquatic ponds,0,13.3500,Percent,BR94212,3.9800,daily,2025-07-01 00:00:00.0000000,NULL,5,2025-06-03 01:20:53.0000000,2025,2026-05-18 02:04:16.1733333,2026-05-18 02:04:16.1733333,NULL,NULL,NULL,NULL,NULL,NULL,NULL,NULL,NULL,NULL,NULL,NULL,NULL
506,1541,MA000124,1629,11.22(a),NULL,Asbestos eradication,0,10.2800,Percent,BR94212,3.0600,hourly,2025-07-01 00:00:00.0000000,NULL,5,2025-06-03 01:20:49.0000000,2025,2026-05-18 02:04:16.2033333,2026-05-18 02:04:16.2033333,NULL,NULL,NULL,NULL,NULL,NULL,NULL,NULL,NULL,NULL,NULL,NULL,NULL
507,1559,MA000124,1643,11.23(l),NULL,Asbestos handling,0,3.8200,Percent,BR94212,1.1400,hourly,2025-07-01 00:00:00.0000000,NULL,5,2025-06-03 01:20:49.0000000,2025,2026-05-18 02:04:16.2300000,2026-05-18 02:04:16.2300000,NULL,NULL,NULL,NULL,NULL,NULL,NULL,NULL,NULL,NULL,NULL,NULL,NULL
508,1581,MA000124,1661,F.1.6(a),NULL,Certification,0,103.2600,Percent,BR94212,30.7800,weekly,2025-07-01 00:00:00.0000000,NULL,5,2025-06-03 01:20:53.0000000,2025,2026-05-18 02:04:16.2700000,2026-05-18 02:04:16.2700000,NULL,NULL,NULL,NULL,NULL,NULL,NULL,NULL,NULL,NULL,NULL,NULL,NULL
509,1533,MA000124,1622,11.19(c),NULL,"Chimney, radio/television mast etc",0,3.3200,Percent,BR94212,0.9900,hourly,2025-07-01 00:00:00.0000000,NULL,5,2025-06-03 01:20:50.0000000,2025,2026-05-18 02:04:16.2966667,2026-05-18 02:04:16.2966667,NULL,NULL,NULL,NULL,NULL,NULL,NULL,NULL,NULL,NULL,NULL,NULL,NULL
510,1534,MA000124,1622,11.19(c),NULL,"Chimney, radio/television mast etc - for each additional 15 metres of height",0,3.3700,Percent,BR94212,1.0000,hourly,2025-07-01 00:00:00.0000000,NULL,5,2025-06-03 01:20:53.0000000,2025,2026-05-18 02:04:16.3233333,2026-05-18 02:04:16.3233333,NULL,NULL,NULL,NULL,NULL,NULL,NULL,NULL,NULL,NULL,NULL,NULL,NULL
511,1540,MA000124,1628,11.21(d),NULL,Chokage,0,36.3900,Percent,BR94212,10.8500,daily or part daily,2025-07-01 00:00:00.0000000,NULL,5,2025-06-03 01:20:50.0000000,2025,2026-05-18 02:04:16.3500000,2026-05-18 02:04:16.3500000,NULL,NULL,NULL,NULL,NULL,NULL,NULL,NULL,NULL,NULL,NULL,NULL,NULL
512,1524,MA000124,1615,11.15(a),NULL,CLA Rate 1,0,87.7600,Percent,BR94212,26.1600,weekly,2025-07-01 00:00:00.0000000,NULL,5,2025-06-03 01:20:53.0000000,2025,2026-05-18 02:04:16.3800000,2026-05-18 02:04:16.3800000,NULL,NULL,NULL,NULL,NULL,NULL,NULL,NULL,NULL,NULL,NULL,NULL,NULL
513,1525,MA000124,1615,11.15(a),NULL,CLA Rate 2,0,175.5600,Percent,BR94212,52.3300,weekly,2025-07-01 00:00:00.0000000,NULL,5,2025-06-03 01:20:53.0000000,2025,2026-05-18 02:04:16.3966667,2026-05-18 02:04:16.3966667,NULL,NULL,NULL,NULL,NULL,NULL,NULL,NULL,NULL,NULL,NULL,NULL,NULL
514,1585,MA000124,1663,F.3.2(a),NULL,Clerk to Divisional Returning Officer,0,4624.0500,Percent,BR94212,1378.4300,per occasion,2025-07-01 00:00:00.0000000,NULL,5,2025-06-03 01:20:53.0000000,2025,2026-05-18 02:04:16.4266667,2026-05-18 02:04:16.4266667,NULL,NULL,NULL,NULL,NULL,NULL,NULL,NULL,NULL,NULL,NULL,NULL,NULL
515,1546,MA000124,1631,11.23(b)(ii),NULL,Cold work - below -18 degrees,0,7.5300,Percent,BR94212,2.2400,hour or part thereof,2025-07-01 00:00:00.0000000,NULL,5,2025-06-03 01:20:53.0000000,2025,2026-05-18 02:04:16.4533333,2026-05-18 02:04:16.4533333,NULL,NULL,NULL,NULL,NULL,NULL,NULL,NULL,NULL,NULL,NULL,NULL,NULL
516,1544,MA000124,1631,11.23(b)(ii),NULL,Cold work - between -1 and 7 degrees,0,3.3200,Percent,BR94212,0.9900,hour or part thereof,2025-07-01 00:00:00.0000000,NULL,5,2025-06-03 01:20:50.0000000,2025,2026-05-18 02:04:16.4833333,2026-05-18 02:04:16.4833333,NULL,NULL,NULL,NULL,NULL,NULL,NULL,NULL,NULL,NULL,NULL,NULL,NULL
517,1545,MA000124,1631,11.23(b)(ii),NULL,Cold work - between -2 and -18 degrees,0,4.5000,Percent,BR94212,1.3400,hour or part thereof,2025-07-01 00:00:00.0000000,NULL,5,2025-06-03 01:20:53.0000000,2025,2026-05-18 02:04:16.5133333,2026-05-18 02:04:16.5133333,NULL,NULL,NULL,NULL,NULL,NULL,NULL,NULL,NULL,NULL,NULL,NULL,NULL
518,12124,MA000124,1615,11.15(a),NULL,Community language allowance,0,NULL,NULL,NULL,NULL,NULL,2025-07-01 00:00:00.0000000,NULL,5,2025-06-03 01:20:50.0000000,2025,2026-05-18 02:04:16.5400000,2026-05-18 02:04:16.5400000,NULL,NULL,NULL,NULL,NULL,NULL,NULL,NULL,NULL,NULL,NULL,NULL,NULL
519,1547,MA000124,1632,11.23(c)(i),NULL,Confined spaces,0,3.8200,Percent,BR94212,1.1400,hour or part thereof,2025-07-01 00:00:00.0000000,NULL,5,2025-06-03 01:20:50.0000000,2025,2026-05-18 02:04:16.5700000,2026-05-18 02:04:16.5700000,NULL,NULL,NULL,NULL,NULL,NULL,NULL,NULL,NULL,NULL,NULL,NULL,NULL
520,1548,MA000124,1633,11.23(c)(ii),NULL,Confined spaces - Gas or water space,0,8.3700,Percent,BR94212,2.5000,hour or part thereof,2025-07-01 00:00:00.0000000,NULL,5,2025-06-03 01:20:50.0000000,2025,2026-05-18 02:04:16.5866667,2026-05-18 02:04:16.5866667,NULL,NULL,NULL,NULL,NULL,NULL,NULL,NULL,NULL,NULL,NULL,NULL,NULL
521,1580,MA000124,1661,F.1.6(a),NULL,Dangerous air cargo,0,NULL,NULL,NULL,NULL,NULL,2025-07-01 00:00:00.0000000,NULL,5,2025-06-03 01:20:50.0000000,2025,2026-05-18 02:04:16.6166667,2026-05-18 02:04:16.6166667,NULL,NULL,NULL,NULL,NULL,NULL,NULL,NULL,NULL,NULL,NULL,NULL,NULL
522,1549,MA000124,1634,11.23(d),NULL,Dirty or offensive work,0,3.3700,Percent,BR94212,1.0000,hourly,2025-07-01 00:00:00.0000000,NULL,5,2025-06-03 01:20:50.0000000,2025,2026-05-18 02:04:16.6466667,2026-05-18 02:04:16.6466667,NULL,NULL,NULL,NULL,NULL,NULL,NULL,NULL,NULL,NULL,NULL,NULL,NULL
523,1529,MA000124,1619,11.19,NULL,Disability allowances,0,NULL,NULL,NULL,NULL,NULL,2025-07-01 00:00:00.0000000,NULL,5,2025-06-03 01:20:50.0000000,2025,2026-05-18 02:04:16.6800000,2026-05-18 02:04:16.6800000,NULL,NULL,NULL,NULL,NULL,NULL,NULL,NULL,NULL,NULL,NULL,NULL,NULL
524,1584,MA000124,1663,F.3.2(a),NULL,Divisional Returning Officer,0,11563.6600,Percent,BR94212,3447.1300,per occasion,2025-07-01 00:00:00.0000000,NULL,5,2025-06-03 01:20:53.0000000,2025,2026-05-18 02:04:16.7100000,2026-05-18 02:04:16.7100000,NULL,NULL,NULL,NULL,NULL,NULL,NULL,NULL,NULL,NULL,NULL,NULL,NULL
525,12085,MA000124,23053,F.1.1,NULL,Duty at sea,0,NULL,NULL,NULL,NULL,NULL,2025-07-01 00:00:00.0000000,NULL,5,2025-06-03 01:20:50.0000000,2025,2026-05-18 02:04:16.7366667,2026-05-18 02:04:16.7366667,NULL,NULL,NULL,NULL,NULL,NULL,NULL,NULL,NULL,NULL,NULL,NULL,NULL
526,1528,MA000124,1618,11.18(b),NULL,Electrical licence,0,109.8400,Percent,BR94212,32.7400,weekly,2025-07-01 00:00:00.0000000,NULL,5,2025-06-03 01:20:50.0000000,2025,2026-05-18 02:04:16.7700000,2026-05-18 02:04:16.7700000,NULL,NULL,NULL,NULL,NULL,NULL,NULL,NULL,NULL,NULL,NULL,NULL,NULL
527,12125,MA000124,23129,11.20,NULL,Employees performing spray painting functions,0,NULL,NULL,NULL,NULL,NULL,2025-07-01 00:00:00.0000000,NULL,5,2025-06-03 01:20:50.0000000,2025,2026-05-18 02:04:16.7966667,2026-05-18 02:04:16.7966667,NULL,NULL,NULL,NULL,NULL,NULL,NULL,NULL,NULL,NULL,NULL,NULL,NULL
528,1537,MA000124,1625,11.20(b),NULL,Employees performing spray painting functions - Stores,0,1.9100,Percent,BR94212,0.5700,hourly,2025-07-01 00:00:00.0000000,NULL,5,2025-06-03 01:20:50.0000000,2025,2026-05-18 02:04:16.8233333,2026-05-18 02:04:16.8233333,NULL,NULL,NULL,NULL,NULL,NULL,NULL,NULL,NULL,NULL,NULL,NULL,NULL
529,1536,MA000124,1624,11.20(a),NULL,Employees performing spray painting functions - Trades,0,3.3700,Percent,BR94212,1.0000,hourly,2025-07-01 00:00:00.0000000,NULL,5,2025-06-03 01:20:50.0000000,2025,2026-05-18 02:04:16.8366667,2026-05-18 02:04:16.8366667,NULL,NULL,NULL,NULL,NULL,NULL,NULL,NULL,NULL,NULL,NULL,NULL,NULL
530,1556,MA000124,1640,11.23(i)(ii),NULL,Epoxy-based materials - Close proximity,0,3.3700,Percent,BR94212,1.0000,hourly,2025-07-01 00:00:00.0000000,NULL,5,2025-06-03 01:20:50.0000000,2025,2026-05-18 02:04:16.8633333,2026-05-18 02:04:16.8633333,NULL,NULL,NULL,NULL,NULL,NULL,NULL,NULL,NULL,NULL,NULL,NULL,NULL
531,1555,MA000124,1639,11.23(i)(i),NULL,Epoxy-based materials - Using materials,0,3.8200,Percent,BR94212,1.1400,hourly,2025-07-01 00:00:00.0000000,NULL,5,2025-06-03 01:20:50.0000000,2025,2026-05-18 02:04:16.8900000,2026-05-18 02:04:16.8900000,NULL,NULL,NULL,NULL,NULL,NULL,NULL,NULL,NULL,NULL,NULL,NULL,NULL
532,1554,MA000124,1638,11.23(h)(i),NULL,Explosive powered tools,0,7.3900,Percent,BR94212,2.2000,daily or part daily,2025-07-01 00:00:00.0000000,NULL,5,2025-06-03 01:20:50.0000000,2025,2026-05-18 02:04:16.9200000,2026-05-18 02:04:16.9200000,NULL,NULL,NULL,NULL,NULL,NULL,NULL,NULL,NULL,NULL,NULL,NULL,NULL
533,1573,MA000124,1655,F.1.5(b)(i),NULL,Explosives,0,NULL,NULL,NULL,NULL,NULL,2025-07-01 00:00:00.0000000,NULL,5,2025-06-03 01:20:50.0000000,2025,2026-05-18 02:04:16.9466667,2026-05-18 02:04:16.9466667,NULL,NULL,NULL,NULL,NULL,NULL,NULL,NULL,NULL,NULL,NULL,NULL,NULL
534,1577,MA000124,1658,F.1.5(c)(i),NULL,"Filling - CE, TNT and DNT",0,21.7000,Percent,BR94212,6.4700,daily or part daily,2025-07-01 00:00:00.0000000,NULL,5,2025-06-03 01:20:50.0000000,2025,2026-05-18 02:04:16.9700000,2026-05-18 02:04:16.9700000,NULL,NULL,NULL,NULL,NULL,NULL,NULL,NULL,NULL,NULL,NULL,NULL,NULL
535,1578,MA000124,1659,F.1.5(c)(ii),NULL,Filling - Chromates,0,18.8700,Percent,BR94212,5.6300,daily or part daily,2025-07-01 00:00:00.0000000,NULL,5,2025-06-03 01:20:50.0000000,2025,2026-05-18 02:04:17.0000000,2026-05-18 02:04:17.0000000,NULL,NULL,NULL,NULL,NULL,NULL,NULL,NULL,NULL,NULL,NULL,NULL,NULL
536,1579,MA000124,1660,F.1.5(c)(iii),NULL,Filling - nitroglycerine,0,18.8700,Percent,BR94212,5.6300,daily or part daily,2025-07-01 00:00:00.0000000,NULL,5,2025-06-03 01:20:50.0000000,2025,2026-05-18 02:04:17.0266667,2026-05-18 02:04:17.0266667,NULL,NULL,NULL,NULL,NULL,NULL,NULL,NULL,NULL,NULL,NULL,NULL,NULL
537,1522,MA000124,1614,11.14,NULL,First aid,0,51.3200,Percent,BR94212,15.3000,weekly,2025-07-01 00:00:00.0000000,NULL,5,2025-06-03 01:20:50.0000000,2025,2026-05-18 02:04:17.0566667,2026-05-18 02:04:17.0566667,NULL,NULL,NULL,NULL,NULL,NULL,NULL,NULL,NULL,NULL,NULL,NULL,NULL
538,1597,MA000124,1671,F.6.2(a),NULL,Flying,0,NULL,NULL,NULL,NULL,NULL,2025-07-01 00:00:00.0000000,NULL,5,2025-06-03 01:20:50.0000000,2025,2026-05-18 02:04:17.0900000,2026-05-18 02:04:17.0900000,NULL,NULL,NULL,NULL,NULL,NULL,NULL,NULL,NULL,NULL,NULL,NULL,NULL
539,1595,MA000124,1669,F.4.3(a),NULL,Gardening,0,6.5800,Percent,BR94212,1.9600,daily or part daily,2025-07-01 00:00:00.0000000,NULL,5,2025-06-03 01:20:53.0000000,2025,2026-05-18 02:04:17.1166667,2026-05-18 02:04:17.1166667,NULL,NULL,NULL,NULL,NULL,NULL,NULL,NULL,NULL,NULL,NULL,NULL,NULL
540,1588,MA000124,1664,F.4.2(a),NULL,Gardening or general hand,0,NULL,NULL,NULL,NULL,NULL,2025-07-01 00:00:00.0000000,NULL,5,2025-06-03 01:20:51.0000000,2025,2026-05-18 02:04:17.1400000,2026-05-18 02:04:17.1400000,NULL,NULL,NULL,NULL,NULL,NULL,NULL,NULL,NULL,NULL,NULL,NULL,NULL
541,12087,MA000124,23055,11.23,NULL,General disability allowances,0,NULL,NULL,NULL,NULL,NULL,2025-07-01 00:00:00.0000000,NULL,5,2025-06-03 01:20:51.0000000,2025,2026-05-18 02:04:17.1766667,2026-05-18 02:04:17.1766667,NULL,NULL,NULL,NULL,NULL,NULL,NULL,NULL,NULL,NULL,NULL,NULL,NULL
542,1591,MA000124,1666,F.4.2(c),NULL,Height,0,17.1900,Percent,BR94212,5.1200,daily,2025-07-01 00:00:00.0000000,NULL,5,2025-06-03 01:20:51.0000000,2025,2026-05-18 02:04:17.2066667,2026-05-18 02:04:17.2066667,NULL,NULL,NULL,NULL,NULL,NULL,NULL,NULL,NULL,NULL,NULL,NULL,NULL
543,1558,MA000124,1642,11.23(k),NULL,Hot bitumen,0,3.8200,Percent,BR94212,1.1400,hourly,2025-07-01 00:00:00.0000000,NULL,5,2025-06-03 01:20:51.0000000,2025,2026-05-18 02:04:17.2366667,2026-05-18 02:04:17.2366667,NULL,NULL,NULL,NULL,NULL,NULL,NULL,NULL,NULL,NULL,NULL,NULL,NULL
544,1550,MA000124,1635,11.23(e)(ii),NULL,"Hot work - Between 46 and 54 degrees,",0,3.3700,Percent,BR94212,1.0000,hourly,2025-07-01 00:00:00.0000000,NULL,5,2025-06-03 01:20:51.0000000,2025,2026-05-18 02:04:17.2666667,2026-05-18 02:04:17.2666667,NULL,NULL,NULL,NULL,NULL,NULL,NULL,NULL,NULL,NULL,NULL,NULL,NULL
545,1551,MA000124,1635,11.23(e)(ii),NULL,Hot work - Exceeding 54 degrees,0,3.8200,Percent,BR94212,1.1400,hourly,2025-07-01 00:00:00.0000000,NULL,5,2025-06-03 01:20:53.0000000,2025,2026-05-18 02:04:17.2900000,2026-05-18 02:04:17.2900000,NULL,NULL,NULL,NULL,NULL,NULL,NULL,NULL,NULL,NULL,NULL,NULL,NULL
546,1553,MA000124,1637,11.23(g),NULL,Insulating materials,0,3.8200,Percent,BR94212,1.1400,hourly,2025-07-01 00:00:00.0000000,NULL,5,2025-06-03 01:20:51.0000000,2025,2026-05-18 02:04:17.3066667,2026-05-18 02:04:17.3066667,NULL,NULL,NULL,NULL,NULL,NULL,NULL,NULL,NULL,NULL,NULL,NULL,NULL
547,1539,MA000124,1627,11.21(c),NULL,Lead burning,0,9.5500,Percent,BR94212,2.8500,hourly,2025-07-01 00:00:00.0000000,NULL,5,2025-06-03 01:20:51.0000000,2025,2026-05-18 02:04:17.3366667,2026-05-18 02:04:17.3366667,NULL,NULL,NULL,NULL,NULL,NULL,NULL,NULL,NULL,NULL,NULL,NULL,NULL
548,1576,MA000124,1657,F.1.5(b)(iii),NULL,Manufacture - ammonium perchlorate,0,10.5100,Percent,BR94212,3.1300,daily or part daily,2025-07-01 00:00:00.0000000,NULL,5,2025-06-03 01:20:51.0000000,2025,2026-05-18 02:04:17.3633333,2026-05-18 02:04:17.3633333,NULL,NULL,NULL,NULL,NULL,NULL,NULL,NULL,NULL,NULL,NULL,NULL,NULL
549,1574,MA000124,1655,F.1.5(b)(i),NULL,Manufacture - nitroglycerine,0,21.7000,Percent,BR94212,6.4700,daily or part daily,2025-07-01 00:00:00.0000000,NULL,5,2025-06-03 01:20:53.0000000,2025,2026-05-18 02:04:17.3933333,2026-05-18 02:04:17.3933333,NULL,NULL,NULL,NULL,NULL,NULL,NULL,NULL,NULL,NULL,NULL,NULL,NULL
550,1575,MA000124,1656,F.1.5(b)(ii),NULL,Manufacture - RDX,0,21.7000,Percent,BR94212,6.4700,daily or part daily,2025-07-01 00:00:00.0000000,NULL,5,2025-06-03 01:20:51.0000000,2025,2026-05-18 02:04:17.4233333,2026-05-18 02:04:17.4233333,NULL,NULL,NULL,NULL,NULL,NULL,NULL,NULL,NULL,NULL,NULL,NULL,NULL
551,1572,MA000124,1654,F.1.4(c),NULL,MIG or TIG processes,0,3.7900,Percent,BR94212,1.1300,hourly,2025-07-01 00:00:00.0000000,NULL,5,2025-06-03 01:20:54.0000000,2025,2026-05-18 02:04:17.4400000,2026-05-18 02:04:17.4400000,NULL,NULL,NULL,NULL,NULL,NULL,NULL,NULL,NULL,NULL,NULL,NULL,NULL
552,1561,MA000124,1645,11.23(n),NULL,Offensive fumes,0,3.8200,Percent,BR94212,1.1400,hourly,2025-07-01 00:00:00.0000000,NULL,5,2025-06-03 01:20:51.0000000,2025,2026-05-18 02:04:17.4700000,2026-05-18 02:04:17.4700000,NULL,NULL,NULL,NULL,NULL,NULL,NULL,NULL,NULL,NULL,NULL,NULL,NULL
553,1594,MA000124,1669,F.4.3(a),NULL,Overseers,0,NULL,NULL,NULL,NULL,NULL,2025-07-01 00:00:00.0000000,NULL,5,2025-06-03 01:20:51.0000000,2025,2026-05-18 02:04:17.4966667,2026-05-18 02:04:17.4966667,NULL,NULL,NULL,NULL,NULL,NULL,NULL,NULL,NULL,NULL,NULL,NULL,NULL
554,1582,MA000124,1662,F.1.6(b),NULL,Packing and dispatching,0,161.8300,Percent,BR94212,48.2400,weekly,2025-07-01 00:00:00.0000000,NULL,5,2025-06-03 01:20:51.0000000,2025,2026-05-18 02:04:17.5133333,2026-05-18 02:04:17.5133333,NULL,NULL,NULL,NULL,NULL,NULL,NULL,NULL,NULL,NULL,NULL,NULL,NULL
555,1532,MA000124,1621,11.19(b),NULL,Painting tradesperson,0,2.8700,Percent,BR94212,0.8600,hourly,2025-07-01 00:00:00.0000000,NULL,5,2025-06-03 01:20:51.0000000,2025,2026-05-18 02:04:17.5433333,2026-05-18 02:04:17.5433333,NULL,NULL,NULL,NULL,NULL,NULL,NULL,NULL,NULL,NULL,NULL,NULL,NULL
556,1592,MA000124,1667,F.4.2(d),NULL,Pest control,1,50.5500,Percent,BR94212,15.0700,weekly,2025-07-01 00:00:00.0000000,NULL,5,2025-06-03 01:20:51.0000000,2025,2026-05-18 02:04:17.5566667,2026-05-18 02:04:17.5566667,NULL,NULL,NULL,NULL,NULL,NULL,NULL,NULL,NULL,NULL,NULL,NULL,NULL
557,1571,MA000124,1653,F.1.4(b),NULL,Plasma arc process,0,5.4700,Percent,BR94212,1.6300,hourly,2025-07-01 00:00:00.0000000,NULL,5,2025-06-03 01:20:53.0000000,2025,2026-05-18 02:04:17.5700000,2026-05-18 02:04:17.5700000,NULL,NULL,NULL,NULL,NULL,NULL,NULL,NULL,NULL,NULL,NULL,NULL,NULL
558,1562,MA000124,1646,11.23(o),NULL,Plaster or composition,0,3.3700,Percent,BR94212,1.0000,hourly,2025-07-01 00:00:00.0000000,NULL,5,2025-06-03 01:20:51.0000000,2025,2026-05-18 02:04:17.6000000,2026-05-18 02:04:17.6000000,NULL,NULL,NULL,NULL,NULL,NULL,NULL,NULL,NULL,NULL,NULL,NULL,NULL
559,1527,MA000124,1617,11.17(b),NULL,Plumber's registration,0,150.1200,Percent,BR94212,44.7500,weekly,2025-07-01 00:00:00.0000000,NULL,5,2025-06-03 01:20:52.0000000,2025,2026-05-18 02:04:17.6166667,2026-05-18 02:04:17.6166667,NULL,NULL,NULL,NULL,NULL,NULL,NULL,NULL,NULL,NULL,NULL,NULL,NULL
560,1538,MA000124,1626,11.21(a),NULL,Plumbing disabilities,1,110.9500,Percent,BR94212,33.0700,weekly,2025-07-01 00:00:00.0000000,NULL,5,2025-06-03 01:20:52.0000000,2025,2026-05-18 02:04:17.6300000,2026-05-18 02:04:17.6300000,NULL,NULL,NULL,NULL,NULL,NULL,NULL,NULL,NULL,NULL,NULL,NULL,NULL
561,12086,MA000124,23054,11.21,NULL,Plumbing tradespeople—disabilities and related allowances,0,NULL,NULL,NULL,NULL,,2025-07-01 00:00:00.0000000,NULL,5,2025-06-03 01:20:52.0000000,2025,2026-05-18 02:04:17.6633333,2026-05-18 02:04:17.6633333,NULL,NULL,NULL,NULL,NULL,NULL,NULL,NULL,NULL,NULL,NULL,NULL,NULL
562,1583,MA000124,1663,F.3.2(a),NULL,Referendum,0,NULL,NULL,NULL,NULL,NULL,2025-07-01 00:00:00.0000000,NULL,5,2025-06-03 01:20:52.0000000,2025,2026-05-18 02:04:17.6900000,2026-05-18 02:04:17.6900000,NULL,NULL,NULL,NULL,NULL,NULL,NULL,NULL,NULL,NULL,NULL,NULL,NULL
563,1535,MA000124,1623,11.19(d),NULL,Roof repairs,0,3.8200,Percent,BR94212,1.1400,hourly,2025-07-01 00:00:00.0000000,NULL,5,2025-06-03 01:20:52.0000000,2025,2026-05-18 02:04:17.7066667,2026-05-18 02:04:17.7066667,NULL,NULL,NULL,NULL,NULL,NULL,NULL,NULL,NULL,NULL,NULL,NULL,NULL
564,1557,MA000124,1641,11.23(j)(i),NULL,Second-hand timber,0,12.2900,Percent,BR94212,3.6600,daily,2025-07-01 00:00:00.0000000,NULL,5,2025-06-03 01:20:52.0000000,2025,2026-05-18 02:04:17.7366667,2026-05-18 02:04:17.7366667,NULL,NULL,NULL,NULL,NULL,NULL,NULL,NULL,NULL,NULL,NULL,NULL,NULL
565,1596,MA000124,1670,F.4.3(b),NULL,Spray equipment,0,8.4000,Percent,BR94212,2.5000,daily or part daily,2025-07-01 00:00:00.0000000,NULL,5,2025-06-03 01:20:52.0000000,2025,2026-05-18 02:04:17.7666667,2026-05-18 02:04:17.7666667,NULL,NULL,NULL,NULL,NULL,NULL,NULL,NULL,NULL,NULL,NULL,NULL,NULL
566,1542,MA000124,1630,11.23(a)(i),NULL,Spray gangs,0,19.5900,Percent,BR94212,5.8400,daily or part daily,2025-07-01 00:00:00.0000000,NULL,5,2025-06-03 01:20:52.0000000,2025,2026-05-18 02:04:17.7966667,2026-05-18 02:04:17.7966667,NULL,NULL,NULL,NULL,NULL,NULL,NULL,NULL,NULL,NULL,NULL,NULL,NULL
567,9750,MA000124,17561,11.23(a)(ii),NULL,Spray gangs - additional for high pressure,0,24.8700,Percent,BR94212,7.4100,daily or part daily,2025-07-01 00:00:00.0000000,NULL,5,2025-06-03 01:20:52.0000000,2025,2026-05-18 02:04:17.8233333,2026-05-18 02:04:17.8233333,NULL,NULL,NULL,NULL,NULL,NULL,NULL,NULL,NULL,NULL,NULL,NULL,NULL
568,1531,MA000124,1620,11.19(a),NULL,Steel frame structures etc,0,1.6900,Percent,BR94212,0.5000,hourly,2025-07-01 00:00:00.0000000,NULL,5,2025-06-03 01:20:52.0000000,2025,2026-05-18 02:04:17.8533333,2026-05-18 02:04:17.8533333,NULL,NULL,NULL,NULL,NULL,NULL,NULL,NULL,NULL,NULL,NULL,NULL,NULL
569,1567,MA000124,1650,F.1.3(a),NULL,Stores,0,2.7800,Percent,BR94212,0.8300,hourly,2025-07-01 00:00:00.0000000,NULL,5,2025-06-03 01:20:53.0000000,2025,2026-05-18 02:04:17.8800000,2026-05-18 02:04:17.8800000,NULL,NULL,NULL,NULL,NULL,NULL,NULL,NULL,NULL,NULL,NULL,NULL,NULL
570,1566,MA000124,1650,F.1.3(a),NULL,Stores functions,0,NULL,NULL,NULL,NULL,NULL,2025-07-01 00:00:00.0000000,NULL,5,2025-06-03 01:20:52.0000000,2025,2026-05-18 02:04:17.9100000,2026-05-18 02:04:17.9100000,NULL,NULL,NULL,NULL,NULL,NULL,NULL,NULL,NULL,NULL,NULL,NULL,NULL
571,1564,MA000124,1648,F.1.1(d)(ii),NULL,Submarine,0,21.4100,Percent,BR94212,6.3800,hourly,2025-07-01 00:00:00.0000000,NULL,5,2025-06-03 01:20:52.0000000,2025,2026-05-18 02:04:17.9400000,2026-05-18 02:04:17.9400000,NULL,NULL,NULL,NULL,NULL,NULL,NULL,NULL,NULL,NULL,NULL,NULL,NULL
572,1563,MA000124,1647,F.1.1(d)(i),NULL,Surface vessel,0,14.5500,Percent,BR94212,4.3400,hourly,2025-07-01 00:00:00.0000000,NULL,5,2025-06-03 01:20:52.0000000,2025,2026-05-18 02:04:17.9666667,2026-05-18 02:04:17.9666667,NULL,NULL,NULL,NULL,NULL,NULL,NULL,NULL,NULL,NULL,NULL,NULL,NULL
573,1568,MA000124,1651,F.1.3(b),NULL,Trichlorethylene de-greasing plant,0,13.3500,Percent,BR94212,3.9800,daily or part daily,2025-07-01 00:00:00.0000000,NULL,5,2025-06-03 01:20:53.0000000,2025,2026-05-18 02:04:17.9933333,2026-05-18 02:04:17.9933333,NULL,NULL,NULL,NULL,NULL,NULL,NULL,NULL,NULL,NULL,NULL,NULL,NULL
574,1565,MA000124,1649,F.1.2,NULL,Tropic treating plant,0,13.3500,Percent,BR94212,3.9800,daily or part daily,2025-07-01 00:00:00.0000000,NULL,5,2025-06-03 01:20:52.0000000,2025,2026-05-18 02:04:18.0200000,2026-05-18 02:04:18.0200000,NULL,NULL,NULL,NULL,NULL,NULL,NULL,NULL,NULL,NULL,NULL,NULL,NULL
575,1560,MA000124,1644,11.23(m),NULL,Water underfoot or dripping,0,3.3700,Percent,BR94212,1.0000,hourly,2025-07-01 00:00:00.0000000,NULL,5,2025-06-03 01:20:52.0000000,2025,2026-05-18 02:04:18.0466667,2026-05-18 02:04:18.0466667,NULL,NULL,NULL,NULL,NULL,NULL,NULL,NULL,NULL,NULL,NULL,NULL,NULL
576,1569,MA000124,1652,F.1.4(a),NULL,Welding,0,NULL,NULL,NULL,NULL,NULL,2025-07-01 00:00:00.0000000,NULL,5,2025-06-03 01:20:52.0000000,2025,2026-05-18 02:04:18.0733333,2026-05-18 02:04:18.0733333,NULL,NULL,NULL,NULL,NULL,NULL,NULL,NULL,NULL,NULL,NULL,NULL,NULL
577,1570,MA000124,1652,F.1.4(a),NULL,Welding,0,5.4700,Percent,BR94212,1.6300,hourly,2025-07-01 00:00:00.0000000,NULL,5,2025-06-03 01:20:53.0000000,2025,2026-05-18 02:04:18.1033333,2026-05-18 02:04:18.1033333,NULL,NULL,NULL,NULL,NULL,NULL,NULL,NULL,NULL,NULL,NULL,NULL,NULL
578,1593,MA000124,1668,F.4.2(e),NULL,Wet pay,0,12.9100,Percent,BR94212,3.8500,daily,2025-07-01 00:00:00.0000000,NULL,5,2025-06-03 01:20:52.0000000,2025,2026-05-18 02:04:18.1333333,2026-05-18 02:04:18.1333333,NULL,NULL,NULL,NULL,NULL,NULL,NULL,NULL,NULL,NULL,NULL,NULL,NULL
579,1552,MA000124,1636,11.23(f)(i),NULL,Wet work,0,3.3700,Percent,BR94212,1.0000,hourly,2025-07-01 00:00:00.0000000,NULL,5,2025-06-03 01:20:52.0000000,2025,2026-05-18 02:04:18.1600000,2026-05-18 02:04:18.1600000,NULL,NULL,NULL,NULL,NULL,NULL,NULL,NULL,NULL,NULL,NULL,NULL,NULL
580,1590,MA000124,1665,F.4.2(b),NULL,Work in rain,0,38.1200,Percent,BR94212,11.3600,daily or part daily,2025-07-01 00:00:00.0000000,NULL,5,2025-06-03 01:20:52.0000000,2025,2026-05-18 02:04:18.1900000,2026-05-18 02:04:18.1900000,NULL,NULL,NULL,NULL,NULL,NULL,NULL,NULL,NULL,NULL,NULL,NULL,NULL
581,1530,MA000124,1619,11.19,NULL,Working at heights,0,NULL,NULL,NULL,NULL,,2025-07-01 00:00:00.0000000,NULL,5,2025-06-03 01:20:53.0000000,2025,2026-05-18 02:04:18.2200000,2026-05-18 02:04:18.2200000,NULL,NULL,NULL,NULL,NULL,NULL,NULL,NULL,NULL,NULL,NULL,NULL,NULL
582,15407,MA000125,28024,14.9(a)(i),Qualified interpreters (EN only),Interpreter/Translator Grade 1 (NAATI Accreditation Level 2)—In their fourth year,0,6.9690,Percent,BR94406,75.8100,per week,2025-07-01 00:00:00.0000000,NULL,14,2025-06-03 01:33:26.0000000,2025,2026-05-18 02:04:18.2633333,2026-05-18 02:04:18.2633333,NULL,NULL,NULL,NULL,NULL,NULL,NULL,NULL,NULL,NULL,NULL,NULL,NULL
583,15405,MA000125,28024,14.9(a)(i),Qualified interpreters (EN only),Interpreter/Translator Grade 1 (NAATI Accreditation Level 2)—In their second year,0,1.0900,Percent,BR94406,11.8600,per week,2025-07-01 00:00:00.0000000,NULL,15,2025-06-03 01:33:26.0000000,2025,2026-05-18 02:04:18.2766667,2026-05-18 02:04:18.2766667,NULL,NULL,NULL,NULL,NULL,NULL,NULL,NULL,NULL,NULL,NULL,NULL,NULL
584,15406,MA000125,28024,14.9(a)(i),Qualified interpreters (EN only),Interpreter/Translator Grade 1 (NAATI Accreditation Level 2)—In their third year,0,3.8020,Percent,BR94406,41.3600,per week,2025-07-01 00:00:00.0000000,NULL,15,2025-06-03 01:33:26.0000000,2025,2026-05-18 02:04:18.3100000,2026-05-18 02:04:18.3100000,NULL,NULL,NULL,NULL,NULL,NULL,NULL,NULL,NULL,NULL,NULL,NULL,NULL
585,15409,MA000125,28025,14.9(a)(ii),Qualified interpreters (EN only),Interpreter/Translator Grade 1 (NAATI Accreditation Level 3)—In their first year,0,10.6020,Percent,BR94406,115.3300,per week,2025-07-01 00:00:00.0000000,NULL,11,2025-06-03 01:33:26.0000000,2025,2026-05-18 02:04:18.3366667,2026-05-18 02:04:18.3366667,NULL,NULL,NULL,NULL,NULL,NULL,NULL,NULL,NULL,NULL,NULL,NULL,NULL
586,15412,MA000125,28025,14.9(a)(ii),Qualified interpreters (EN only),Interpreter/Translator Grade 1 (NAATI Accreditation Level 3)—In their fourth year,0,19.6630,Percent,BR94406,213.8900,per week,2025-07-01 00:00:00.0000000,NULL,10,2025-06-03 01:33:27.0000000,2025,2026-05-18 02:04:18.3666667,2026-05-18 02:04:18.3666667,NULL,NULL,NULL,NULL,NULL,NULL,NULL,NULL,NULL,NULL,NULL,NULL,NULL
587,15410,MA000125,28025,14.9(a)(ii),Qualified interpreters (EN only),Interpreter/Translator Grade 1 (NAATI Accreditation Level 3)—In their second year,0,13.7100,Percent,BR94406,149.1400,per week,2025-07-01 00:00:00.0000000,NULL,10,2025-06-03 01:33:26.0000000,2025,2026-05-18 02:04:18.3800000,2026-05-18 02:04:18.3800000,NULL,NULL,NULL,NULL,NULL,NULL,NULL,NULL,NULL,NULL,NULL,NULL,NULL
588,15411,MA000125,28025,14.9(a)(ii),Qualified interpreters (EN only),Interpreter/Translator Grade 1 (NAATI Accreditation Level 3)—In their third year,0,16.6940,Percent,BR94406,181.6000,per week,2025-07-01 00:00:00.0000000,NULL,10,2025-06-03 01:33:27.0000000,2025,2026-05-18 02:04:18.3933333,2026-05-18 02:04:18.3933333,NULL,NULL,NULL,NULL,NULL,NULL,NULL,NULL,NULL,NULL,NULL,NULL,NULL
589,15415,MA000125,28026,14.9(b),Occasional interpreting,Occasional interpreting—maximum payment,0,1.3050,Percent,BR94406,14.2000,maximum per week,2025-07-01 00:00:00.0000000,NULL,9,2025-06-03 01:33:26.0000000,2025,2026-05-18 02:04:18.4200000,2026-05-18 02:04:18.4200000,NULL,NULL,NULL,NULL,NULL,NULL,NULL,NULL,NULL,NULL,NULL,NULL,NULL
590,15414,MA000125,28026,14.9(b),Occasional interpreting,Occasional interpreting—per occasion,0,0.1040,Percent,BR94406,1.1300,per occasion,2025-07-01 00:00:00.0000000,NULL,9,2025-06-03 01:33:26.0000000,2025,2026-05-18 02:04:18.4500000,2026-05-18 02:04:18.4500000,NULL,NULL,NULL,NULL,NULL,NULL,NULL,NULL,NULL,NULL,NULL,NULL,NULL
591,15356,MA000130,27969,21.7(c),NULL,Motor,0,0.1340,Percent,BR94886,1.4300,each rest stop,2025-07-01 00:00:00.0000000,NULL,7,2025-06-03 01:23:24.0000000,2025,2026-05-18 02:04:18.4800000,2026-05-18 02:04:18.4800000,NULL,NULL,NULL,NULL,NULL,NULL,NULL,NULL,NULL,NULL,NULL,NULL,NULL
592,1600,MA000134,1673,15.1(a),NULL,First aid,0,1.4100,Percent,BR95161,30.1300,fortnightly,2025-07-01 00:00:00.0000000,NULL,5,2025-06-03 01:24:40.0000000,2025,2026-05-18 02:04:18.5066667,2026-05-18 02:04:18.5066667,NULL,NULL,NULL,NULL,NULL,NULL,NULL,NULL,NULL,NULL,NULL,NULL,NULL
593,1601,MA000134,1673,15.1(a),NULL,Stand by,0,1.4200,Percent,BR95161,30.3400,per night,2025-07-01 00:00:00.0000000,NULL,5,2025-06-03 01:24:40.0000000,2025,2026-05-18 02:04:18.5400000,2026-05-18 02:04:18.5400000,NULL,NULL,NULL,NULL,NULL,NULL,NULL,NULL,NULL,NULL,NULL,NULL,NULL
594,1602,MA000134,1673,15.1(a),NULL,Stand by,0,2.8400,Percent,BR95161,60.6900,per day and night,2025-07-01 00:00:00.0000000,NULL,5,2025-06-03 01:24:40.0000000,2025,2026-05-18 02:04:18.5733333,2026-05-18 02:04:18.5733333,NULL,NULL,NULL,NULL,NULL,NULL,NULL,NULL,NULL,NULL,NULL,NULL,NULL
595,1603,MA000135,1674,12.1(a),NULL,First aid,0,0.0445,Percent,BR95414,25.7500,Per fortnight,2025-07-01 00:00:00.0000000,NULL,5,2025-06-03 01:37:20.0000000,2025,2026-05-18 02:04:18.6066667,2026-05-18 02:04:18.6066667,NULL,NULL,NULL,NULL,NULL,NULL,NULL,NULL,NULL,NULL,NULL,NULL,NULL
596,11808,MA000135,22559,20.5(b),NULL,Maximum allowance - salary cap,0,170.5800,Percent,BR95414,98703.0000,maximum,2025-07-01 00:00:00.0000000,NULL,5,2025-06-03 01:37:21.0000000,2025,2026-05-18 02:04:18.6433333,2026-05-18 02:04:18.6433333,NULL,NULL,NULL,NULL,NULL,NULL,NULL,NULL,NULL,NULL,NULL,NULL,NULL
597,11806,MA000135,22556,17.5(a),NULL,Overtime - maximum rate,0,130.3600,Percent,BR95414,75430.0000,maximum,2025-07-01 00:00:00.0000000,NULL,5,2025-06-03 01:37:21.0000000,2025,2026-05-18 02:04:18.6733333,2026-05-18 02:04:18.6733333,NULL,NULL,NULL,NULL,NULL,NULL,NULL,NULL,NULL,NULL,NULL,NULL,NULL
598,11805,MA000135,22555,17.3(a),NULL,Overtime salary cap,0,180.1600,Percent,BR95414,104246.0000,maximum,2025-07-01 00:00:00.0000000,NULL,5,2025-06-03 01:37:21.0000000,2025,2026-05-18 02:04:18.7000000,2026-05-18 02:04:18.7000000,NULL,NULL,NULL,NULL,NULL,NULL,NULL,NULL,NULL,NULL,NULL,NULL,NULL
599,11807,MA000135,22558,19.3,NULL,Shift allowances - ordinary hourly cap,0,134.1200,Percent,BR95414,39.1400,maximum,2025-07-01 00:00:00.0000000,NULL,5,2025-06-03 01:37:21.0000000,2025,2026-05-18 02:04:18.7300000,2026-05-18 02:04:18.7300000,NULL,NULL,NULL,NULL,NULL,NULL,NULL,NULL,NULL,NULL,NULL,NULL,NULL
600,1604,MA000135,1674,12.1(a),NULL,Sleepover allowance,0,0.1712,Percent,BR95414,99.0600,Per night,2025-07-01 00:00:00.0000000,NULL,5,2025-06-03 01:37:21.0000000,2025,2026-05-18 02:04:18.7700000,2026-05-18 02:04:18.7700000,NULL,NULL,NULL,NULL,NULL,NULL,NULL,NULL,NULL,NULL,NULL,NULL,NULL
601,1605,MA000135,1674,12.1(a),NULL,Stand-by,0,0.0530,Percent,BR95414,30.6700,Per night,2025-07-01 00:00:00.0000000,NULL,5,2025-06-03 01:37:21.0000000,2025,2026-05-18 02:04:18.7833333,2026-05-18 02:04:18.7833333,NULL,NULL,NULL,NULL,NULL,NULL,NULL,NULL,NULL,NULL,NULL,NULL,NULL
602,1606,MA000135,1674,12.1(a),NULL,Stand-by,0,0.1050,Percent,BR95414,60.7600,Per day and night,2025-07-01 00:00:00.0000000,NULL,5,2025-06-03 01:37:21.0000000,2025,2026-05-18 02:04:18.7966667,2026-05-18 02:04:18.7966667,NULL,NULL,NULL,NULL,NULL,NULL,NULL,NULL,NULL,NULL,NULL,NULL,NULL
603,15360,MA000139,27973,16.8,NULL,Field Officer administration loading,0,345.1000,Percent,BR96012,3517.0000,per annum,2025-07-01 00:00:00.0000000,NULL,7,2025-06-03 01:20:23.0000000,2025,2026-05-18 02:04:18.8300000,2026-05-18 02:04:18.8300000,NULL,NULL,NULL,NULL,NULL,NULL,NULL,NULL,NULL,NULL,NULL,NULL,NULL
604,15361,MA000139,27974,19.4(e),NULL,Field Officer in regional office - callout duty,0,342.9000,Percent,BR96012,3494.0000,per annum,2025-07-01 00:00:00.0000000,NULL,7,2025-06-03 01:20:24.0000000,2025,2026-05-18 02:04:18.8566667,2026-05-18 02:04:18.8566667,NULL,NULL,NULL,NULL,NULL,NULL,NULL,NULL,NULL,NULL,NULL,NULL,NULL
605,15357,MA000139,27970,16.2(a),NULL,First aid allowance - Certificate: HLTAID003 Provide First Aid,0,1.0020,Percent,BR96012,10.2100,Weekly,2025-07-01 00:00:00.0000000,NULL,6,2025-06-03 01:20:24.0000000,2025,2026-05-18 02:04:18.8866667,2026-05-18 02:04:18.8866667,NULL,NULL,NULL,NULL,NULL,NULL,NULL,NULL,NULL,NULL,NULL,NULL,NULL
606,15358,MA000139,27971,16.2(b),NULL,First aid allowance - Certificate: HLTAID005 Provide First Aid in remote situations,0,1.2600,Percent,BR96012,12.8400,Weekly,2025-07-01 00:00:00.0000000,NULL,6,2025-06-03 01:20:24.0000000,2025,2026-05-18 02:04:18.9133333,2026-05-18 02:04:18.9133333,NULL,NULL,NULL,NULL,NULL,NULL,NULL,NULL,NULL,NULL,NULL,NULL,NULL
607,15359,MA000139,27972,16.2(c),NULL,First aid allowance - Certificate: HLTSS00027 Occupational First Aid Skill Set,0,1.5360,Percent,BR96012,15.6500,Weekly,2025-07-01 00:00:00.0000000,NULL,6,2025-06-03 01:20:24.0000000,2025,2026-05-18 02:04:18.9433333,2026-05-18 02:04:18.9433333,NULL,NULL,NULL,NULL,NULL,NULL,NULL,NULL,NULL,NULL,NULL,NULL,NULL
608,15362,MA000140,27975,14.3(a),NULL,On normal working days,0,0.0430,Percent,BR96133,24.3100,per day,2025-07-01 00:00:00.0000000,NULL,7,2025-06-03 01:33:08.0000000,2025,2026-05-18 02:04:18.9733333,2026-05-18 02:04:18.9733333,NULL,NULL,NULL,NULL,NULL,NULL,NULL,NULL,NULL,NULL,NULL,NULL,NULL
609,15363,MA000140,27975,14.3(a),NULL,"On Saturdays, Sundays and Public Holidays",0,0.0868,Percent,BR96133,49.0600,per day,2025-07-01 00:00:00.0000000,NULL,7,2025-06-03 01:33:08.0000000,2025,2026-05-18 02:04:19.0000000,2026-05-18 02:04:19.0000000,NULL,NULL,NULL,NULL,NULL,NULL,NULL,NULL,NULL,NULL,NULL,NULL,NULL
610,1607,MA000141,1675,12.7(a),NULL,Airport category allowance - Category 7 or 8,0,231.2100,Percent,BR96281,2685.0400,annually,2025-07-01 00:00:00.0000000,NULL,5,2025-06-03 01:34:57.0000000,2025,2026-05-18 02:04:19.0300000,2026-05-18 02:04:19.0300000,NULL,NULL,NULL,NULL,NULL,NULL,NULL,NULL,NULL,NULL,NULL,NULL,NULL
611,5651,MA000141,9324,12.7(b),NULL,Airport category allowance - Category 9 or higher,0,469.9200,Percent,BR96281,5457.1800,annually,2025-07-01 00:00:00.0000000,NULL,5,2025-06-03 01:34:57.0000000,2025,2026-05-18 02:04:19.0600000,2026-05-18 02:04:19.0600000,NULL,NULL,NULL,NULL,NULL,NULL,NULL,NULL,NULL,NULL,NULL,NULL,NULL
612,1613,MA000141,1676,12.8(a),NULL,Complexity allowance - ATC—(a):,0,216.2200,Percent,BR96281,2510.9600,annually,2025-07-01 00:00:00.0000000,NULL,5,2025-06-03 01:34:59.0000000,2025,2026-05-18 02:04:19.0866667,2026-05-18 02:04:19.0866667,NULL,NULL,NULL,NULL,NULL,NULL,NULL,NULL,NULL,NULL,NULL,NULL,NULL
613,1616,MA000141,1676,12.8(a),NULL,Complexity allowance - ATC—B:,0,216.2200,Percent,BR96281,2510.9600,annually,2025-07-01 00:00:00.0000000,NULL,5,2025-06-03 01:34:59.0000000,2025,2026-05-18 02:04:19.1166667,2026-05-18 02:04:19.1166667,NULL,NULL,NULL,NULL,NULL,NULL,NULL,NULL,NULL,NULL,NULL,NULL,NULL
614,1610,MA000141,1676,12.8(a),NULL,Complexity allowance - ATC—Syd:,0,357.1400,Percent,BR96281,4147.4700,annually,2025-07-01 00:00:00.0000000,NULL,5,2025-06-03 01:34:58.0000000,2025,2026-05-18 02:04:19.1300000,2026-05-18 02:04:19.1300000,NULL,NULL,NULL,NULL,NULL,NULL,NULL,NULL,NULL,NULL,NULL,NULL,NULL
615,1614,MA000141,1676,12.8(a),NULL,Complexity allowance - Field trainee—(a):,0,159.7500,Percent,BR96281,1855.1800,annually,2025-07-01 00:00:00.0000000,NULL,5,2025-06-03 01:34:59.0000000,2025,2026-05-18 02:04:19.1633333,2026-05-18 02:04:19.1633333,NULL,NULL,NULL,NULL,NULL,NULL,NULL,NULL,NULL,NULL,NULL,NULL,NULL
616,1617,MA000141,1676,12.8(a),NULL,Complexity allowance - Field trainee—B:,0,159.7500,Percent,BR96281,1855.1800,annually,2025-07-01 00:00:00.0000000,NULL,5,2025-06-03 01:34:59.0000000,2025,2026-05-18 02:04:19.1933333,2026-05-18 02:04:19.1933333,NULL,NULL,NULL,NULL,NULL,NULL,NULL,NULL,NULL,NULL,NULL,NULL,NULL
617,1611,MA000141,1676,12.8(a),NULL,Complexity allowance - Field trainee—Syd:,0,300.8400,Percent,BR96281,3493.6500,annually,2025-07-01 00:00:00.0000000,NULL,5,2025-06-03 01:34:59.0000000,2025,2026-05-18 02:04:19.2100000,2026-05-18 02:04:19.2100000,NULL,NULL,NULL,NULL,NULL,NULL,NULL,NULL,NULL,NULL,NULL,NULL,NULL
618,1612,MA000141,1676,12.8(a),NULL,Complexity allowance - UTS/C&SS—(a):,0,328.9900,Percent,BR96281,3820.5600,annually,2025-07-01 00:00:00.0000000,NULL,5,2025-06-03 01:34:59.0000000,2025,2026-05-18 02:04:19.2400000,2026-05-18 02:04:19.2400000,NULL,NULL,NULL,NULL,NULL,NULL,NULL,NULL,NULL,NULL,NULL,NULL,NULL
619,1615,MA000141,1676,12.8(a),NULL,Complexity allowance - UTS/C&SS—B:,0,328.9900,Percent,BR96281,3820.5600,annually,2025-07-01 00:00:00.0000000,NULL,5,2025-06-03 01:34:59.0000000,2025,2026-05-18 02:04:19.2900000,2026-05-18 02:04:19.2900000,NULL,NULL,NULL,NULL,NULL,NULL,NULL,NULL,NULL,NULL,NULL,NULL,NULL
620,1609,MA000141,1676,12.8(a),NULL,Complexity allowance - UTS/C&SS—Syd:,0,469.9200,Percent,BR96281,5457.1800,annually,2025-07-01 00:00:00.0000000,NULL,5,2025-06-03 01:34:57.0000000,2025,2026-05-18 02:04:19.3066667,2026-05-18 02:04:19.3066667,NULL,NULL,NULL,NULL,NULL,NULL,NULL,NULL,NULL,NULL,NULL,NULL,NULL
621,1623,MA000141,1679,12.20(b),NULL,Confined spaces,0,0.0770,Percent,BR96281,0.8900,hourly,2025-07-01 00:00:00.0000000,NULL,5,2025-06-03 01:34:57.0000000,2025,2026-05-18 02:04:19.3266667,2026-05-18 02:04:19.3266667,NULL,NULL,NULL,NULL,NULL,NULL,NULL,NULL,NULL,NULL,NULL,NULL,NULL
622,1624,MA000141,1680,12.20(c),NULL,Dirty work,0,0.0580,Percent,BR96281,0.6700,hourly,2025-07-01 00:00:00.0000000,NULL,5,2025-06-03 01:34:57.0000000,2025,2026-05-18 02:04:19.3466667,2026-05-18 02:04:19.3466667,NULL,NULL,NULL,NULL,NULL,NULL,NULL,NULL,NULL,NULL,NULL,NULL,NULL
623,1625,MA000141,1681,12.20(d),NULL,Epoxy-based materials,0,0.0770,Percent,BR96281,0.8900,hourly,2025-07-01 00:00:00.0000000,NULL,5,2025-06-03 01:34:57.0000000,2025,2026-05-18 02:04:19.3633333,2026-05-18 02:04:19.3633333,NULL,NULL,NULL,NULL,NULL,NULL,NULL,NULL,NULL,NULL,NULL,NULL,NULL
624,1630,MA000141,1685,12.20(h),NULL,Explosive powered tools,0,0.1550,Percent,BR96281,1.8000,daily,2025-07-01 00:00:00.0000000,NULL,5,2025-06-03 01:34:58.0000000,2025,2026-05-18 02:04:19.4100000,2026-05-18 02:04:19.4100000,NULL,NULL,NULL,NULL,NULL,NULL,NULL,NULL,NULL,NULL,NULL,NULL,NULL
625,1618,MA000141,1677,12.15(a),NULL,First aid,0,1.6140,Percent,BR96281,18.7400,weekly,2025-07-01 00:00:00.0000000,NULL,5,2025-06-03 01:34:58.0000000,2025,2026-05-18 02:04:19.4466667,2026-05-18 02:04:19.4466667,NULL,NULL,NULL,NULL,NULL,NULL,NULL,NULL,NULL,NULL,NULL,NULL,NULL
626,1626,MA000141,1682,12.20(e),NULL,Height money,0,0.0400,Percent,BR96281,0.4600,hourly,2025-07-01 00:00:00.0000000,NULL,5,2025-06-03 01:34:58.0000000,2025,2026-05-18 02:04:19.4633333,2026-05-18 02:04:19.4633333,NULL,NULL,NULL,NULL,NULL,NULL,NULL,NULL,NULL,NULL,NULL,NULL,NULL
627,1628,MA000141,1683,12.20(f)(i),NULL,Hot places - Above 54 degrees Celsius,0,0.0770,Percent,BR96281,0.8900,hourly,2025-07-01 00:00:00.0000000,NULL,5,2025-06-03 01:34:58.0000000,2025,2026-05-18 02:04:19.5000000,2026-05-18 02:04:19.5000000,NULL,NULL,NULL,NULL,NULL,NULL,NULL,NULL,NULL,NULL,NULL,NULL,NULL
628,1627,MA000141,1683,12.20(f)(i),NULL,Hot places—46–54 degrees Celsius,0,0.0580,Percent,BR96281,0.6700,hourly,2025-07-01 00:00:00.0000000,NULL,5,2025-06-03 01:34:58.0000000,2025,2026-05-18 02:04:19.5300000,2026-05-18 02:04:19.5300000,NULL,NULL,NULL,NULL,NULL,NULL,NULL,NULL,NULL,NULL,NULL,NULL,NULL
629,5650,MA000141,9323,12.19(d),NULL,Optical Fibre and Filled Cable - Directly supervising jointing work of filled cable,0,2.5290,Percent,BR96281,29.3700,weekly,2025-07-01 00:00:00.0000000,NULL,5,2025-06-03 01:34:58.0000000,2025,2026-05-18 02:04:19.5600000,2026-05-18 02:04:19.5600000,NULL,NULL,NULL,NULL,NULL,NULL,NULL,NULL,NULL,NULL,NULL,NULL,NULL
630,5648,MA000141,9321,12.19(b),NULL,Optical Fibre and Filled Cable - Directly supervising jointing work of optical fibre,0,3.3750,Percent,BR96281,39.1900,weekly,2025-07-01 00:00:00.0000000,NULL,5,2025-06-03 01:34:58.0000000,2025,2026-05-18 02:04:19.5866667,2026-05-18 02:04:19.5866667,NULL,NULL,NULL,NULL,NULL,NULL,NULL,NULL,NULL,NULL,NULL,NULL,NULL
631,5649,MA000141,9322,12.19(c),NULL,"Optical Fibre and Filled Cable - Directly supervising the laying, terminating, maintenance or removal of filled cable",0,2.1050,Percent,BR96281,24.4500,weekly,2025-07-01 00:00:00.0000000,NULL,5,2025-06-03 01:34:58.0000000,2025,2026-05-18 02:04:19.6300000,2026-05-18 02:04:19.6300000,NULL,NULL,NULL,NULL,NULL,NULL,NULL,NULL,NULL,NULL,NULL,NULL,NULL
632,1619,MA000141,1678,12.19(a),NULL,"Optical Fibre and Filled Cable - Directly supervising the laying, terminating, maintenance or removal of optical fibre cable",0,2.9520,Percent,BR96281,34.2800,weekly,2025-07-01 00:00:00.0000000,NULL,5,2025-06-03 01:34:58.0000000,2025,2026-05-18 02:04:19.6633333,2026-05-18 02:04:19.6633333,NULL,NULL,NULL,NULL,NULL,NULL,NULL,NULL,NULL,NULL,NULL,NULL,NULL
633,1632,MA000141,1687,12.21(a),Category 1,Representative allowance - Cat 1:,0,219.0500,Percent,BR96281,2543.8300,annually,2025-07-01 00:00:00.0000000,NULL,5,2025-06-03 01:34:58.0000000,2025,2026-05-18 02:04:19.6966667,2026-05-18 02:04:19.6966667,NULL,NULL,NULL,NULL,NULL,NULL,NULL,NULL,NULL,NULL,NULL,NULL,NULL
634,1633,MA000141,1687,12.21(a),Category 2,Representative allowance - Cat 2:,0,527.7200,Percent,BR96281,6128.4100,annually,2025-07-01 00:00:00.0000000,NULL,5,2025-06-03 01:34:58.0000000,2025,2026-05-18 02:04:19.7100000,2026-05-18 02:04:19.7100000,NULL,NULL,NULL,NULL,NULL,NULL,NULL,NULL,NULL,NULL,NULL,NULL,NULL
635,1634,MA000141,1687,12.21(a),Category 3,Representative allowance - Cat 3:,0,629.5000,Percent,BR96281,7310.3800,annually,2025-07-01 00:00:00.0000000,NULL,5,2025-06-03 01:34:59.0000000,2025,2026-05-18 02:04:19.7266667,2026-05-18 02:04:19.7266667,NULL,NULL,NULL,NULL,NULL,NULL,NULL,NULL,NULL,NULL,NULL,NULL,NULL
636,15426,MA000141,28030,17.9(b),NULL,Restriction duty - Available to perform extra duty outside ordinary hours,0,0.3210,Percent,BR96281,3.7300,hourly,2025-07-01 00:00:00.0000000,NULL,6,2025-06-03 01:34:58.0000000,2025,2026-05-18 02:04:19.7600000,2026-05-18 02:04:19.7600000,NULL,NULL,NULL,NULL,NULL,NULL,NULL,NULL,NULL,NULL,NULL,NULL,NULL
637,11801,MA000141,22507,12.20,NULL,Special rates,0,NULL,NULL,NULL,NULL,NULL,2025-07-01 00:00:00.0000000,NULL,5,2025-06-03 01:34:58.0000000,2025,2026-05-18 02:04:19.7933333,2026-05-18 02:04:19.7933333,NULL,NULL,NULL,NULL,NULL,NULL,NULL,NULL,NULL,NULL,NULL,NULL,NULL
638,1631,MA000141,1686,12.20(i),NULL,Towers,0,0.0650,Percent,BR96281,0.7500,hourly,2025-07-01 00:00:00.0000000,NULL,5,2025-06-03 01:34:58.0000000,2025,2026-05-18 02:04:19.8100000,2026-05-18 02:04:19.8100000,NULL,NULL,NULL,NULL,NULL,NULL,NULL,NULL,NULL,NULL,NULL,NULL,NULL
639,1629,MA000141,1684,12.20(g),NULL,Wet places,0,0.0580,Percent,BR96281,0.6700,hourly,2025-07-01 00:00:00.0000000,NULL,5,2025-06-03 01:34:58.0000000,2025,2026-05-18 02:04:19.8233333,2026-05-18 02:04:19.8233333,NULL,NULL,NULL,NULL,NULL,NULL,NULL,NULL,NULL,NULL,NULL,NULL,NULL
640,1638,MA000142,1691,10.6(a),NULL,Coroner's officer allowance,0,6986.3000,Percent,BR96407,1820.6300,per annum,2025-07-01 00:00:00.0000000,NULL,5,2025-06-03 01:35:12.0000000,2025,2026-05-18 02:04:19.8500000,2026-05-18 02:04:19.8500000,NULL,NULL,NULL,NULL,NULL,NULL,NULL,NULL,NULL,NULL,NULL,NULL,NULL
641,1635,MA000142,1688,10.3,NULL,Diving allowance,0,105.8400,Percent,BR96407,27.5800,per day,2025-07-01 00:00:00.0000000,NULL,5,2025-06-03 01:35:12.0000000,2025,2026-05-18 02:04:19.8900000,2026-05-18 02:04:19.8900000,NULL,NULL,NULL,NULL,NULL,NULL,NULL,NULL,NULL,NULL,NULL,NULL,NULL
642,1636,MA000142,1689,10.4,NULL,Explosives harmless allowance,0,105.8400,Percent,BR96407,27.5800,per occasion,2025-07-01 00:00:00.0000000,NULL,5,2025-06-03 01:35:12.0000000,2025,2026-05-18 02:04:19.9233333,2026-05-18 02:04:19.9233333,NULL,NULL,NULL,NULL,NULL,NULL,NULL,NULL,NULL,NULL,NULL,NULL,NULL
643,1639,MA000142,1692,14.7(b),NULL,On-call allowance,0,124.2400,Percent,BR96407,32.3800,per occasion,2025-07-01 00:00:00.0000000,NULL,5,2025-06-03 01:35:12.0000000,2025,2026-05-18 02:04:19.9700000,2026-05-18 02:04:19.9700000,NULL,NULL,NULL,NULL,NULL,NULL,NULL,NULL,NULL,NULL,NULL,NULL,NULL
644,1637,MA000142,1690,10.5,NULL,Static duty allowance,0,12.6500,Percent,BR96407,3.3000,per hour or part thereof,2025-07-01 00:00:00.0000000,NULL,5,2025-06-03 01:35:12.0000000,2025,2026-05-18 02:04:20.0066667,2026-05-18 02:04:20.0066667,NULL,NULL,NULL,NULL,NULL,NULL,NULL,NULL,NULL,NULL,NULL,NULL,NULL
645,1640,MA000143,1693,9.8(a),NULL,Language skills allowance - Grade 2,0,18.4500,Percent,BR96520,5.2800,per hour,2025-07-01 00:00:00.0000000,NULL,5,2025-06-03 01:33:10.0000000,2025,2026-05-18 02:04:20.0400000,2026-05-18 02:04:20.0400000,NULL,NULL,NULL,NULL,NULL,NULL,NULL,NULL,NULL,NULL,NULL,NULL,NULL
646,1641,MA000143,1694,9.8(b),NULL,Language skills allowance - Grade 3,0,12.3000,Percent,BR96521,3.7100,per hour,2025-07-01 00:00:00.0000000,NULL,5,2025-06-03 01:33:10.0000000,2025,2026-05-18 02:04:20.0533333,2026-05-18 02:04:20.0533333,NULL,NULL,NULL,NULL,NULL,NULL,NULL,NULL,NULL,NULL,NULL,NULL,NULL
647,1642,MA000143,1695,9.8(c),NULL,Language skills allowance - Grade 4,0,2.5300,Percent,BR96522,0.8400,per hour,2025-07-01 00:00:00.0000000,NULL,5,2025-06-03 01:33:10.0000000,2025,2026-05-18 02:04:20.0700000,2026-05-18 02:04:20.0700000,NULL,NULL,NULL,NULL,NULL,NULL,NULL,NULL,NULL,NULL,NULL,NULL,NULL
648,1643,MA000144,1696,11.2,NULL,Electrician's licence,0,107.7800,Percent,BR96535,31.5600,per week,2025-07-01 00:00:00.0000000,NULL,5,2025-07-11 01:41:15.0000000,2025,2026-05-18 02:04:20.1100000,2026-05-18 02:04:20.1100000,NULL,NULL,NULL,NULL,NULL,NULL,NULL,NULL,NULL,NULL,NULL,NULL,NULL
649,1645,MA000144,1698,11.5(a),NULL,On call,0,126.3800,Percent,BR96535,37.0000,per night or day,2025-07-01 00:00:00.0000000,NULL,5,2025-06-03 01:27:09.0000000,2025,2026-05-18 02:04:20.1466667,2026-05-18 02:04:20.1466667,NULL,NULL,NULL,NULL,NULL,NULL,NULL,NULL,NULL,NULL,NULL,NULL,NULL
650,1644,MA000144,1697,11.3,NULL,Plumber's licence,0,7.1600,Percent,BR96535,2.1000,per hour,2025-07-01 00:00:00.0000000,NULL,5,2025-06-03 01:27:09.0000000,2025,2026-05-18 02:04:20.1833333,2026-05-18 02:04:20.1833333,NULL,NULL,NULL,NULL,NULL,NULL,NULL,NULL,NULL,NULL,NULL,NULL,NULL
651,11816,MA000145,1700,11.15(a),NULL,Community language,0,NULL,NULL,NULL,NULL,weekly,2025-07-01 00:00:00.0000000,NULL,5,2025-06-03 01:30:48.0000000,2025,2026-05-18 02:04:20.2133333,2026-05-18 02:04:20.2133333,NULL,NULL,NULL,NULL,NULL,NULL,NULL,NULL,NULL,NULL,NULL,NULL,NULL
652,1647,MA000145,1700,11.15(a),NULL,Community language - Rate 1,0,87.7600,Percent,BR96669,26.1600,weekly,2025-07-01 00:00:00.0000000,NULL,5,2025-06-03 01:30:48.0000000,2025,2026-05-18 02:04:20.2300000,2026-05-18 02:04:20.2300000,NULL,NULL,NULL,NULL,NULL,NULL,NULL,NULL,NULL,NULL,NULL,NULL,NULL
653,1648,MA000145,1700,11.15(a),NULL,Community language - Rate 2,0,175.5600,Percent,BR96669,52.3300,weekly,2025-07-01 00:00:00.0000000,NULL,5,2025-06-03 01:30:48.0000000,2025,2026-05-18 02:04:20.2400000,2026-05-18 02:04:20.2400000,NULL,NULL,NULL,NULL,NULL,NULL,NULL,NULL,NULL,NULL,NULL,NULL,NULL
654,11819,MA000145,1702,11.17,NULL,Employees in charge - gardening or maintenance,0,NULL,NULL,NULL,NULL,per annum,2025-07-01 00:00:00.0000000,NULL,5,2025-06-03 01:30:48.0000000,2025,2026-05-18 02:04:20.2666667,2026-05-18 02:04:20.2666667,NULL,NULL,NULL,NULL,NULL,NULL,NULL,NULL,NULL,NULL,NULL,NULL,NULL
655,1653,MA000145,1702,11.17,NULL,Employees in charge - gardening or maintenance - More than ten,1,16285.0600,Percent,BR96669,4854.5800,annual,2025-07-01 00:00:00.0000000,NULL,5,2025-06-03 01:30:48.0000000,2025,2026-05-18 02:04:20.2933333,2026-05-18 02:04:20.2933333,NULL,NULL,NULL,NULL,NULL,NULL,NULL,NULL,NULL,NULL,NULL,NULL,NULL
656,1651,MA000145,1702,11.17,NULL,Employees in charge - gardening or maintenance - One but not more than five,1,9636.0900,Percent,BR96669,2872.5200,annual,2025-07-01 00:00:00.0000000,NULL,5,2025-06-03 01:30:48.0000000,2025,2026-05-18 02:04:20.3233333,2026-05-18 02:04:20.3233333,NULL,NULL,NULL,NULL,NULL,NULL,NULL,NULL,NULL,NULL,NULL,NULL,NULL
657,1652,MA000145,1702,11.17,NULL,Employees in charge - gardening or maintenance - Six but not more than ten,1,12221.3800,Percent,BR96669,3643.1900,annual,2025-07-01 00:00:00.0000000,NULL,5,2025-06-03 01:30:48.0000000,2025,2026-05-18 02:04:20.3533333,2026-05-18 02:04:20.3533333,NULL,NULL,NULL,NULL,NULL,NULL,NULL,NULL,NULL,NULL,NULL,NULL,NULL
658,1646,MA000145,1699,11.14,NULL,First aid,0,51.3200,Percent,BR96669,15.3000,weekly,2025-07-01 00:00:00.0000000,NULL,5,2025-06-03 01:30:48.0000000,2025,2026-05-18 02:04:20.3700000,2026-05-18 02:04:20.3700000,NULL,NULL,NULL,NULL,NULL,NULL,NULL,NULL,NULL,NULL,NULL,NULL,NULL
659,11820,MA000145,1701,11.16,NULL,Licence,0,NULL,NULL,NULL,NULL,weekly,2025-07-01 00:00:00.0000000,NULL,5,2025-06-03 01:30:48.0000000,2025,2026-05-18 02:04:20.4066667,2026-05-18 02:04:20.4066667,NULL,NULL,NULL,NULL,NULL,NULL,NULL,NULL,NULL,NULL,NULL,NULL,NULL
660,11818,MA000145,22725,11.16(b),NULL,Licence - Electrical trade,1,108.4200,Percent,BR96669,32.3200,weekly,2025-07-01 00:00:00.0000000,NULL,5,2025-06-03 01:30:48.0000000,2025,2026-05-18 02:04:20.4266667,2026-05-18 02:04:20.4266667,NULL,NULL,NULL,NULL,NULL,NULL,NULL,NULL,NULL,NULL,NULL,NULL,NULL
661,11817,MA000145,22714,11.16(a),NULL,Licence - Plumbing trade,1,133.4300,Percent,BR96669,39.7800,weekly,2025-07-01 00:00:00.0000000,NULL,5,2025-06-03 01:30:48.0000000,2025,2026-05-18 02:04:20.4633333,2026-05-18 02:04:20.4633333,NULL,NULL,NULL,NULL,NULL,NULL,NULL,NULL,NULL,NULL,NULL,NULL,NULL
662,1670,MA000146,1704,B.1.2,8. Plant operators[#m]—Metal trades employees,An employee required to work internally on economisers or boilers (where temperature money is not paid).,0,9.9600,Percent,BR96942,2.8600,per hour,2025-07-01 00:00:00.0000000,NULL,5,2025-06-03 01:36:02.0000000,2025,2026-05-18 02:04:20.5000000,2026-05-18 02:04:20.5000000,NULL,NULL,NULL,NULL,NULL,NULL,NULL,NULL,NULL,NULL,NULL,NULL,NULL
663,1662,MA000146,1704,B.1.2,1. Gardening employees[#m]—Rangers,Aquatic ponds[#b][#m]—An employee required to work in water in aquatic ponds.,0,13.5100,Percent,BR96942,3.8800,per day,2025-07-01 00:00:00.0000000,NULL,5,2025-06-03 01:36:01.0000000,2025,2026-05-18 02:04:20.5266667,2026-05-18 02:04:20.5266667,NULL,NULL,NULL,NULL,NULL,NULL,NULL,NULL,NULL,NULL,NULL,NULL,NULL
664,1663,MA000146,1704,B.1.2,2. Building trades employees[#m]—Metal trades employees,"Asbestos eradication[#b][#m]—Employees directly employed on asbestos eradication, where the wearing of protective equipment (i.e. combination overalls and breathing equipment or similar apparatus) is required.",0,10.8100,Percent,BR96942,3.1100,per hour,2025-07-01 00:00:00.0000000,NULL,5,2025-06-03 01:36:02.0000000,2025,2026-05-18 02:04:20.5566667,2026-05-18 02:04:20.5566667,NULL,NULL,NULL,NULL,NULL,NULL,NULL,NULL,NULL,NULL,NULL,NULL,NULL
665,1664,MA000146,1704,B.1.2,3. Building trades employees[#m]—Electrical trades employees,"Asbestos handling[#b][#m]—Employees required to use materials containing asbestos or to work in close proximity to employees using such materials, where the wearing of protective equipment (i.e. combination overalls and breathing equipment or similar apparatus) is required.",0,3.9400,Percent,BR96942,1.1300,per hour,2025-07-01 00:00:00.0000000,NULL,5,2025-06-03 01:36:02.0000000,2025,2026-05-18 02:04:20.5833333,2026-05-18 02:04:20.5833333,NULL,NULL,NULL,NULL,NULL,NULL,NULL,NULL,NULL,NULL,NULL,NULL,NULL
666,1665,MA000146,1704,B.1.2,4. Civil construction employees[#m]—Plant operators,Barber-Greene operator[#b][#m]—Employees attached to a Barber-Greene machine spreading hot-mix.,0,9.8100,Percent,BR96942,2.8200,per day,2025-07-01 00:00:00.0000000,NULL,5,2025-06-03 01:36:02.0000000,2025,2026-05-18 02:04:20.6133333,2026-05-18 02:04:20.6133333,NULL,NULL,NULL,NULL,NULL,NULL,NULL,NULL,NULL,NULL,NULL,NULL,NULL
667,1666,MA000146,1704,B.1.2,5. Building trades employees,Bitumen and asphalt[#b][#m]—An employee handling hot bitumen or asphalt or dipping materials in creosote.,0,3.9400,Percent,BR96942,1.1300,per hour,2025-07-01 00:00:00.0000000,NULL,5,2025-06-03 01:36:02.0000000,2025,2026-05-18 02:04:20.6400000,2026-05-18 02:04:20.6400000,NULL,NULL,NULL,NULL,NULL,NULL,NULL,NULL,NULL,NULL,NULL,NULL,NULL
668,1667,MA000146,1704,B.1.2,6. Building trades employees,Brick cleaning[#b][#m]—An employee required to clean down bricks using acids or other corrosive substances.,0,3.0100,Percent,BR96942,0.8700,per hour,2025-07-01 00:00:00.0000000,NULL,5,2025-06-03 01:36:02.0000000,2025,2026-05-18 02:04:20.6700000,2026-05-18 02:04:20.6700000,NULL,NULL,NULL,NULL,NULL,NULL,NULL,NULL,NULL,NULL,NULL,NULL,NULL
669,1668,MA000146,1704,B.1.2,7. Building trades employees,"Brick cutting[#b][#m]—If on any site there is a brickcutting machine, only one bricklayer on that site will operate the cutting machine and will, whilst so engaged, be paid an allowance.",0,3.9400,Percent,BR96942,1.1300,per hour,2025-07-01 00:00:00.0000000,NULL,5,2025-06-03 01:36:02.0000000,2025,2026-05-18 02:04:20.7000000,2026-05-18 02:04:20.7000000,NULL,NULL,NULL,NULL,NULL,NULL,NULL,NULL,NULL,NULL,NULL,NULL,NULL
670,1669,MA000146,1704,B.1.2,8. Plant operators[#m]—Metal trades employees,"Cleaning economisers, etc.[#b][#m]—An employee required to work externally on economisers or boilers under fire (where temperature money is not paid), or on tractors or brickmaking machinery.",0,2.0100,Percent,BR96942,0.5800,per hour,2025-07-01 00:00:00.0000000,NULL,5,2025-06-03 01:36:02.0000000,2025,2026-05-18 02:04:20.7300000,2026-05-18 02:04:20.7300000,NULL,NULL,NULL,NULL,NULL,NULL,NULL,NULL,NULL,NULL,NULL,NULL,NULL
671,19533,MA000146,36311,16.11.4(d)(i),NULL,Close call—per night,0,102.7600,Percent,BR96942,29.5400,Per night,2025-07-01 00:00:00.0000000,NULL,5,2025-06-03 01:36:01.0000000,2025,2026-05-18 02:04:20.7600000,2026-05-18 02:04:20.7600000,NULL,NULL,NULL,NULL,NULL,NULL,NULL,NULL,NULL,NULL,NULL,NULL,NULL
672,19669,MA000146,36390,16.11.4(d)(ii),NULL,Close call—when on close call for day and a night,0,258.4000,Percent,BR96942,74.2900,Per occasion,2025-07-01 00:00:00.0000000,NULL,4,2025-06-03 01:36:01.0000000,2025,2026-05-18 02:04:20.7866667,2026-05-18 02:04:20.7866667,NULL,NULL,NULL,NULL,NULL,NULL,NULL,NULL,NULL,NULL,NULL,NULL,NULL
673,1654,MA000146,1703,B.1.1,"1. Building trades employees[#m]—Electrical trades employees[#m]
Food services employees[#m]
Metal trades employees[#m]
Plant operators","Cold places[#b][#m]—An employee required to work for more than one hour in places where the temperature is reduced by artificial means below 0 degrees Celsius.[#m]
Special conditions[#b][#i][#m]
Where the work continues for more than two hours an employee is entitled to a rest period of 20 minutes every two hours without loss of pay.",0,3.2400,Percent,BR96942,0.9300,per hour,2025-07-01 00:00:00.0000000,NULL,5,2025-06-03 01:36:01.0000000,2025,2026-05-18 02:04:20.8133333,2026-05-18 02:04:20.8133333,NULL,NULL,NULL,NULL,NULL,NULL,NULL,NULL,NULL,NULL,NULL,NULL,NULL
674,15372,MA000146,27979,12.18(a),NULL,Community language—CLA Rate 1,0,91.0300,Percent,BR96942,26.1700,per week,2025-07-01 00:00:00.0000000,NULL,7,2025-06-03 01:36:01.0000000,2025,2026-05-18 02:04:20.8400000,2026-05-18 02:04:20.8400000,NULL,NULL,NULL,NULL,NULL,NULL,NULL,NULL,NULL,NULL,NULL,NULL,NULL
675,15373,MA000146,27979,12.18(a),NULL,Community language—CLA Rate 2,0,182.1500,Percent,BR96942,52.3700,per week,2025-07-01 00:00:00.0000000,NULL,7,2025-06-03 01:36:02.0000000,2025,2026-05-18 02:04:20.8533333,2026-05-18 02:04:20.8533333,NULL,NULL,NULL,NULL,NULL,NULL,NULL,NULL,NULL,NULL,NULL,NULL,NULL
676,15379,MA000146,27985,12.27,NULL,Compute quantities,0,23.4200,Percent,BR96942,6.7300,per day,2025-07-01 00:00:00.0000000,NULL,6,2025-06-03 01:36:01.0000000,2025,2026-05-18 02:04:20.8833333,2026-05-18 02:04:20.8833333,NULL,NULL,NULL,NULL,NULL,NULL,NULL,NULL,NULL,NULL,NULL,NULL,NULL
677,1655,MA000146,1703,B.1.1,"2. Building trades employees[#m]—Civil construction employees[#m]
Electrical trades employees[#m]
Metal trades employees","Confined spaces[#b][#m]—An employee required to work in a confined space, as defined.[#m]
“confined space” means a compartment, space or place the dimensions of which necessitate an employee working in a stooped or otherwise cramped position, or without proper ventilation.",0,3.9400,Percent,BR96942,1.1300,per hour,2025-07-01 00:00:00.0000000,NULL,5,2025-06-03 01:36:02.0000000,2025,2026-05-18 02:04:20.9166667,2026-05-18 02:04:20.9166667,NULL,NULL,NULL,NULL,NULL,NULL,NULL,NULL,NULL,NULL,NULL,NULL,NULL
678,15377,MA000146,27983,12.24(a),NULL,Construction Industry Allowance,1,142.8000,Percent,BR96942,41.0600,per week,2025-07-01 00:00:00.0000000,NULL,7,2025-06-03 01:36:01.0000000,2025,2026-05-18 02:04:20.9466667,2026-05-18 02:04:20.9466667,NULL,NULL,NULL,NULL,NULL,NULL,NULL,NULL,NULL,NULL,NULL,NULL,NULL
679,1671,MA000146,1704,B.1.2,9. Building trades employees,"Construction/repairs to boilers, flues, etc[#b][#m]//An employee performing the duties of Bricklayer or Builder’s Labourer, engaged on the construction or alteration or repairs to boilers, flues, furnaces, retorts, kilns, ovens, ladles and similar refractory work or on acid furnaces, acid stills, acid towers and all other acid resisting brickwork.",0,8.5700,Percent,BR96942,2.4600,per hour,2025-07-01 00:00:00.0000000,NULL,5,2025-06-03 01:36:03.0000000,2025,2026-05-18 02:04:20.9833333,2026-05-18 02:04:20.9833333,NULL,NULL,NULL,NULL,NULL,NULL,NULL,NULL,NULL,NULL,NULL,NULL,NULL
680,1706,MA000146,1704,B.1.2,39. Civil construction employees,Daily minimum,0,5.2500,Percent,BR96942,1.5100,per day,2025-07-01 00:00:00.0000000,NULL,5,2025-06-03 01:36:04.0000000,2025,2026-05-18 02:04:21.0133333,2026-05-18 02:04:21.0133333,NULL,NULL,NULL,NULL,NULL,NULL,NULL,NULL,NULL,NULL,NULL,NULL,NULL
681,1708,MA000146,1704,B.1.2,39. Civil construction employees,Daily minimum,0,13.2000,Percent,BR96942,3.8000,per day,2025-07-01 00:00:00.0000000,NULL,5,2025-06-03 01:36:04.0000000,2025,2026-05-18 02:04:21.0300000,2026-05-18 02:04:21.0300000,NULL,NULL,NULL,NULL,NULL,NULL,NULL,NULL,NULL,NULL,NULL,NULL,NULL
682,15383,MA000146,27989,12.31,NULL,Diamond driller,0,23.9300,Percent,BR96942,6.8800,per week,2025-07-01 00:00:00.0000000,NULL,6,2025-06-03 01:36:01.0000000,2025,2026-05-18 02:04:21.0566667,2026-05-18 02:04:21.0566667,NULL,NULL,NULL,NULL,NULL,NULL,NULL,NULL,NULL,NULL,NULL,NULL,NULL
683,1672,MA000146,1704,B.1.2,10. Metal trades employees,"Diesel engines – [#b][#m]—An employee performing repairs and renewals inside any crankcase.[#m]
Payment for work performed other than in the crankcase will only occur when the employer considers it is warranted.[#i]",0,10.5000,Percent,BR96942,3.0200,per day,2025-07-01 00:00:00.0000000,NULL,5,2025-06-03 01:36:03.0000000,2025,2026-05-18 02:04:21.0833333,2026-05-18 02:04:21.0833333,NULL,NULL,NULL,NULL,NULL,NULL,NULL,NULL,NULL,NULL,NULL,NULL,NULL
684,1656,MA000146,1703,B.1.1,"3. Building trades employees[#m]—Metal trades employees[#m]
Plant operators[#m]
Stores employees",Dirty work[#b][#m]—Where an employee and a supervisor agree that work is of an unusually dirty or offensive nature.,0,3.2400,Percent,BR96942,0.9300,per hour,2025-07-01 00:00:00.0000000,NULL,5,2025-06-03 01:36:02.0000000,2025,2026-05-18 02:04:21.1100000,2026-05-18 02:04:21.1100000,NULL,NULL,NULL,NULL,NULL,NULL,NULL,NULL,NULL,NULL,NULL,NULL,NULL
685,1673,MA000146,1704,B.1.2,11. Building trades employees,Dry polishing of tiles[#b][#m]—Employees engaged on dry polishing tiles where machines are used.,0,3.9400,Percent,BR96942,1.1300,per hour,2025-07-01 00:00:00.0000000,NULL,5,2025-06-03 01:36:03.0000000,2025,2026-05-18 02:04:21.1400000,2026-05-18 02:04:21.1400000,NULL,NULL,NULL,NULL,NULL,NULL,NULL,NULL,NULL,NULL,NULL,NULL,NULL
686,15375,MA000146,27981,12.20,NULL,Electrical trades employee - licence allowance,0,113.8000,Percent,BR96942,32.7200,per week,2025-07-01 00:00:00.0000000,NULL,6,2025-06-03 01:36:01.0000000,2025,2026-05-18 02:04:21.1666667,2026-05-18 02:04:21.1666667,NULL,NULL,NULL,NULL,NULL,NULL,NULL,NULL,NULL,NULL,NULL,NULL,NULL
687,1694,MA000146,1704,B.1.2,29. Plant operators,Employees using high pressure sprays for this purpose,0,24.7800,Percent,BR96942,7.1200,per day,2025-07-01 00:00:00.0000000,NULL,5,2025-06-03 01:36:04.0000000,2025,2026-05-18 02:04:21.1966667,2026-05-18 02:04:21.1966667,NULL,NULL,NULL,NULL,NULL,NULL,NULL,NULL,NULL,NULL,NULL,NULL,NULL
688,1674,MA000146,1704,B.1.2,"12. Building employees[#m]—Civil construction employees[#m]
Electrical trades employees[#m]
Metal trades employees",Epoxy-based materials – close proximity[#b][#m]—Employees required to work in close proximity to employees engaged on work under item 12 so as to be affected by the materials specified.,0,3.2400,Percent,BR96942,0.9300,per hour,2025-07-01 00:00:00.0000000,NULL,5,2025-06-03 01:36:03.0000000,2025,2026-05-18 02:04:21.2233333,2026-05-18 02:04:21.2233333,NULL,NULL,NULL,NULL,NULL,NULL,NULL,NULL,NULL,NULL,NULL,NULL,NULL
689,1675,MA000146,1704,B.1.2,"13. Building trades employees[#m]—Civil construction employees[#m]
Electrical trades employees[#m]
Metal trades employees[#m]
Food services employees",Epoxy-based materials – use [#b][#m]—Employees who use epoxy-based materials and all materials which include or require the addition of a catalyst hardener and reactive additives or two-pack catalyst system.,0,3.9400,Percent,BR96942,1.1300,per hour,2025-07-01 00:00:00.0000000,NULL,5,2025-06-03 01:36:03.0000000,2025,2026-05-18 02:04:21.2566667,2026-05-18 02:04:21.2566667,NULL,NULL,NULL,NULL,NULL,NULL,NULL,NULL,NULL,NULL,NULL,NULL,NULL
690,1676,MA000146,1704,B.1.2,"14. Building employees[#m]—Civil construction employees[#m]
Electrical trades employees[#m]
Metal trades employees","Explosive powered tools[#b][#m]—An operator of explosive powered tools, holding the appropriate certification, who is required to use an explosive powered tool.",0,7.6400,Percent,BR96942,2.2000,per day,2025-07-01 00:00:00.0000000,NULL,5,2025-06-03 01:36:03.0000000,2025,2026-05-18 02:04:21.2833333,2026-05-18 02:04:21.2833333,NULL,NULL,NULL,NULL,NULL,NULL,NULL,NULL,NULL,NULL,NULL,NULL,NULL
691,15370,MA000146,27978,12.17,NULL,First aid—advanced level,0,66.2300,Percent,BR96942,19.0400,per week,2025-07-01 00:00:00.0000000,NULL,6,2025-06-03 01:36:02.0000000,2025,2026-05-18 02:04:21.3100000,2026-05-18 02:04:21.3100000,NULL,NULL,NULL,NULL,NULL,NULL,NULL,NULL,NULL,NULL,NULL,NULL,NULL
692,15369,MA000146,27978,12.17,NULL,First aid—basic level,0,53.2000,Percent,BR96942,15.3000,per week,2025-07-01 00:00:00.0000000,NULL,6,2025-06-03 01:36:01.0000000,2025,2026-05-18 02:04:21.3400000,2026-05-18 02:04:21.3400000,NULL,NULL,NULL,NULL,NULL,NULL,NULL,NULL,NULL,NULL,NULL,NULL,NULL
693,15371,MA000146,27978,12.17,NULL,First aid—Occupational or Specialist Level,0,80.1700,Percent,BR96942,23.0500,per week,2025-07-01 00:00:00.0000000,NULL,6,2025-06-03 01:36:02.0000000,2025,2026-05-18 02:04:21.3700000,2026-05-18 02:04:21.3700000,NULL,NULL,NULL,NULL,NULL,NULL,NULL,NULL,NULL,NULL,NULL,NULL,NULL
694,1658,MA000146,1703,B.1.1,4. Building trades employees[#m]—Metal trades employees,For each additional 15 metres distance above the ground:,0,2.0100,Percent,BR96942,0.5800,per hour,2025-07-01 00:00:00.0000000,NULL,5,2025-06-03 01:36:02.0000000,2025,2026-05-18 02:04:21.3966667,2026-05-18 02:04:21.3966667,NULL,NULL,NULL,NULL,NULL,NULL,NULL,NULL,NULL,NULL,NULL,NULL,NULL
695,1677,MA000146,1704,B.1.2,"15. Building employees[#m]—Electrical trades employees[#m]
Metal trades employees",Fumes[#b][#m]—An employee required to work in a place where fumes of sulphur or other acid or other offensive fumes are present.,0,3.9400,Percent,BR96942,1.1300,per hour,2025-07-01 00:00:00.0000000,NULL,5,2025-06-03 01:36:03.0000000,2025,2026-05-18 02:04:21.4266667,2026-05-18 02:04:21.4266667,NULL,NULL,NULL,NULL,NULL,NULL,NULL,NULL,NULL,NULL,NULL,NULL,NULL
696,15385,MA000146,27991,12.33,NULL,Gardener in charge,0,34.4000,Percent,BR96942,9.8900,per week,2025-07-01 00:00:00.0000000,NULL,6,2025-06-03 01:36:01.0000000,2025,2026-05-18 02:04:21.4633333,2026-05-18 02:04:21.4633333,NULL,NULL,NULL,NULL,NULL,NULL,NULL,NULL,NULL,NULL,NULL,NULL,NULL
697,1681,MA000146,1704,B.1.2,17. Building trades employees,Height work - painting trades:[#b][#m]—An employee working on any structure at a height of more than nine (9) metres where an adequate fixed support not less than 0.75 metres wide is not provided.,0,3.0100,Percent,BR96942,0.8700,per hour,2025-07-01 00:00:00.0000000,NULL,5,2025-06-03 01:36:03.0000000,2025,2026-05-18 02:04:21.5000000,2026-05-18 02:04:21.5000000,NULL,NULL,NULL,NULL,NULL,NULL,NULL,NULL,NULL,NULL,NULL,NULL,NULL
698,1657,MA000146,1703,B.1.1,4. Building trades employees[#m]—Metal trades employees,"Height[#b][#m]—Employees engaged in the construction, erection, repair and/or maintenance of any structure over 15 metres, while working at a height of 15 metres or more directly above the nearest horizontal plane.",0,2.0100,Percent,BR96942,0.5800,per hour,2025-07-01 00:00:00.0000000,NULL,5,2025-06-03 01:36:02.0000000,2025,2026-05-18 02:04:21.5300000,2026-05-18 02:04:21.5300000,NULL,NULL,NULL,NULL,NULL,NULL,NULL,NULL,NULL,NULL,NULL,NULL,NULL
699,1659,MA000146,1703,B.1.1,"5. Building trades employees[#m]—Electrical trades employees[#m]
Metal trades employees[#m]
Plant operators",Hot places[#b][#m]—An employee required to work for more than one hour in the shade in places where the temperature is raised by artificial means to between 46 and 54 Celsius.,0,3.2400,Percent,BR96942,0.9300,per hour,2025-07-01 00:00:00.0000000,NULL,5,2025-06-03 01:36:02.0000000,2025,2026-05-18 02:04:21.5633333,2026-05-18 02:04:21.5633333,NULL,NULL,NULL,NULL,NULL,NULL,NULL,NULL,NULL,NULL,NULL,NULL,NULL
700,1660,MA000146,1703,B.1.1,"6. Building trades employees[#m]—Electrical trades employees[#m]
Metal trades employees[#m]
Plant operators","Hot places[#b][#m]—An employee required to work for more than one hour in the shade in places where the temperature is raised by artificial means to between 46 and 54 Celsius.[#m]
[#m]
Special conditions[#b][#i][#m]
Where work continues for more than two hours in temperatures exceeding 54 Celsius, employees will be entitled to 20 minutes rest after every two hours work without deduction of pay. The temperature will be determined by the supervisor after consultation with the employees who claim t",0,3.9400,Percent,BR96942,1.1300,per hour,2025-07-01 00:00:00.0000000,NULL,5,2025-06-03 01:36:02.0000000,2025,2026-05-18 02:04:21.6000000,2026-05-18 02:04:21.6000000,NULL,NULL,NULL,NULL,NULL,NULL,NULL,NULL,NULL,NULL,NULL,NULL,NULL
701,1682,MA000146,1704,B.1.2,"18. Civil construction workers[#m]—Plant operators[#m]
Rangers",Insanitary / sewerage sludge[#b][#m]//An employee called upon to work in insanitary conditions or unload sewerage sludge.,0,11.8900,Percent,BR96942,3.4200,per day,2025-07-01 00:00:00.0000000,NULL,5,2025-06-03 01:36:03.0000000,2025,2026-05-18 02:04:21.6433333,2026-05-18 02:04:21.6433333,NULL,NULL,NULL,NULL,NULL,NULL,NULL,NULL,NULL,NULL,NULL,NULL,NULL
702,1683,MA000146,1704,B.1.2,"19. Building employees[#m]—Electrical trades employees[#m]
Metal trades employees","Insulation[#b][#m]—An employee handling charcoal, pumice, granulated cork, silicate of cotton, insulwool, slag wool, limpet fibre, vermiculite, or other recognised insulating material of a like nature, associated with similar disabilities in its use.[#m]
[#m]
Special conditions[#b][#i][#m]
This extra rate will also apply to an employee working in the immediate vicinity who is affected by the use of such materials.",0,3.9400,Percent,BR96942,1.1300,per hour,2025-07-01 00:00:00.0000000,NULL,5,2025-06-03 01:36:03.0000000,2025,2026-05-18 02:04:21.6833333,2026-05-18 02:04:21.6833333,NULL,NULL,NULL,NULL,NULL,NULL,NULL,NULL,NULL,NULL,NULL,NULL,NULL
703,1684,MA000146,1704,B.1.2,20. Building trades employees – plumbers,Leadburning[#b][#m]—An employee performing trade level plumbing functions or apprentices to that trade engaged on lead burning.,0,3.9400,Percent,BR96942,1.1300,per hour,2025-07-01 00:00:00.0000000,NULL,5,2025-06-03 01:36:03.0000000,2025,2026-05-18 02:04:21.7233333,2026-05-18 02:04:21.7233333,NULL,NULL,NULL,NULL,NULL,NULL,NULL,NULL,NULL,NULL,NULL,NULL,NULL
704,1685,MA000146,1704,B.1.2,21. Civil construction employees,"Live sewer work[#b][#m]—‘Live sewer work’ means work carried out in situations where there is direct aerial connection with a sewer though which sewerage is flowing.[#m]
Where aerial connection with such sewer is blocked by a disc, plug, water seal or other means the live sewer rate shall not apply. [#m]
An employee in receipt of the live sewer rate shall not be entitled to the extra rate in item 15.",0,2.8600,Percent,BR96942,0.8200,per hour,2025-07-01 00:00:00.0000000,NULL,5,2025-06-03 01:36:03.0000000,2025,2026-05-18 02:04:21.7533333,2026-05-18 02:04:21.7533333,NULL,NULL,NULL,NULL,NULL,NULL,NULL,NULL,NULL,NULL,NULL,NULL,NULL
705,19531,MA000146,36310,16.11.3(b)(i),NULL,On-call—per night,0,51.4000,Percent,BR96942,14.7800,Per night,2025-07-01 00:00:00.0000000,NULL,5,2025-06-03 01:36:01.0000000,2025,2026-05-18 02:04:21.7866667,2026-05-18 02:04:21.7866667,NULL,NULL,NULL,NULL,NULL,NULL,NULL,NULL,NULL,NULL,NULL,NULL,NULL
706,19668,MA000146,36389,16.11.3(b)(ii),NULL,On-call—when on call for day and a night,0,129.1500,Percent,BR96942,37.1300,Per occasion,2025-07-01 00:00:00.0000000,NULL,4,2025-06-03 01:36:01.0000000,2025,2026-05-18 02:04:21.8200000,2026-05-18 02:04:21.8200000,NULL,NULL,NULL,NULL,NULL,NULL,NULL,NULL,NULL,NULL,NULL,NULL,NULL
707,19535,MA000146,36317,F.1.2,NULL,Overtime allowance,0,26683.0400,Percent,BR96942,7671.3700,per annum,2025-07-01 00:00:00.0000000,NULL,4,2025-06-03 01:36:01.0000000,2025,2026-05-18 02:04:21.8500000,2026-05-18 02:04:21.8500000,NULL,NULL,NULL,NULL,NULL,NULL,NULL,NULL,NULL,NULL,NULL,NULL,NULL
708,15384,MA000146,27990,12.32,NULL,Pest Control Unit,0,52.6000,Percent,BR96942,15.1200,per week,2025-07-01 00:00:00.0000000,NULL,6,2025-06-03 01:36:01.0000000,2025,2026-05-18 02:04:21.8833333,2026-05-18 02:04:21.8833333,NULL,NULL,NULL,NULL,NULL,NULL,NULL,NULL,NULL,NULL,NULL,NULL,NULL
709,15374,MA000146,27980,12.19,NULL,Pest inspection certificate,0,20.7300,Percent,BR96942,5.9600,per week,2025-07-01 00:00:00.0000000,NULL,7,2025-06-03 01:36:01.0000000,2025,2026-05-18 02:04:21.9233333,2026-05-18 02:04:21.9233333,NULL,NULL,NULL,NULL,NULL,NULL,NULL,NULL,NULL,NULL,NULL,NULL,NULL
710,15382,MA000146,27988,12.30,NULL,Plant operator - Kerrick cleaner,0,12.7600,Percent,BR96942,3.6700,per day,2025-07-01 00:00:00.0000000,NULL,7,2025-06-03 01:36:01.0000000,2025,2026-05-18 02:04:21.9633333,2026-05-18 02:04:21.9633333,NULL,NULL,NULL,NULL,NULL,NULL,NULL,NULL,NULL,NULL,NULL,NULL,NULL
711,15380,MA000146,27986,12.28,NULL,Plant operator - sideline allowance,0,1.7000,Percent,BR96942,0.4900,per hour,2025-07-01 00:00:00.0000000,NULL,6,2025-06-03 01:36:01.0000000,2025,2026-05-18 02:04:22.0066667,2026-05-18 02:04:22.0066667,NULL,NULL,NULL,NULL,NULL,NULL,NULL,NULL,NULL,NULL,NULL,NULL,NULL
712,1686,MA000146,1704,B.1.2,22. Building trades employees,Plaster or composition[#b][#m]—An Employees using a plaster or composition spray.,0,3.2400,Percent,BR96942,0.9300,per hour,2025-07-01 00:00:00.0000000,NULL,5,2025-06-03 01:36:03.0000000,2025,2026-05-18 02:04:22.0400000,2026-05-18 02:04:22.0400000,NULL,NULL,NULL,NULL,NULL,NULL,NULL,NULL,NULL,NULL,NULL,NULL,NULL
713,15376,MA000146,27982,12.21,NULL,Plumber's licence allowance,1,149.2000,Percent,BR96942,42.9000,per week,2025-07-01 00:00:00.0000000,NULL,7,2025-06-03 01:36:02.0000000,2025,2026-05-18 02:04:22.0566667,2026-05-18 02:04:22.0566667,NULL,NULL,NULL,NULL,NULL,NULL,NULL,NULL,NULL,NULL,NULL,NULL,NULL
714,15378,MA000146,27984,12.25(a),NULL,Plumbing tradespeople - disability allowance,1,107.2700,Percent,BR96942,30.8400,per week,2025-07-01 00:00:00.0000000,NULL,7,2025-06-03 01:36:02.0000000,2025,2026-05-18 02:04:22.0866667,2026-05-18 02:04:22.0866667,NULL,NULL,NULL,NULL,NULL,NULL,NULL,NULL,NULL,NULL,NULL,NULL,NULL
715,1687,MA000146,1704,B.1.2,"23. Civil construction employees[#m]—Gardening employees[#m]
Rangers[#m]
Metal trades employees",Rain[#b][#m]—Employees who are required to work in rain.,0,43.7000,Percent,BR96942,12.5600,per day,2025-07-01 00:00:00.0000000,NULL,5,2025-06-03 01:36:03.0000000,2025,2026-05-18 02:04:22.1166667,2026-05-18 02:04:22.1166667,NULL,NULL,NULL,NULL,NULL,NULL,NULL,NULL,NULL,NULL,NULL,NULL,NULL
716,1688,MA000146,1704,B.1.2,24. Building trades employees,Roof repairs[#b][#m]—Employees engaged on repairs to roofs.,0,3.9400,Percent,BR96942,1.1300,per hour,2025-07-01 00:00:00.0000000,NULL,5,2025-06-03 01:36:03.0000000,2025,2026-05-18 02:04:22.1433333,2026-05-18 02:04:22.1433333,NULL,NULL,NULL,NULL,NULL,NULL,NULL,NULL,NULL,NULL,NULL,NULL,NULL
717,1689,MA000146,1704,B.1.2,25. Building trades employees,"Second hand timber[#b][#m]—Where, whilst working with second-hand timber, an employee’s tools are damaged by nails, dumps or other foreign matter on the timber.",0,12.6600,Percent,BR96942,3.6400,per day,2025-07-01 00:00:00.0000000,NULL,5,2025-06-03 01:36:04.0000000,2025,2026-05-18 02:04:22.1700000,2026-05-18 02:04:22.1700000,NULL,NULL,NULL,NULL,NULL,NULL,NULL,NULL,NULL,NULL,NULL,NULL,NULL
718,15381,MA000146,27987,12.29,NULL,Senior plant operator,0,76.5000,Percent,BR96942,21.9900,per week,2025-07-01 00:00:00.0000000,NULL,6,2025-06-03 01:36:02.0000000,2025,2026-05-18 02:04:22.1833333,2026-05-18 02:04:22.1833333,NULL,NULL,NULL,NULL,NULL,NULL,NULL,NULL,NULL,NULL,NULL,NULL,NULL
719,1690,MA000146,1704,B.1.2,26. Electrical trades employees,"Sewerage pit work[#b][#m]—An employee employed on work which involves entering a sewerage pit for the purpose of servicing, disconnecting and/or removal or replacement of electrical equipment.",0,35.9000,Percent,BR96942,10.3200,per day,2025-07-01 00:00:00.0000000,NULL,5,2025-06-03 01:36:04.0000000,2025,2026-05-18 02:04:22.2133333,2026-05-18 02:04:22.2133333,NULL,NULL,NULL,NULL,NULL,NULL,NULL,NULL,NULL,NULL,NULL,NULL,NULL
720,1691,MA000146,1704,B.1.2,27. Civil construction employees[#m]—Metal trades employees,Sewerage tunnels[#b][#m]—Employees cleaning chokeage in pumps conveying sewerage or working in sewerage tunnels.,0,47.1000,Percent,BR96942,13.5400,per day,2025-07-01 00:00:00.0000000,NULL,5,2025-06-03 01:36:04.0000000,2025,2026-05-18 02:04:22.2433333,2026-05-18 02:04:22.2433333,NULL,NULL,NULL,NULL,NULL,NULL,NULL,NULL,NULL,NULL,NULL,NULL,NULL
721,1692,MA000146,1704,B.1.2,28. Building trades employees,Slushing[#b][#m]—An employee engaged in “Slushing”.,0,3.2400,Percent,BR96942,0.9300,per hour,2025-07-01 00:00:00.0000000,NULL,5,2025-06-03 01:36:04.0000000,2025,2026-05-18 02:04:22.2766667,2026-05-18 02:04:22.2766667,NULL,NULL,NULL,NULL,NULL,NULL,NULL,NULL,NULL,NULL,NULL,NULL,NULL
722,15386,MA000146,27992,F.4.2,NULL,Special education allowance,0,4392.1000,Percent,BR96942,1262.7300,per year,2025-07-01 00:00:00.0000000,NULL,6,2025-06-03 01:36:02.0000000,2025,2026-05-18 02:04:22.3000000,2026-05-18 02:04:22.3000000,NULL,NULL,NULL,NULL,NULL,NULL,NULL,NULL,NULL,NULL,NULL,NULL,NULL
723,1693,MA000146,1704,B.1.2,29. Gardening employees[#m]—Rangers,Spray gangs[#b][#m]—Employees engaged in spray gangs on destruction of weeds and/or vermin.,0,19.5300,Percent,BR96942,5.6100,per day,2025-07-01 00:00:00.0000000,NULL,5,2025-06-03 01:36:04.0000000,2025,2026-05-18 02:04:22.3300000,2026-05-18 02:04:22.3300000,NULL,NULL,NULL,NULL,NULL,NULL,NULL,NULL,NULL,NULL,NULL,NULL,NULL
724,1695,MA000146,1704,B.1.2,30. Building trades employees – painters,Spraypainting[#b][#m]—An employee performing trade level painting functions engaged on all spray painting carried out in other than a properly constructed booth.,0,3.2400,Percent,BR96942,0.9300,per hour,2025-07-01 00:00:00.0000000,NULL,5,2025-06-03 01:36:04.0000000,2025,2026-05-18 02:04:22.3666667,2026-05-18 02:04:22.3666667,NULL,NULL,NULL,NULL,NULL,NULL,NULL,NULL,NULL,NULL,NULL,NULL,NULL
725,1696,MA000146,1704,B.1.2,"31. Building trades employees[#m]—Electrical trades employees[#m]
Metal trades employees","Swing scaffold[#b][#m]—An employee required to work from any type of swing scaffold or any scaffold suspended by rope or cable, bosun’s chair, or a suspended scaffold requiring the use of steel or iron hooks or angle irons.",0,23.3900,Percent,BR96942,6.7200,per day for first four hours,2025-07-01 00:00:00.0000000,NULL,5,2025-06-03 01:36:04.0000000,2025,2026-05-18 02:04:22.3966667,2026-05-18 02:04:22.3966667,NULL,NULL,NULL,NULL,NULL,NULL,NULL,NULL,NULL,NULL,NULL,NULL,NULL
726,1697,MA000146,1704,B.1.2,"32. Building trades employees[#m]—Electrical trades employees[#m]
Metal trades employees",Swing scaffold[#b][#m]—Fifth and subsequent hours.,0,4.8600,Percent,BR96942,1.4000,per hour for fifth and subsequent hours,2025-07-01 00:00:00.0000000,NULL,5,2025-06-03 01:36:04.0000000,2025,2026-05-18 02:04:22.4333333,2026-05-18 02:04:22.4333333,NULL,NULL,NULL,NULL,NULL,NULL,NULL,NULL,NULL,NULL,NULL,NULL,NULL
727,1698,MA000146,1704,B.1.2,33. Building trades employees,Tile cutting[#b][#m]—An employee engaged at cutting tiles by electric saw.,0,3.9400,Percent,BR96942,1.1300,per hour,2025-07-01 00:00:00.0000000,NULL,5,2025-06-03 01:36:04.0000000,2025,2026-05-18 02:04:22.4666667,2026-05-18 02:04:22.4666667,NULL,NULL,NULL,NULL,NULL,NULL,NULL,NULL,NULL,NULL,NULL,NULL,NULL
728,1699,MA000146,1704,B.1.2,34. Metal trades employees,Trenches[#b][#m]—An employee required to work in trenches deeper than 1.8 metres and less than 0.9 metres in width.,0,5.5600,Percent,BR96942,1.6000,per day,2025-07-01 00:00:00.0000000,NULL,5,2025-06-03 01:36:04.0000000,2025,2026-05-18 02:04:22.4966667,2026-05-18 02:04:22.4966667,NULL,NULL,NULL,NULL,NULL,NULL,NULL,NULL,NULL,NULL,NULL,NULL,NULL
729,1700,MA000146,1704,B.1.2,"35. Building trades employees[#m]—Civil construction employees[#m]
Metal trades employees[#m]
Not payable to employees engaged on “pot and drive” work of 3.5 m or less.","Underground[#b][#m]—An employee required to work underground.[#m]
Where a shaft is to be sunk to a depth greater than 6 metres, the payment of the underground allowance will commence from the surface.[#i]",0,13.9700,Percent,BR96942,4.0200,per day,2025-07-01 00:00:00.0000000,NULL,5,2025-06-03 01:36:04.0000000,2025,2026-05-18 02:04:22.5266667,2026-05-18 02:04:22.5266667,NULL,NULL,NULL,NULL,NULL,NULL,NULL,NULL,NULL,NULL,NULL,NULL,NULL
730,1701,MA000146,1704,B.1.2,36. Civil construction employees,"Unsewered toilet[#b][#m]—Any employee, other than a lavatory attendant or street cleaner, called upon to attend at unsewered toilets.",0,7.6400,Percent,BR96942,2.2000,per day,2025-07-01 00:00:00.0000000,NULL,5,2025-06-03 01:36:04.0000000,2025,2026-05-18 02:04:22.5500000,2026-05-18 02:04:22.5500000,NULL,NULL,NULL,NULL,NULL,NULL,NULL,NULL,NULL,NULL,NULL,NULL,NULL
731,1702,MA000146,1704,B.1.2,37. Civil construction employees,Unusually obnoxious work[#b][#m]—Work involving offensive and/or obnoxious material.,0,20.6900,Percent,BR96942,5.9500,per day,2025-07-01 00:00:00.0000000,NULL,5,2025-06-03 01:36:04.0000000,2025,2026-05-18 02:04:22.5833333,2026-05-18 02:04:22.5833333,NULL,NULL,NULL,NULL,NULL,NULL,NULL,NULL,NULL,NULL,NULL,NULL,NULL
732,1661,MA000146,1703,B.1.1,"7. Building employees[#m]—Civil construction employees[#m]
Metal trades employees[#m]
Stores employees","Wet places[#b][#m]—An employee required to work in any place where clothing or boots become saturated by water, oil or another substance.[#m]
Special conditions[#b][#i][#m]
(1) Any employee who becomes entitled to this extra rate will be paid such rate only for the part of the day or shift that they are required to work in wet clothing or boots.[#m]
(2) This extra rate is not payable to an employee who is provided by the employer with suitable and effective protective clothing and/or footwear.",0,3.2400,Percent,BR96942,0.9300,per hour,2025-07-01 00:00:00.0000000,NULL,5,2025-06-03 01:36:02.0000000,2025,2026-05-18 02:04:22.6133333,2026-05-18 02:04:22.6133333,NULL,NULL,NULL,NULL,NULL,NULL,NULL,NULL,NULL,NULL,NULL,NULL,NULL
733,1704,MA000146,1704,B.1.2,39. Civil construction employees,"when working at a height exceeding 12 metres, but not exceeding 24 metres above the ground or nearest horizontal plane[#p]",0,1.8500,Percent,BR96942,0.5300,per hour,2025-07-01 00:00:00.0000000,NULL,5,2025-06-03 01:36:04.0000000,2025,2026-05-18 02:04:22.6466667,2026-05-18 02:04:22.6466667,NULL,NULL,NULL,NULL,NULL,NULL,NULL,NULL,NULL,NULL,NULL,NULL,NULL
734,1705,MA000146,1704,B.1.2,39. Civil construction employees,"when working at a height exceeding 24 metres, but not exceeding 60 metres above the ground or nearest horizontal plane[#p]",0,3.0100,Percent,BR96942,0.8700,per hour,2025-07-01 00:00:00.0000000,NULL,5,2025-06-03 01:36:04.0000000,2025,2026-05-18 02:04:22.6666667,2026-05-18 02:04:22.6666667,NULL,NULL,NULL,NULL,NULL,NULL,NULL,NULL,NULL,NULL,NULL,NULL,NULL
735,1707,MA000146,1704,B.1.2,39. Civil construction employees,when working at a height exceeding 60 metres from the ground or nearest horizontal plane[#p],0,5.9400,Percent,BR96942,1.7100,per hour,2025-07-01 00:00:00.0000000,NULL,5,2025-06-03 01:36:04.0000000,2025,2026-05-18 02:04:22.7066667,2026-05-18 02:04:22.7066667,NULL,NULL,NULL,NULL,NULL,NULL,NULL,NULL,NULL,NULL,NULL,NULL,NULL
736,1679,MA000146,1704,B.1.2,16. Building trades employees,Where the blocks weigh 9kg or over and up to 18kg,0,5.7900,Percent,BR96942,1.6600,per hour,2025-07-01 00:00:00.0000000,NULL,5,2025-06-03 01:36:03.0000000,2025,2026-05-18 02:04:22.7366667,2026-05-18 02:04:22.7366667,NULL,NULL,NULL,NULL,NULL,NULL,NULL,NULL,NULL,NULL,NULL,NULL,NULL
737,1680,MA000146,1704,B.1.2,16. Building trades employees,Where the blocks weigh over 18kg,0,8.1800,Percent,BR96942,2.3500,per hour,2025-07-01 00:00:00.0000000,NULL,5,2025-06-03 01:36:03.0000000,2025,2026-05-18 02:04:22.7700000,2026-05-18 02:04:22.7700000,NULL,NULL,NULL,NULL,NULL,NULL,NULL,NULL,NULL,NULL,NULL,NULL,NULL
738,1678,MA000146,1704,B.1.2,16. Building trades employees,Where the blocks weigh over 5.5kg and under 9kg,0,3.2400,Percent,BR96942,0.9300,per hour,2025-07-01 00:00:00.0000000,NULL,5,2025-06-03 01:36:03.0000000,2025,2026-05-18 02:04:22.8033333,2026-05-18 02:04:22.8033333,NULL,NULL,NULL,NULL,NULL,NULL,NULL,NULL,NULL,NULL,NULL,NULL,NULL
739,1703,MA000146,1704,B.1.2,38. Building services employees,Window cleaning[#b][#m]—An employee required to work on the outside of multi-storey buildings from scaffolds or similar devices.,0,20.6900,Percent,BR96942,5.9500,per day,2025-07-01 00:00:00.0000000,NULL,5,2025-06-03 01:36:04.0000000,2025,2026-05-18 02:04:22.8333333,2026-05-18 02:04:22.8333333,NULL,NULL,NULL,NULL,NULL,NULL,NULL,NULL,NULL,NULL,NULL,NULL,NULL
740,1709,MA000146,1704,B.1.2,40. Forestry employees[#m]—Gardening employees,Working aloft - trees[#b][#m]—An employee who is required to climb trees to a height greater than 6 metres from the ground.,0,17.4500,Percent,BR96942,5.0200,per day,2025-07-01 00:00:00.0000000,NULL,5,2025-06-03 01:36:04.0000000,2025,2026-05-18 02:04:22.8666667,2026-05-18 02:04:22.8666667,NULL,NULL,NULL,NULL,NULL,NULL,NULL,NULL,NULL,NULL,NULL,NULL,NULL
741,15418,MA000147,28027,70.2(a),NULL,Artist required to travel in Australia,0,5.2240,Percent,BR97309,64.8000,per occasion,2025-07-01 00:00:00.0000000,NULL,6,2025-06-03 01:28:23.0000000,2025,2026-05-18 02:04:22.8933333,2026-05-18 02:04:22.8933333,NULL,NULL,NULL,NULL,NULL,NULL,NULL,NULL,NULL,NULL,NULL,NULL,NULL
742,15368,MA000147,27977,63.2(b),NULL,Audition,0,2.2980,Percent,BR97309,28.5000,per hour,2025-07-01 00:00:00.0000000,NULL,6,2025-06-03 01:28:23.0000000,2025,2026-05-18 02:04:22.9266667,2026-05-18 02:04:22.9266667,NULL,NULL,NULL,NULL,NULL,NULL,NULL,NULL,NULL,NULL,NULL,NULL,NULL
743,23954,MA000147,44773,79,NULL,Rehearsal time - overtime (per half hour),0,1.0210,Percent,BR97309,12.6600,each half hour or part thereof,2025-07-01 00:00:00.0000000,NULL,4,2025-06-03 01:28:23.0000000,2025,2026-05-18 02:04:22.9566667,2026-05-18 02:04:22.9566667,NULL,NULL,NULL,NULL,NULL,NULL,NULL,NULL,NULL,NULL,NULL,NULL,NULL
744,1713,MA000148,1708,11.4(b)(i),NULL,Australian Animal Health Laboratory,0,88.0000,Percent,BR97326,949.0800,per annum,2025-07-01 00:00:00.0000000,NULL,5,2025-06-03 01:29:52.0000000,2025,2026-05-18 02:04:22.9966667,2026-05-18 02:04:22.9966667,NULL,NULL,NULL,NULL,NULL,NULL,NULL,NULL,NULL,NULL,NULL,NULL,NULL
745,1717,MA000148,1710,11.5,NULL,Diving,0,3.7800,Percent,BR97326,40.7700,per day,2025-07-01 00:00:00.0000000,NULL,5,2025-06-03 01:29:53.0000000,2025,2026-05-18 02:04:23.0300000,2026-05-18 02:04:23.0300000,NULL,NULL,NULL,NULL,NULL,NULL,NULL,NULL,NULL,NULL,NULL,NULL,NULL
746,1718,MA000148,1711,13.3(a),NULL,Sea duty (seagoing),0,34.1000,Percent,BR97326,367.7700,per day,2025-07-01 00:00:00.0000000,NULL,5,2025-06-03 01:29:53.0000000,2025,2026-05-18 02:04:23.0466667,2026-05-18 02:04:23.0466667,NULL,NULL,NULL,NULL,NULL,NULL,NULL,NULL,NULL,NULL,NULL,NULL,NULL
747,1719,MA000148,1712,13.3(b),NULL,Sea duty (transit),0,2.5800,Percent,BR97326,27.8300,per day,2025-07-01 00:00:00.0000000,NULL,5,2025-06-03 01:29:53.0000000,2025,2026-05-18 02:04:23.0833333,2026-05-18 02:04:23.0833333,NULL,NULL,NULL,NULL,NULL,NULL,NULL,NULL,NULL,NULL,NULL,NULL,NULL
748,1715,MA000148,1709,11.4(b)(ii),NULL,Secure (41–80 days in previous 12 months),0,47.0000,Percent,BR97326,506.9000,maximum per year,2025-07-01 00:00:00.0000000,NULL,5,2025-06-03 01:29:53.0000000,2025,2026-05-18 02:04:23.1133333,2026-05-18 02:04:23.1133333,NULL,NULL,NULL,NULL,NULL,NULL,NULL,NULL,NULL,NULL,NULL,NULL,NULL
749,1714,MA000148,1709,11.4(b)(ii),NULL,Secure (5–40 days in previous 12 months),0,16.0000,Percent,BR97326,172.5600,maximum per year,2025-07-01 00:00:00.0000000,NULL,5,2025-06-03 01:29:53.0000000,2025,2026-05-18 02:04:23.1566667,2026-05-18 02:04:23.1566667,NULL,NULL,NULL,NULL,NULL,NULL,NULL,NULL,NULL,NULL,NULL,NULL,NULL
750,1716,MA000148,1709,11.4(b)(ii),NULL,Secure (81 or more days in previous 12 months),0,95.0000,Percent,BR97326,1024.5800,maximum per year,2025-07-01 00:00:00.0000000,NULL,5,2025-06-03 01:29:53.0000000,2025,2026-05-18 02:04:23.1833333,2026-05-18 02:04:23.1833333,NULL,NULL,NULL,NULL,NULL,NULL,NULL,NULL,NULL,NULL,NULL,NULL,NULL
751,1711,MA000148,1706,11.3(b),NULL,St John's Ambulance Apply First Aid (Level 2),0,87.0000,Percent,BR97326,938.3000,per annum,2025-07-01 00:00:00.0000000,NULL,5,2025-06-03 01:29:53.0000000,2025,2026-05-18 02:04:23.2133333,2026-05-18 02:04:23.2133333,NULL,NULL,NULL,NULL,NULL,NULL,NULL,NULL,NULL,NULL,NULL,NULL,NULL
752,1710,MA000148,1705,11.3(a),NULL,St John's Ambulance Emergency First Aid (Level 1),0,70.0000,Percent,BR97326,754.9500,per annum,2025-07-01 00:00:00.0000000,NULL,5,2025-06-03 01:29:53.0000000,2025,2026-05-18 02:04:23.2466667,2026-05-18 02:04:23.2466667,NULL,NULL,NULL,NULL,NULL,NULL,NULL,NULL,NULL,NULL,NULL,NULL,NULL
753,1712,MA000148,1707,11.3(c),NULL,St John's Ambulance Occupational First Aid (Level 1),0,106.0000,Percent,BR97326,1143.2100,per annum,2025-07-01 00:00:00.0000000,NULL,5,2025-06-03 01:29:53.0000000,2025,2026-05-18 02:04:23.2833333,2026-05-18 02:04:23.2833333,NULL,NULL,NULL,NULL,NULL,NULL,NULL,NULL,NULL,NULL,NULL,NULL,NULL
754,1720,MA000149,1713,11.10(b),NULL,Interpreting allowance,0,3845.3000,Percent,BR97440,1102.0600,Per annum,2025-07-01 00:00:00.0000000,NULL,5,2025-06-03 01:25:44.0000000,2025,2026-05-18 02:04:23.3166667,2026-05-18 02:04:23.3166667,NULL,NULL,NULL,NULL,NULL,NULL,NULL,NULL,NULL,NULL,NULL,NULL,NULL
755,1744,MA000151,1735,11.18(a),NULL,10 up to 20 employees,0,250.7200,Percent,BR97650,70.5000,weekly,2025-07-01 00:00:00.0000000,NULL,5,2025-06-03 01:29:19.0000000,2025,2026-05-18 02:04:23.3400000,2026-05-18 02:04:23.3400000,NULL,NULL,NULL,NULL,NULL,NULL,NULL,NULL,NULL,NULL,NULL,NULL,NULL
756,1743,MA000151,1735,11.18(a),NULL,2 up to 10 employees,0,167.7100,Percent,BR97650,47.1600,weekly,2025-07-01 00:00:00.0000000,NULL,5,2025-06-03 01:29:19.0000000,2025,2026-05-18 02:04:23.3600000,2026-05-18 02:04:23.3600000,NULL,NULL,NULL,NULL,NULL,NULL,NULL,NULL,NULL,NULL,NULL,NULL,NULL
757,1724,MA000151,1717,11.9,NULL,Accident allowance,0,NULL,Percent,NULL,NULL,NULL,2025-07-01 00:00:00.0000000,NULL,5,2025-06-03 01:29:15.0000000,2025,2026-05-18 02:04:23.3866667,2026-05-18 02:04:23.3866667,NULL,NULL,NULL,NULL,NULL,NULL,NULL,NULL,NULL,NULL,NULL,NULL,NULL
758,1776,MA000151,1762,F.7.3,NULL,Ambulance duty (Nurse/Midwife),0,NULL,NULL,NULL,NULL,hourly,2025-07-01 00:00:00.0000000,NULL,5,2025-06-03 01:29:15.0000000,2025,2026-05-18 02:04:23.4233333,2026-05-18 02:04:23.4233333,NULL,NULL,NULL,NULL,NULL,NULL,NULL,NULL,NULL,NULL,NULL,NULL,NULL
759,1774,MA000151,1760,D.5.2(a)(i),NULL,Any Monday to Friday inclusive,0,3.2300,Percent,BR97650,0.9100,hourly,2025-07-01 00:00:00.0000000,NULL,5,2025-06-03 01:29:19.0000000,2025,2026-05-18 02:04:23.4600000,2026-05-18 02:04:23.4600000,NULL,NULL,NULL,NULL,NULL,NULL,NULL,NULL,NULL,NULL,NULL,NULL,NULL
760,1769,MA000151,1757,11.23(d),NULL,Any other empty trailer,0,9.9400,Percent,BR97650,2.8000,daily,2025-07-01 00:00:00.0000000,NULL,5,2025-06-03 01:29:15.0000000,2025,2026-05-18 02:04:23.4733333,2026-05-18 02:04:23.4733333,NULL,NULL,NULL,NULL,NULL,NULL,NULL,NULL,NULL,NULL,NULL,NULL,NULL
761,1768,MA000151,1756,11.23(c),NULL,Any other loaded trailer,0,17.8300,Percent,BR97650,5.0100,daily,2025-07-01 00:00:00.0000000,NULL,5,2025-06-03 01:29:15.0000000,2025,2026-05-18 02:04:23.5100000,2026-05-18 02:04:23.5100000,NULL,NULL,NULL,NULL,NULL,NULL,NULL,NULL,NULL,NULL,NULL,NULL,NULL
762,1813,MA000151,1791,M.29.11,NULL,Asbestos,0,4.0700,Percent,BR97650,1.1400,hourly,2025-07-01 00:00:00.0000000,NULL,5,2025-06-03 01:29:15.0000000,2025,2026-05-18 02:04:23.5400000,2026-05-18 02:04:23.5400000,NULL,NULL,NULL,NULL,NULL,NULL,NULL,NULL,NULL,NULL,NULL,NULL,NULL
763,11822,MA000151,22781,M.28.2,NULL,Availability allowance,0,NULL,NULL,NULL,NULL,weekly,2025-07-01 00:00:00.0000000,NULL,5,2025-06-03 01:29:15.0000000,2025,2026-05-18 02:04:23.5700000,2026-05-18 02:04:23.5700000,NULL,NULL,NULL,NULL,NULL,NULL,NULL,NULL,NULL,NULL,NULL,NULL,NULL
764,1810,MA000151,1788,M.29.8,NULL,Boiler cleaning,0,9.7900,Percent,BR97650,2.7500,hourly,2025-07-01 00:00:00.0000000,NULL,5,2025-06-03 01:29:15.0000000,2025,2026-05-18 02:04:23.6000000,2026-05-18 02:04:23.6000000,NULL,NULL,NULL,NULL,NULL,NULL,NULL,NULL,NULL,NULL,NULL,NULL,NULL
765,1758,MA000151,1746,11.20(g)(i),NULL,Carting/handling dirty material,0,1.9400,Percent,BR97650,0.5500,hourly,2025-07-01 00:00:00.0000000,NULL,5,2025-06-03 01:29:15.0000000,2025,2026-05-18 02:04:23.6500000,2026-05-18 02:04:23.6500000,NULL,NULL,NULL,NULL,NULL,NULL,NULL,NULL,NULL,NULL,NULL,NULL,NULL
766,1759,MA000151,1747,11.20(g)(ii),NULL,Carting/handling offensive material,0,11.1800,Percent,BR97650,3.1400,hourly,2025-07-01 00:00:00.0000000,NULL,5,2025-06-03 01:29:15.0000000,2025,2026-05-18 02:04:23.6800000,2026-05-18 02:04:23.6800000,NULL,NULL,NULL,NULL,NULL,NULL,NULL,NULL,NULL,NULL,NULL,NULL,NULL
767,1765,MA000151,1753,11.22,NULL,Cleaners - toilet cleaning duty in institutions for children,0,6.2100,Percent,BR97650,1.7500,daily,2025-07-01 00:00:00.0000000,NULL,5,2025-06-03 01:29:16.0000000,2025,2026-05-18 02:04:23.7166667,2026-05-18 02:04:23.7166667,NULL,NULL,NULL,NULL,NULL,NULL,NULL,NULL,NULL,NULL,NULL,NULL,NULL
768,1749,MA000151,1738,11.19(c),NULL,Cleaning grease traps,0,2.3300,Percent,BR97650,0.6600,hourly,2025-07-01 00:00:00.0000000,NULL,5,2025-06-03 01:29:16.0000000,2025,2026-05-18 02:04:23.7333333,2026-05-18 02:04:23.7333333,NULL,NULL,NULL,NULL,NULL,NULL,NULL,NULL,NULL,NULL,NULL,NULL,NULL
769,1750,MA000151,1739,11.20(a),NULL,Confined spaces,0,3.8300,Percent,BR97650,1.0800,hourly,2025-07-01 00:00:00.0000000,NULL,5,2025-06-03 01:29:16.0000000,2025,2026-05-18 02:04:23.7500000,2026-05-18 02:04:23.7500000,NULL,NULL,NULL,NULL,NULL,NULL,NULL,NULL,NULL,NULL,NULL,NULL,NULL
770,1809,MA000151,1787,M.29.7,NULL,Confined spaces,0,4.0200,Percent,BR97650,1.1300,hourly,2025-07-01 00:00:00.0000000,NULL,5,2025-06-03 01:29:16.0000000,2025,2026-05-18 02:04:23.7700000,2026-05-18 02:04:23.7700000,NULL,NULL,NULL,NULL,NULL,NULL,NULL,NULL,NULL,NULL,NULL,NULL,NULL
771,11823,MA000151,22800,J.2.1,NULL,Consolidated allowance,0,14203.0800,Percent,BR97650,3993.9100,per annum,2025-07-01 00:00:00.0000000,NULL,5,2025-06-03 01:29:16.0000000,2025,2026-05-18 02:04:23.8066667,2026-05-18 02:04:23.8066667,NULL,NULL,NULL,NULL,NULL,NULL,NULL,NULL,NULL,NULL,NULL,NULL,NULL
772,1726,MA000151,1719,11.14(a),NULL,Dental Technician,0,4461.7000,Percent,BR97650,1254.6300,per annum,2025-07-01 00:00:00.0000000,NULL,5,2025-06-03 01:29:16.0000000,2025,2026-05-18 02:04:23.8400000,2026-05-18 02:04:23.8400000,NULL,NULL,NULL,NULL,NULL,NULL,NULL,NULL,NULL,NULL,NULL,NULL,NULL
773,1751,MA000151,1740,11.20(b),NULL,Dirty work,0,2.9300,Percent,BR97650,0.8200,hourly,2025-07-01 00:00:00.0000000,NULL,5,2025-06-03 01:29:16.0000000,2025,2026-05-18 02:04:23.8600000,2026-05-18 02:04:23.8600000,NULL,NULL,NULL,NULL,NULL,NULL,NULL,NULL,NULL,NULL,NULL,NULL,NULL
774,1801,MA000151,1780,M.29.1,NULL,Dirty work,0,2.8800,Percent,BR97650,0.8100,hourly,2025-07-01 00:00:00.0000000,NULL,5,2025-06-03 01:29:16.0000000,2025,2026-05-18 02:04:23.8933333,2026-05-18 02:04:23.8933333,NULL,NULL,NULL,NULL,NULL,NULL,NULL,NULL,NULL,NULL,NULL,NULL,NULL
775,1792,MA000151,1771,M.27.3(a),NULL,Distribution allowance,0,59.4100,Percent,BR97650,16.7100,weekly,2025-07-01 00:00:00.0000000,NULL,5,2025-06-03 01:29:16.0000000,2025,2026-05-18 02:04:23.9266667,2026-05-18 02:04:23.9266667,NULL,NULL,NULL,NULL,NULL,NULL,NULL,NULL,NULL,NULL,NULL,NULL,NULL
776,1761,MA000151,1749,11.20(g)(iv),NULL,Drive vehicle carting garbage,0,78.8900,Percent,BR97650,22.1800,weekly,2025-07-01 00:00:00.0000000,NULL,5,2025-06-03 01:29:16.0000000,2025,2026-05-18 02:04:23.9566667,2026-05-18 02:04:23.9566667,NULL,NULL,NULL,NULL,NULL,NULL,NULL,NULL,NULL,NULL,NULL,NULL,NULL
777,1767,MA000151,1755,11.23(b),NULL,Empty single axle trailer,0,8.0000,Percent,BR97650,2.2500,daily,2025-07-01 00:00:00.0000000,NULL,5,2025-06-03 01:29:16.0000000,2025,2026-05-18 02:04:23.9866667,2026-05-18 02:04:23.9866667,NULL,NULL,NULL,NULL,NULL,NULL,NULL,NULL,NULL,NULL,NULL,NULL,NULL
778,1800,MA000151,1779,M.28.13,NULL,First Aid Allowance,1,16.1500,Percent,BR97650,4.5400,daily,2025-07-01 00:00:00.0000000,NULL,5,2025-06-03 01:29:17.0000000,2025,2026-05-18 02:04:24.0133333,2026-05-18 02:04:24.0133333,NULL,NULL,NULL,NULL,NULL,NULL,NULL,NULL,NULL,NULL,NULL,NULL,NULL
779,1722,MA000151,1715,11.5(c)(ii),NULL,First aid allowance – hold Provide Advanced First Aid [HLTAIDOO6] or equivalent,0,77.5500,Percent,BR97650,21.8100,weekly,2025-07-01 00:00:00.0000000,NULL,5,2025-06-03 01:29:17.0000000,2025,2026-05-18 02:04:24.0466667,2026-05-18 02:04:24.0466667,NULL,NULL,NULL,NULL,NULL,NULL,NULL,NULL,NULL,NULL,NULL,NULL,NULL
780,1721,MA000151,1714,11.5(c)(i),NULL,First aid allowance – hold Provide First Aid [HLTAIDOO3] or equivalent,0,63.7400,Percent,BR97650,17.9200,weekly,2025-07-01 00:00:00.0000000,NULL,5,2025-06-03 01:29:17.0000000,2025,2026-05-18 02:04:24.0866667,2026-05-18 02:04:24.0866667,NULL,NULL,NULL,NULL,NULL,NULL,NULL,NULL,NULL,NULL,NULL,NULL,NULL
781,1763,MA000151,1751,11.20(i),NULL,First aid allowance - Physical,1,13.8600,Percent,BR97650,3.9000,daily,2025-07-01 00:00:00.0000000,NULL,5,2025-06-03 01:29:17.0000000,2025,2026-05-18 02:04:24.1166667,2026-05-18 02:04:24.1166667,NULL,NULL,NULL,NULL,NULL,NULL,NULL,NULL,NULL,NULL,NULL,NULL,NULL
782,1793,MA000151,1772,M.27.4,NULL,Forklift allowance – where 2 or more forklifts engaged on any one lift,0,12.0200,Percent,BR97650,3.3800,daily,2025-07-01 00:00:00.0000000,NULL,5,2025-06-03 01:29:17.0000000,2025,2026-05-18 02:04:24.1533333,2026-05-18 02:04:24.1533333,NULL,NULL,NULL,NULL,NULL,NULL,NULL,NULL,NULL,NULL,NULL,NULL,NULL
783,1764,MA000151,1752,11.21,NULL,Government House allowance,1,14409.4900,Percent,BR97650,4051.9500,per annum,2025-07-01 00:00:00.0000000,NULL,5,2025-06-03 01:29:17.0000000,2025,2026-05-18 02:04:24.1800000,2026-05-18 02:04:24.1800000,NULL,NULL,NULL,NULL,NULL,NULL,NULL,NULL,NULL,NULL,NULL,NULL,NULL
784,1805,MA000151,1784,M.29.5(a),NULL,Height money – above 9 metres,0,1.5900,Percent,BR97650,0.4500,hourly,2025-07-01 00:00:00.0000000,NULL,5,2025-06-03 01:29:17.0000000,2025,2026-05-18 02:04:24.2100000,2026-05-18 02:04:24.2100000,NULL,NULL,NULL,NULL,NULL,NULL,NULL,NULL,NULL,NULL,NULL,NULL,NULL
785,1806,MA000151,1784,M.29.5(a),NULL,Height money – each additional 9 metres,0,1.9900,Percent,BR97650,0.5600,hourly,2025-07-01 00:00:00.0000000,NULL,5,2025-06-03 01:29:19.0000000,2025,2026-05-18 02:04:24.2400000,2026-05-18 02:04:24.2400000,NULL,NULL,NULL,NULL,NULL,NULL,NULL,NULL,NULL,NULL,NULL,NULL,NULL
786,1807,MA000151,1785,M.29.5(b),NULL,"Height money - work on swinging scaffold, single plank, bosun's chair",0,1.9900,Percent,BR97650,0.5600,hourly,2025-07-01 00:00:00.0000000,NULL,5,2025-06-03 01:29:17.0000000,2025,2026-05-18 02:04:24.2800000,2026-05-18 02:04:24.2800000,NULL,NULL,NULL,NULL,NULL,NULL,NULL,NULL,NULL,NULL,NULL,NULL,NULL
787,1747,MA000151,1737,11.19(b),NULL,High cleaning – above 9 metres,0,1.5400,Percent,BR97650,0.4300,hourly,2025-07-01 00:00:00.0000000,NULL,5,2025-06-03 01:29:17.0000000,2025,2026-05-18 02:04:24.3200000,2026-05-18 02:04:24.3200000,NULL,NULL,NULL,NULL,NULL,NULL,NULL,NULL,NULL,NULL,NULL,NULL,NULL
788,1748,MA000151,1737,11.19(b),NULL,High cleaning – each additional 9 metres or part thereof,0,1.5400,Percent,BR97650,0.4300,hourly,2025-07-01 00:00:00.0000000,NULL,5,2025-06-03 01:29:19.0000000,2025,2026-05-18 02:04:24.3533333,2026-05-18 02:04:24.3533333,NULL,NULL,NULL,NULL,NULL,NULL,NULL,NULL,NULL,NULL,NULL,NULL,NULL
789,1796,MA000151,1775,M.28.4(a),NULL,Industry allowance – all purpose – engaged on new construction work away from employee's normal place,1,141.2300,Percent,BR97650,39.7100,weekly,2025-07-01 00:00:00.0000000,NULL,5,2025-06-03 01:29:17.0000000,2025,2026-05-18 02:04:24.3933333,2026-05-18 02:04:24.3933333,NULL,NULL,NULL,NULL,NULL,NULL,NULL,NULL,NULL,NULL,NULL,NULL,NULL
790,1797,MA000151,1776,M.28.4(b),NULL,Industry allowance – usually employed on other than construction and required to do construction,0,141.2300,Percent,BR97650,39.7100,weekly,2025-07-01 00:00:00.0000000,NULL,5,2025-06-03 01:29:17.0000000,2025,2026-05-18 02:04:24.4366667,2026-05-18 02:04:24.4366667,NULL,NULL,NULL,NULL,NULL,NULL,NULL,NULL,NULL,NULL,NULL,NULL,NULL
791,1808,MA000151,1786,M.29.6,NULL,Insulation work,0,4.0200,Percent,BR97650,1.1300,hourly,2025-07-01 00:00:00.0000000,NULL,5,2025-06-03 01:29:17.0000000,2025,2026-05-18 02:04:24.4500000,2026-05-18 02:04:24.4500000,NULL,NULL,NULL,NULL,NULL,NULL,NULL,NULL,NULL,NULL,NULL,NULL,NULL
792,1755,MA000151,1743,11.20(e),NULL,Insulation work,0,3.9700,Percent,BR97650,1.1200,hourly,2025-07-01 00:00:00.0000000,NULL,5,2025-06-03 01:29:17.0000000,2025,2026-05-18 02:04:24.4666667,2026-05-18 02:04:24.4666667,NULL,NULL,NULL,NULL,NULL,NULL,NULL,NULL,NULL,NULL,NULL,NULL,NULL
793,1723,MA000151,1716,11.7,NULL,Janitor's duties,0,NULL,Percent,NULL,NULL,NULL,2025-07-01 00:00:00.0000000,NULL,5,2025-06-03 01:29:17.0000000,2025,2026-05-18 02:04:24.4966667,2026-05-18 02:04:24.4966667,NULL,NULL,NULL,NULL,NULL,NULL,NULL,NULL,NULL,NULL,NULL,NULL,NULL
794,1746,MA000151,1736,11.18(b),NULL,Leading hand (Department of Health employee),0,250.7200,Percent,BR97650,70.5000,weekly,2025-07-01 00:00:00.0000000,NULL,5,2025-06-03 01:29:17.0000000,2025,2026-05-18 02:04:24.5333333,2026-05-18 02:04:24.5333333,NULL,NULL,NULL,NULL,NULL,NULL,NULL,NULL,NULL,NULL,NULL,NULL,NULL
795,1790,MA000151,1769,M.27.2(e),NULL,Linesman A grade and Linesman 2,0,98.9100,Percent,BR97650,27.8100,weekly,2025-07-01 00:00:00.0000000,NULL,5,2025-06-03 01:29:17.0000000,2025,2026-05-18 02:04:24.5733333,2026-05-18 02:04:24.5733333,NULL,NULL,NULL,NULL,NULL,NULL,NULL,NULL,NULL,NULL,NULL,NULL,NULL
796,1789,MA000151,1768,M.27.2(a),NULL,"Linesman, linesman's assistant, apprentice linesman or cable joiner",0,NULL,NULL,NULL,NULL,NULL,2025-07-01 00:00:00.0000000,NULL,5,2025-06-03 01:29:19.0000000,2025,2026-05-18 02:04:24.6100000,2026-05-18 02:04:24.6100000,NULL,NULL,NULL,NULL,NULL,NULL,NULL,NULL,NULL,NULL,NULL,NULL,NULL
797,1791,MA000151,1770,M.27.2(f),NULL,Linesman's assistant required to drive truck up to 20 tonnes,0,NULL,NULL,NULL,NULL,daily,2025-07-01 00:00:00.0000000,NULL,5,2025-06-03 01:29:17.0000000,2025,2026-05-18 02:04:24.6433333,2026-05-18 02:04:24.6433333,NULL,NULL,NULL,NULL,NULL,NULL,NULL,NULL,NULL,NULL,NULL,NULL,NULL
798,1760,MA000151,1748,11.20(g)(iii),NULL,Load/unload furniture,0,7.2000,Percent,BR97650,2.0200,daily,2025-07-01 00:00:00.0000000,NULL,5,2025-06-03 01:29:17.0000000,2025,2026-05-18 02:04:24.6833333,2026-05-18 02:04:24.6833333,NULL,NULL,NULL,NULL,NULL,NULL,NULL,NULL,NULL,NULL,NULL,NULL,NULL
799,1766,MA000151,1754,11.23(a),NULL,Loaded single axle trailer,0,14.2100,Percent,BR97650,4.0000,daily,2025-07-01 00:00:00.0000000,NULL,5,2025-06-03 01:29:17.0000000,2025,2026-05-18 02:04:24.7233333,2026-05-18 02:04:24.7233333,NULL,NULL,NULL,NULL,NULL,NULL,NULL,NULL,NULL,NULL,NULL,NULL,NULL
800,1794,MA000151,1773,M.27.5,NULL,Mechanical equipment operators allowance – 2 or more cranes,0,12.0200,Percent,BR97650,3.3800,daily,2025-07-01 00:00:00.0000000,NULL,5,2025-06-03 01:29:17.0000000,2025,2026-05-18 02:04:24.7633333,2026-05-18 02:04:24.7633333,NULL,NULL,NULL,NULL,NULL,NULL,NULL,NULL,NULL,NULL,NULL,NULL,NULL
801,1745,MA000151,1735,11.18(a),NULL,More than 20 employees,0,318.2800,Percent,BR97650,89.5000,weekly,2025-07-01 00:00:00.0000000,NULL,5,2025-06-03 01:29:19.0000000,2025,2026-05-18 02:04:24.7766667,2026-05-18 02:04:24.7766667,NULL,NULL,NULL,NULL,NULL,NULL,NULL,NULL,NULL,NULL,NULL,NULL,NULL
802,1784,MA000151,1765,I.10,NULL,Norther Territory Allowance (Teachers and Educators),0,NULL,NULL,NULL,NULL,NULL,2025-07-01 00:00:00.0000000,NULL,5,2025-06-03 01:29:17.0000000,2025,2026-05-18 02:04:24.8100000,2026-05-18 02:04:24.8100000,NULL,NULL,NULL,NULL,NULL,NULL,NULL,NULL,NULL,NULL,NULL,NULL,NULL
803,1798,MA000151,1777,M.28.5,NULL,Northern Territory Allowance,0,NULL,NULL,NULL,NULL,NULL,2025-07-01 00:00:00.0000000,NULL,5,2025-06-03 01:29:17.0000000,2025,2026-05-18 02:04:24.8466667,2026-05-18 02:04:24.8466667,NULL,NULL,NULL,NULL,NULL,NULL,NULL,NULL,NULL,NULL,NULL,NULL,NULL
804,1725,MA000151,1718,11.10,NULL,Northern Territory Allowance,0,NULL,Percent,NULL,NULL,NULL,2025-07-01 00:00:00.0000000,NULL,5,2025-06-03 01:29:17.0000000,2025,2026-05-18 02:04:24.8800000,2026-05-18 02:04:24.8800000,NULL,NULL,NULL,NULL,NULL,NULL,NULL,NULL,NULL,NULL,NULL,NULL,NULL
805,1771,MA000151,1758,16.4(a)(i),NULL,On call allowance,0,4.5200,Percent,BR97650,1.2700,hourly,2025-07-01 00:00:00.0000000,NULL,5,2025-06-03 01:29:19.0000000,2025,2026-05-18 02:04:24.9233333,2026-05-18 02:04:24.9233333,NULL,NULL,NULL,NULL,NULL,NULL,NULL,NULL,NULL,NULL,NULL,NULL,NULL
806,1772,MA000151,1759,16.6(d),NULL,On call allowance (Child Protection Practitioners),0,12.3200,Percent,BR97650,3.4600,hourly,2025-07-01 00:00:00.0000000,NULL,5,2025-06-03 01:29:17.0000000,2025,2026-05-18 02:04:24.9566667,2026-05-18 02:04:24.9566667,NULL,NULL,NULL,NULL,NULL,NULL,NULL,NULL,NULL,NULL,NULL,NULL,NULL
807,1786,MA000151,1767,J.4.9,NULL,On-call allowance (Port Services),0,8.4000,Percent,BR97650,2.3600,hourly,2025-07-01 00:00:00.0000000,NULL,5,2025-06-03 01:29:18.0000000,2025,2026-05-18 02:04:24.9900000,2026-05-18 02:04:24.9900000,NULL,NULL,NULL,NULL,NULL,NULL,NULL,NULL,NULL,NULL,NULL,NULL,NULL
808,1732,MA000151,1725,11.14(e),NULL,Orderely/hospital assistant (PH2) - special functions allowance,0,NULL,NULL,NULL,NULL,weekly,2025-07-01 00:00:00.0000000,NULL,5,2025-06-03 01:29:18.0000000,2025,2026-05-18 02:04:25.0233333,2026-05-18 02:04:25.0233333,NULL,NULL,NULL,NULL,NULL,NULL,NULL,NULL,NULL,NULL,NULL,NULL,NULL
809,1731,MA000151,1724,11.14(d)(iii),NULL,Orderly (PH2) ambulance duty and holds Provide Advanced First Aid [HLTAIDOO6] or equivalent,0,63.1900,Percent,BR97650,17.7700,weekly,2025-07-01 00:00:00.0000000,NULL,5,2025-06-03 01:29:18.0000000,2025,2026-05-18 02:04:25.0666667,2026-05-18 02:04:25.0666667,NULL,NULL,NULL,NULL,NULL,NULL,NULL,NULL,NULL,NULL,NULL,NULL,NULL
810,1730,MA000151,1723,11.14(d)(ii),NULL,Orderly (PH2) ambulance duty and holds Provide First Aid [HLTAIDOO3] or equivalent,0,52.4600,Percent,BR97650,14.7500,weekly,2025-07-01 00:00:00.0000000,NULL,5,2025-06-03 01:29:18.0000000,2025,2026-05-18 02:04:25.1066667,2026-05-18 02:04:25.1066667,NULL,NULL,NULL,NULL,NULL,NULL,NULL,NULL,NULL,NULL,NULL,NULL,NULL
811,1729,MA000151,1722,11.14(d)(i),NULL,Orderly (PH2) ambulance duty without first aid qualification,0,41.3300,Percent,BR97650,11.6200,daily,2025-07-01 00:00:00.0000000,NULL,5,2025-06-03 01:29:18.0000000,2025,2026-05-18 02:04:25.1366667,2026-05-18 02:04:25.1366667,NULL,NULL,NULL,NULL,NULL,NULL,NULL,NULL,NULL,NULL,NULL,NULL,NULL
812,1733,MA000151,1726,11.14(f),NULL,Orderly PH2 – security/mental health,1,19.1300,Percent,BR97650,5.3800,weekly,2025-07-01 00:00:00.0000000,NULL,5,2025-06-03 01:29:18.0000000,2025,2026-05-18 02:04:25.1666667,2026-05-18 02:04:25.1666667,NULL,NULL,NULL,NULL,NULL,NULL,NULL,NULL,NULL,NULL,NULL,NULL,NULL
813,1735,MA000151,1728,11.14(h),NULL,Post mortem allowance,0,NULL,NULL,NULL,NULL,NULL,2025-07-01 00:00:00.0000000,NULL,5,2025-06-03 01:29:18.0000000,2025,2026-05-18 02:04:25.1933333,2026-05-18 02:04:25.1933333,NULL,NULL,NULL,NULL,NULL,NULL,NULL,NULL,NULL,NULL,NULL,NULL,NULL
814,1736,MA000151,1729,11.14(h)(i),NULL,Post mortem allowance (other than post mortem assistant),0,49.5300,Percent,BR97650,13.9300,per post mortem,2025-07-01 00:00:00.0000000,NULL,5,2025-06-03 01:29:18.0000000,2025,2026-05-18 02:04:25.2200000,2026-05-18 02:04:25.2200000,NULL,NULL,NULL,NULL,NULL,NULL,NULL,NULL,NULL,NULL,NULL,NULL,NULL
815,1734,MA000151,1727,11.14(g)(i),NULL,Post mortem and dirty body allowance,0,126.6300,Percent,BR97650,35.6100,per body,2025-07-01 00:00:00.0000000,NULL,5,2025-06-03 01:29:18.0000000,2025,2026-05-18 02:04:25.2600000,2026-05-18 02:04:25.2600000,NULL,NULL,NULL,NULL,NULL,NULL,NULL,NULL,NULL,NULL,NULL,NULL,NULL
816,1737,MA000151,1730,11.14(h)(ii),NULL,Post Mortem Assistant,0,1604.4700,Percent,BR97650,451.1800,per annum,2025-07-01 00:00:00.0000000,NULL,5,2025-06-03 01:29:18.0000000,2025,2026-05-18 02:04:25.2933333,2026-05-18 02:04:25.2933333,NULL,NULL,NULL,NULL,NULL,NULL,NULL,NULL,NULL,NULL,NULL,NULL,NULL
817,1799,MA000151,1778,M.28.6(a),NULL,Power Station Allowance,0,276.8500,Percent,BR97650,77.8500,weekly,2025-07-01 00:00:00.0000000,NULL,5,2025-06-03 01:29:18.0000000,2025,2026-05-18 02:04:25.3233333,2026-05-18 02:04:25.3233333,NULL,NULL,NULL,NULL,NULL,NULL,NULL,NULL,NULL,NULL,NULL,NULL,NULL
818,1780,MA000151,1763,I.5.1,NULL,Principal of area school,1,16293.5900,Percent,BR97650,4581.7600,per annum,2025-07-01 00:00:00.0000000,NULL,5,2025-06-03 01:29:19.0000000,2025,2026-05-18 02:04:25.3566667,2026-05-18 02:04:25.3566667,NULL,NULL,NULL,NULL,NULL,NULL,NULL,NULL,NULL,NULL,NULL,NULL,NULL
819,1728,MA000151,1721,11.14(c),NULL,Radiographers – C.T. scanner allowance,0,5992.1500,Percent,BR97650,1684.9900,per annum,2025-07-01 00:00:00.0000000,NULL,5,2025-06-03 01:29:18.0000000,2025,2026-05-18 02:04:25.4000000,2026-05-18 02:04:25.4000000,NULL,NULL,NULL,NULL,NULL,NULL,NULL,NULL,NULL,NULL,NULL,NULL,NULL
820,1811,MA000151,1789,M.29.9,NULL,Refractory bricklayer allowance,1,11.2800,Percent,BR97650,3.1700,hourly,2025-07-01 00:00:00.0000000,NULL,5,2025-06-03 01:29:18.0000000,2025,2026-05-18 02:04:25.4433333,2026-05-18 02:04:25.4433333,NULL,NULL,NULL,NULL,NULL,NULL,NULL,NULL,NULL,NULL,NULL,NULL,NULL
821,1775,MA000151,1761,D.5.2(a)(ii),NULL,Saturday/Sunday/Public Holiday/ ADO,0,5.3200,Percent,BR97650,1.5000,hourly,2025-07-01 00:00:00.0000000,NULL,5,2025-06-03 01:29:18.0000000,2025,2026-05-18 02:04:25.4633333,2026-05-18 02:04:25.4633333,NULL,NULL,NULL,NULL,NULL,NULL,NULL,NULL,NULL,NULL,NULL,NULL,NULL
822,1727,MA000151,1720,11.14(b),NULL,Senior Dental Technician – Darwin,0,4461.7000,Percent,BR97650,1254.6300,per annum,2025-07-01 00:00:00.0000000,NULL,5,2025-06-03 01:29:18.0000000,2025,2026-05-18 02:04:25.5033333,2026-05-18 02:04:25.5033333,NULL,NULL,NULL,NULL,NULL,NULL,NULL,NULL,NULL,NULL,NULL,NULL,NULL
823,1795,MA000151,1774,M.28.3,NULL,Stand-by allowance,0,NULL,NULL,NULL,NULL,NULL,2025-07-01 00:00:00.0000000,NULL,5,2025-06-03 01:29:18.0000000,2025,2026-05-18 02:04:25.5433333,2026-05-18 02:04:25.5433333,NULL,NULL,NULL,NULL,NULL,NULL,NULL,NULL,NULL,NULL,NULL,NULL,NULL
824,1779,MA000151,1763,I.5.1,NULL,Teacher in charge – one teacher school with primary classes,1,10120.7700,Percent,BR97650,2845.9600,per annum,2025-07-01 00:00:00.0000000,NULL,5,2025-06-03 01:29:19.0000000,2025,2026-05-18 02:04:25.5833333,2026-05-18 02:04:25.5833333,NULL,NULL,NULL,NULL,NULL,NULL,NULL,NULL,NULL,NULL,NULL,NULL,NULL
825,1783,MA000151,1764,I.6,NULL,Teacher of exemplary practice level 3,0,NULL,NULL,NULL,NULL,per annum,2025-07-01 00:00:00.0000000,NULL,5,2025-06-03 01:29:18.0000000,2025,2026-05-18 02:04:25.6233333,2026-05-18 02:04:25.6233333,NULL,NULL,NULL,NULL,NULL,NULL,NULL,NULL,NULL,NULL,NULL,NULL,NULL
826,1778,MA000151,1763,I.5.1,NULL,Teacher of special class,1,10120.7700,Percent,BR97650,2845.9600,per annum,2025-07-01 00:00:00.0000000,NULL,5,2025-06-03 01:29:19.0000000,2025,2026-05-18 02:04:25.6466667,2026-05-18 02:04:25.6466667,NULL,NULL,NULL,NULL,NULL,NULL,NULL,NULL,NULL,NULL,NULL,NULL,NULL
827,1777,MA000151,1763,I.5.1,NULL,Teachers in a special school,1,10120.7700,Percent,BR97650,2845.9600,per annum,2025-07-01 00:00:00.0000000,NULL,5,2025-06-03 01:29:18.0000000,2025,2026-05-18 02:04:25.6833333,2026-05-18 02:04:25.6833333,NULL,NULL,NULL,NULL,NULL,NULL,NULL,NULL,NULL,NULL,NULL,NULL,NULL
828,1782,MA000151,1763,I.5.1,NULL,The teacher in charge in a pre-school with one teacher,1,7895.8300,Percent,BR97650,2220.3100,per annum,2025-07-01 00:00:00.0000000,NULL,5,2025-06-03 01:29:19.0000000,2025,2026-05-18 02:04:25.7266667,2026-05-18 02:04:25.7266667,NULL,NULL,NULL,NULL,NULL,NULL,NULL,NULL,NULL,NULL,NULL,NULL,NULL
829,1781,MA000151,1763,I.5.1,NULL,The teacher in charge in a pre-school with two or more teachers,1,16293.5900,Percent,BR97650,4581.7600,per annum,2025-07-01 00:00:00.0000000,NULL,5,2025-06-03 01:29:19.0000000,2025,2026-05-18 02:04:25.8100000,2026-05-18 02:04:25.8100000,NULL,NULL,NULL,NULL,NULL,NULL,NULL,NULL,NULL,NULL,NULL,NULL,NULL
830,1756,MA000151,1744,11.20(f),NULL,Toxic substances,0,37.0100,Percent,BR97650,10.4100,weekly,2025-07-01 00:00:00.0000000,NULL,5,2025-06-03 01:29:18.0000000,2025,2026-05-18 02:04:25.8666667,2026-05-18 02:04:25.8666667,NULL,NULL,NULL,NULL,NULL,NULL,NULL,NULL,NULL,NULL,NULL,NULL,NULL
831,1812,MA000151,1790,M.29.10(a),NULL,Toxic substances,0,4.3200,Percent,BR97650,1.2100,hourly,2025-07-01 00:00:00.0000000,NULL,5,2025-06-03 01:29:18.0000000,2025,2026-05-18 02:04:25.9066667,2026-05-18 02:04:25.9066667,NULL,NULL,NULL,NULL,NULL,NULL,NULL,NULL,NULL,NULL,NULL,NULL,NULL
832,1752,MA000151,1741,11.20(c),NULL,Wet places,0,2.9300,Percent,BR97650,0.8200,hourly,2025-07-01 00:00:00.0000000,NULL,5,2025-06-03 01:29:18.0000000,2025,2026-05-18 02:04:25.9266667,2026-05-18 02:04:25.9266667,NULL,NULL,NULL,NULL,NULL,NULL,NULL,NULL,NULL,NULL,NULL,NULL,NULL
833,1802,MA000151,1781,M.29.2,NULL,Wet work,0,2.8800,Percent,BR97650,0.8100,hourly,2025-07-01 00:00:00.0000000,NULL,5,2025-06-03 01:29:18.0000000,2025,2026-05-18 02:04:25.9733333,2026-05-18 02:04:25.9733333,NULL,NULL,NULL,NULL,NULL,NULL,NULL,NULL,NULL,NULL,NULL,NULL,NULL
834,1803,MA000151,1782,M.29.3(a),NULL,Work inside oil tanks,0,5.7100,Percent,BR97650,1.6100,hourly,2025-07-01 00:00:00.0000000,NULL,5,2025-06-03 01:29:18.0000000,2025,2026-05-18 02:04:26.0033333,2026-05-18 02:04:26.0033333,NULL,NULL,NULL,NULL,NULL,NULL,NULL,NULL,NULL,NULL,NULL,NULL,NULL
835,1804,MA000151,1783,M.29.4,NULL,Work on outside oil tanks,0,5.7100,Percent,BR97650,1.6100,hourly,2025-07-01 00:00:00.0000000,NULL,5,2025-06-03 01:29:19.0000000,2025,2026-05-18 02:04:26.0333333,2026-05-18 02:04:26.0333333,NULL,NULL,NULL,NULL,NULL,NULL,NULL,NULL,NULL,NULL,NULL,NULL,NULL
836,1753,MA000151,1742,11.20(d),NULL,Working at heights – 9 metres,0,2.0900,Percent,BR97650,0.5900,hourly,2025-07-01 00:00:00.0000000,NULL,5,2025-06-03 01:29:19.0000000,2025,2026-05-18 02:04:26.0633333,2026-05-18 02:04:26.0633333,NULL,NULL,NULL,NULL,NULL,NULL,NULL,NULL,NULL,NULL,NULL,NULL,NULL
837,1754,MA000151,1742,11.20(d),NULL,Working at heights – for each additional 9 metres,0,2.0900,Percent,BR97650,0.5900,hourly,2025-07-01 00:00:00.0000000,NULL,5,2025-06-03 01:29:19.0000000,2025,2026-05-18 02:04:26.0966667,2026-05-18 02:04:26.0966667,NULL,NULL,NULL,NULL,NULL,NULL,NULL,NULL,NULL,NULL,NULL,NULL,NULL
838,1835,MA000153,1810,L.4.4,NULL,Allowance for travel at difficult times,0,33.7700,Percent,BR98033,10.0700,each continuous period,2025-07-01 00:00:00.0000000,NULL,5,2025-06-03 01:19:40.0000000,2025,2026-05-18 02:04:26.1333333,2026-05-18 02:04:26.1333333,NULL,NULL,NULL,NULL,NULL,NULL,NULL,NULL,NULL,NULL,NULL,NULL,NULL
839,1841,MA000153,1814,N.3.1,NULL,Aluminium MIG,0,4.8700,Percent,BR98033,1.4500,hourly,2025-07-01 00:00:00.0000000,NULL,5,2025-06-03 01:19:47.0000000,2025,2026-05-18 02:04:26.1633333,2026-05-18 02:04:26.1633333,NULL,NULL,NULL,NULL,NULL,NULL,NULL,NULL,NULL,NULL,NULL,NULL,NULL
840,1842,MA000153,1815,N.3.2,NULL,Aluminium TIG,0,3.4700,Percent,BR98033,1.0300,hourly,2025-07-01 00:00:00.0000000,NULL,5,2025-06-03 01:19:43.0000000,2025,2026-05-18 02:04:26.1833333,2026-05-18 02:04:26.1833333,NULL,NULL,NULL,NULL,NULL,NULL,NULL,NULL,NULL,NULL,NULL,NULL,NULL
841,1825,MA000153,1800,K.3.2,NULL,Aquatic ponds,0,12.0800,Percent,BR98033,3.6000,Per day,2025-07-01 00:00:00.0000000,NULL,5,2025-06-03 01:19:44.0000000,2025,2026-05-18 02:04:26.2333333,2026-05-18 02:04:26.2333333,NULL,NULL,NULL,NULL,NULL,NULL,NULL,NULL,NULL,NULL,NULL,NULL,NULL
842,1817,MA000153,1793,H.6.1,NULL,Community language allowance – CLA rate 1,0,4424.3100,Percent,BR98033,1318.8900,Yearly,2025-07-01 00:00:00.0000000,NULL,5,2025-06-03 01:19:44.0000000,2025,2026-05-18 02:04:26.2900000,2026-05-18 02:04:26.2900000,NULL,NULL,NULL,NULL,NULL,NULL,NULL,NULL,NULL,NULL,NULL,NULL,NULL
843,1818,MA000153,1793,H.6.1,NULL,Community language allowance – CLA rate 2,0,8848.4800,Percent,BR98033,2637.7300,Yearly,2025-07-01 00:00:00.0000000,NULL,5,2025-06-03 01:19:47.0000000,2025,2026-05-18 02:04:26.3166667,2026-05-18 02:04:26.3166667,NULL,NULL,NULL,NULL,NULL,NULL,NULL,NULL,NULL,NULL,NULL,NULL,NULL
844,1819,MA000153,1794,H.8.3,NULL,District Allowance – Eligible dependant/eligible partner income,0,90135.6400,Percent,BR98033,26869.4300,Yearly income less than,2025-07-01 00:00:00.0000000,NULL,5,2025-06-03 01:19:45.0000000,2025,2026-05-18 02:04:26.3766667,2026-05-18 02:04:26.3766667,NULL,NULL,NULL,NULL,NULL,NULL,NULL,NULL,NULL,NULL,NULL,NULL,NULL
845,1820,MA000153,1795,H.10.1(a),NULL,District Allowance – Eligible dependant/eligible partner income,0,90135.6400,Percent,BR98033,26869.4300,Yearly income less than,2025-07-01 00:00:00.0000000,NULL,5,2025-06-03 01:19:45.0000000,2025,2026-05-18 02:04:26.4200000,2026-05-18 02:04:26.4200000,NULL,NULL,NULL,NULL,NULL,NULL,NULL,NULL,NULL,NULL,NULL,NULL,NULL
846,1846,MA000153,1819,N.4.2,NULL,Epoxy-based materials—in close proximity,0,2.8100,Percent,BR98033,0.8400,hourly,2025-07-01 00:00:00.0000000,NULL,5,2025-06-03 01:19:45.0000000,2025,2026-05-18 02:04:26.4866667,2026-05-18 02:04:26.4866667,NULL,NULL,NULL,NULL,NULL,NULL,NULL,NULL,NULL,NULL,NULL,NULL,NULL
847,1845,MA000153,1818,N.4.1,NULL,Epoxy-based materials—with catalyst hardener and reactive additives or two-page catalyst systems,0,3.5600,Percent,BR98033,1.0600,hourly,2025-07-01 00:00:00.0000000,NULL,5,2025-06-03 01:19:45.0000000,2025,2026-05-18 02:04:26.5300000,2026-05-18 02:04:26.5300000,NULL,NULL,NULL,NULL,NULL,NULL,NULL,NULL,NULL,NULL,NULL,NULL,NULL
848,1821,MA000153,1796,I.5.1,NULL,Field allowance,0,132.0800,Percent,BR98033,39.3700,Per day,2025-07-01 00:00:00.0000000,NULL,5,2025-06-03 01:19:45.0000000,2025,2026-05-18 02:04:26.5900000,2026-05-18 02:04:26.5900000,NULL,NULL,NULL,NULL,NULL,NULL,NULL,NULL,NULL,NULL,NULL,NULL,NULL
849,1836,MA000153,1811,L.4.5,NULL,Flying disability allowance – aerial surveillance,0,55.2700,Percent,BR98033,16.4800,hourly,2025-07-01 00:00:00.0000000,NULL,5,2025-06-03 01:19:45.0000000,2025,2026-05-18 02:04:26.6533333,2026-05-18 02:04:26.6533333,NULL,NULL,NULL,NULL,NULL,NULL,NULL,NULL,NULL,NULL,NULL,NULL,NULL
850,1837,MA000153,1811,L.4.5,NULL,Flying disability allowance – on the job training,0,41.4100,Percent,BR98033,12.3400,hourly,2025-07-01 00:00:00.0000000,NULL,5,2025-06-03 01:19:47.0000000,2025,2026-05-18 02:04:26.6833333,2026-05-18 02:04:26.6833333,NULL,NULL,NULL,NULL,NULL,NULL,NULL,NULL,NULL,NULL,NULL,NULL,NULL
851,1848,MA000153,1820,N.5,NULL,For the first four hours or part thereof,0,20.8000,Percent,BR98033,6.2000,first four hours,2025-07-01 00:00:00.0000000,NULL,5,2025-06-03 01:19:47.0000000,2025,2026-05-18 02:04:26.7466667,2026-05-18 02:04:26.7466667,NULL,NULL,NULL,NULL,NULL,NULL,NULL,NULL,NULL,NULL,NULL,NULL,NULL
852,1829,MA000153,1804,K.3.5,NULL,Heights (trees),0,15.6000,Percent,BR98033,4.6500,Per day,2025-07-01 00:00:00.0000000,NULL,5,2025-06-03 01:19:45.0000000,2025,2026-05-18 02:04:26.7766667,2026-05-18 02:04:26.7766667,NULL,NULL,NULL,NULL,NULL,NULL,NULL,NULL,NULL,NULL,NULL,NULL,NULL
853,1824,MA000153,1799,K.3.1,NULL,Insanitary allowance,0,6.6500,Percent,BR98033,1.9800,Per day,2025-07-01 00:00:00.0000000,NULL,5,2025-06-03 01:19:45.0000000,2025,2026-05-18 02:04:26.8400000,2026-05-18 02:04:26.8400000,NULL,NULL,NULL,NULL,NULL,NULL,NULL,NULL,NULL,NULL,NULL,NULL,NULL
854,1823,MA000153,1798,I.6.1(b),NULL,International Labour Organization allowance – Canberra office,0,26767.0700,Percent,BR98033,7979.2600,Annually,2025-07-01 00:00:00.0000000,NULL,5,2025-06-03 01:19:45.0000000,2025,2026-05-18 02:04:26.8966667,2026-05-18 02:04:26.8966667,NULL,NULL,NULL,NULL,NULL,NULL,NULL,NULL,NULL,NULL,NULL,NULL,NULL
855,1822,MA000153,1797,I.6.1(a),NULL,International Labour Organization allowance – port office,0,34648.8500,Percent,BR98033,10328.8200,Annually,2025-07-01 00:00:00.0000000,NULL,5,2025-06-03 01:19:45.0000000,2025,2026-05-18 02:04:26.9433333,2026-05-18 02:04:26.9433333,NULL,NULL,NULL,NULL,NULL,NULL,NULL,NULL,NULL,NULL,NULL,NULL,NULL
856,1850,MA000153,1821,O.7.2,NULL,Language Allowance,1,6594.8500,Percent,BR98033,1965.9200,Annually,2025-07-01 00:00:00.0000000,NULL,5,2025-06-03 01:19:45.0000000,2025,2026-05-18 02:04:26.9700000,2026-05-18 02:04:26.9700000,NULL,NULL,NULL,NULL,NULL,NULL,NULL,NULL,NULL,NULL,NULL,NULL,NULL
857,1831,MA000153,1806,K.3.6(a)(ii),NULL,Leading hands (6-10 employees),0,127.3500,Percent,BR98033,37.9600,Per week,2025-07-01 00:00:00.0000000,NULL,5,2025-06-03 01:19:45.0000000,2025,2026-05-18 02:04:27.0333333,2026-05-18 02:04:27.0333333,NULL,NULL,NULL,NULL,NULL,NULL,NULL,NULL,NULL,NULL,NULL,NULL,NULL
858,1832,MA000153,1807,K.3.6(a)(iii),NULL,Leading hands (more than 10 employees),0,152.5500,Percent,BR98033,45.4800,Per week,2025-07-01 00:00:00.0000000,NULL,5,2025-06-03 01:19:46.0000000,2025,2026-05-18 02:04:27.0833333,2026-05-18 02:04:27.0833333,NULL,NULL,NULL,NULL,NULL,NULL,NULL,NULL,NULL,NULL,NULL,NULL,NULL
859,1830,MA000153,1805,K.3.6(a)(i),NULL,Leading hands (not more than 5 employees),0,105.6200,Percent,BR98033,31.4900,Per week,2025-07-01 00:00:00.0000000,NULL,5,2025-06-03 01:19:46.0000000,2025,2026-05-18 02:04:27.1333333,2026-05-18 02:04:27.1333333,NULL,NULL,NULL,NULL,NULL,NULL,NULL,NULL,NULL,NULL,NULL,NULL,NULL
860,1855,MA000153,1823,O.11.1(a),NULL,Level 4 Journalist—per annum amount for calculation of overtime,0,236735.3600,Percent,BR98033,70570.8100,Annual,2025-07-01 00:00:00.0000000,NULL,5,2025-06-03 01:19:46.0000000,2025,2026-05-18 02:04:27.1833333,2026-05-18 02:04:27.1833333,NULL,NULL,NULL,NULL,NULL,NULL,NULL,NULL,NULL,NULL,NULL,NULL,NULL
861,1856,MA000153,1824,O.12.7(a),NULL,Level 4 Journalist—per annum amount for calculation of overtime,0,236735.3600,Percent,BR98033,70570.8100,Annual,2025-07-01 00:00:00.0000000,NULL,5,2025-06-03 01:19:46.0000000,2025,2026-05-18 02:04:27.2100000,2026-05-18 02:04:27.2100000,NULL,NULL,NULL,NULL,NULL,NULL,NULL,NULL,NULL,NULL,NULL,NULL,NULL
862,1838,MA000153,1812,L.9.1,NULL,Loss of license allowance for premium reimbursement,0,7028.1500,Percent,BR98033,2095.0900,annually,2025-07-01 00:00:00.0000000,NULL,5,2025-06-03 01:19:46.0000000,2025,2026-05-18 02:04:27.2666667,2026-05-18 02:04:27.2666667,NULL,NULL,NULL,NULL,NULL,NULL,NULL,NULL,NULL,NULL,NULL,NULL,NULL
863,1816,MA000153,1792,13.5,NULL,Occupational First Aid (Registered Training Reference – HLTSS00027) or an equivalent qualification,0,74.6600,Percent,BR98033,22.2600,weekly,2025-07-01 00:00:00.0000000,NULL,5,2025-06-03 01:19:47.0000000,2025,2026-05-18 02:04:27.3333333,2026-05-18 02:04:27.3333333,NULL,NULL,NULL,NULL,NULL,NULL,NULL,NULL,NULL,NULL,NULL,NULL,NULL
864,1844,MA000153,1817,N.3.4,NULL,Other welding,0,3.4700,Percent,BR98033,1.0300,hourly,2025-07-01 00:00:00.0000000,NULL,5,2025-06-03 01:19:46.0000000,2025,2026-05-18 02:04:27.3666667,2026-05-18 02:04:27.3666667,NULL,NULL,NULL,NULL,NULL,NULL,NULL,NULL,NULL,NULL,NULL,NULL,NULL
865,1849,MA000153,1820,N.5,NULL,Per additional hour,0,4.2600,Percent,BR98033,1.2700,hourly,2025-07-01 00:00:00.0000000,NULL,5,2025-06-03 01:19:47.0000000,2025,2026-05-18 02:04:27.4300000,2026-05-18 02:04:27.4300000,NULL,NULL,NULL,NULL,NULL,NULL,NULL,NULL,NULL,NULL,NULL,NULL,NULL
866,1843,MA000153,1816,N.3.3,NULL,Plasma arc process,0,4.8700,Percent,BR98033,1.4500,hourly,2025-07-01 00:00:00.0000000,NULL,5,2025-06-03 01:19:46.0000000,2025,2026-05-18 02:04:27.4966667,2026-05-18 02:04:27.4966667,NULL,NULL,NULL,NULL,NULL,NULL,NULL,NULL,NULL,NULL,NULL,NULL,NULL
867,1815,MA000153,1792,13.5,NULL,Provide Advanced First Aid (Registered Training Reference – HLTAID006) or an equivalent qualification,0,60.8400,Percent,BR98033,18.1400,weekly,2025-07-01 00:00:00.0000000,NULL,5,2025-06-03 01:19:47.0000000,2025,2026-05-18 02:04:27.5533333,2026-05-18 02:04:27.5533333,NULL,NULL,NULL,NULL,NULL,NULL,NULL,NULL,NULL,NULL,NULL,NULL,NULL
868,1814,MA000153,1792,13.5,NULL,Provide First Aid (Registered Training Reference – HLTAID003) or an equivalent qualification,0,49.5100,Percent,BR98033,14.7600,weekly,2025-07-01 00:00:00.0000000,NULL,5,2025-06-03 01:19:46.0000000,2025,2026-05-18 02:04:27.6100000,2026-05-18 02:04:27.6100000,NULL,NULL,NULL,NULL,NULL,NULL,NULL,NULL,NULL,NULL,NULL,NULL,NULL
869,1847,MA000153,1820,N.5,NULL,Scaffolding,0,NULL,Percent,NULL,NULL,-,2025-07-01 00:00:00.0000000,NULL,5,2025-06-03 01:19:46.0000000,2025,2026-05-18 02:04:27.6766667,2026-05-18 02:04:27.6766667,NULL,NULL,NULL,NULL,NULL,NULL,NULL,NULL,NULL,NULL,NULL,NULL,NULL
870,1826,MA000153,1801,K.3.3(a),NULL,Spray gangs,0,17.7000,Percent,BR98033,5.2800,Per day,2025-07-01 00:00:00.0000000,NULL,5,2025-06-03 01:19:46.0000000,2025,2026-05-18 02:04:27.7366667,2026-05-18 02:04:27.7366667,NULL,NULL,NULL,NULL,NULL,NULL,NULL,NULL,NULL,NULL,NULL,NULL,NULL
871,1827,MA000153,1802,K.3.3(b),NULL,Spray gangs – high pressure spray equipment,0,22.2000,Percent,BR98033,6.6200,Per day,2025-07-01 00:00:00.0000000,NULL,5,2025-06-03 01:19:46.0000000,2025,2026-05-18 02:04:27.7966667,2026-05-18 02:04:27.7966667,NULL,NULL,NULL,NULL,NULL,NULL,NULL,NULL,NULL,NULL,NULL,NULL,NULL
872,1834,MA000153,1809,K.3.8(a)(ii),NULL,Spray work (GSO 8 – high pressure equipment),0,8.0100,Percent,BR98033,2.3900,Per day,2025-07-01 00:00:00.0000000,NULL,5,2025-06-03 01:19:46.0000000,2025,2026-05-18 02:04:27.8633333,2026-05-18 02:04:27.8633333,NULL,NULL,NULL,NULL,NULL,NULL,NULL,NULL,NULL,NULL,NULL,NULL,NULL
873,1833,MA000153,1808,K.3.8(a)(i),NULL,Spray work (GSO 8),0,6.0900,Percent,BR98033,1.8200,Per day,2025-07-01 00:00:00.0000000,NULL,5,2025-06-03 01:19:47.0000000,2025,2026-05-18 02:04:27.9133333,2026-05-18 02:04:27.9133333,NULL,NULL,NULL,NULL,NULL,NULL,NULL,NULL,NULL,NULL,NULL,NULL,NULL
874,1839,MA000153,1813,L.14.4(b),NULL,Team Leader,0,35128.0100,Percent,BR98033,10471.6600,annually,2025-07-01 00:00:00.0000000,NULL,5,2025-06-03 01:19:47.0000000,2025,2026-05-18 02:04:27.9633333,2026-05-18 02:04:27.9633333,NULL,NULL,NULL,NULL,NULL,NULL,NULL,NULL,NULL,NULL,NULL,NULL,NULL
875,1851,MA000153,1822,O.7.4(a),NULL,Visual Display Terminal Allowances—Cadet Journalist,1,7223.1400,Percent,BR98033,2153.2200,Annually,2025-07-01 00:00:00.0000000,NULL,5,2025-06-03 01:19:47.0000000,2025,2026-05-18 02:04:28.0200000,2026-05-18 02:04:28.0200000,NULL,NULL,NULL,NULL,NULL,NULL,NULL,NULL,NULL,NULL,NULL,NULL,NULL
876,1852,MA000153,1822,O.7.4(a),NULL,Visual Display Terminal Allowances—Level 1 Journalist,1,9664.2600,Percent,BR98033,2880.9200,Annually,2025-07-01 00:00:00.0000000,NULL,5,2025-06-03 01:19:47.0000000,2025,2026-05-18 02:04:28.0800000,2026-05-18 02:04:28.0800000,NULL,NULL,NULL,NULL,NULL,NULL,NULL,NULL,NULL,NULL,NULL,NULL,NULL
877,1853,MA000153,1822,O.7.4(a),NULL,Visual Display Terminal Allowances—Level 2 Journalist,1,13015.5000,Percent,BR98033,3879.9200,Annually,2025-07-01 00:00:00.0000000,NULL,5,2025-06-03 01:19:47.0000000,2025,2026-05-18 02:04:28.1100000,2026-05-18 02:04:28.1100000,NULL,NULL,NULL,NULL,NULL,NULL,NULL,NULL,NULL,NULL,NULL,NULL,NULL
878,1854,MA000153,1822,O.7.4(a),NULL,Visual Display Terminal Allowances—Level 3 and 4 Journalist,1,14170.2100,Percent,BR98033,4224.1400,Annually,2025-07-01 00:00:00.0000000,NULL,5,2025-06-03 01:19:47.0000000,2025,2026-05-18 02:04:28.1800000,2026-05-18 02:04:28.1800000,NULL,NULL,NULL,NULL,NULL,NULL,NULL,NULL,NULL,NULL,NULL,NULL,NULL
879,1840,MA000153,1814,N.3.1,NULL,Welding,0,NULL,Percent,NULL,NULL,-,2025-07-01 00:00:00.0000000,NULL,5,2025-06-03 01:19:47.0000000,2025,2026-05-18 02:04:28.2500000,2026-05-18 02:04:28.2500000,NULL,NULL,NULL,NULL,NULL,NULL,NULL,NULL,NULL,NULL,NULL,NULL,NULL
880,1828,MA000153,1803,K.3.4,NULL,Work in rain,0,34.7100,Percent,BR98033,10.3500,Per day,2025-07-01 00:00:00.0000000,NULL,5,2025-06-03 01:19:47.0000000,2025,2026-05-18 02:04:28.3000000,2026-05-18 02:04:28.3000000,NULL,NULL,NULL,NULL,NULL,NULL,NULL,NULL,NULL,NULL,NULL,NULL,NULL
881,19540,MA000157,36318,12.2(a)(i),Additional amounts for the purpose of determining the ordinary hourly rate of pay for employees in clause 12.2(a),Additional amounts: After one year's experience,1,0.6120,Percent,BR102909,6.5500,Weekly,2025-07-01 00:00:00.0000000,NULL,6,2025-06-03 01:24:26.0000000,2025,2026-05-18 02:04:28.3500000,2026-05-18 02:04:28.3500000,NULL,NULL,NULL,NULL,NULL,NULL,NULL,NULL,NULL,NULL,NULL,NULL,NULL
882,19543,MA000157,36319,12.2(a)(ii),Additional amounts for the purpose of determining the ordinary hourly rate of pay for employees in clause 12.2(a) and who have completed an apprenticeship or Tradesperson Certificate,Additional amounts: After one year's experience,1,0.8880,Percent,BR102909,9.5000,Weekly,2025-07-01 00:00:00.0000000,NULL,6,2025-06-03 01:24:26.0000000,2025,2026-05-18 02:04:28.4066667,2026-05-18 02:04:28.4066667,NULL,NULL,NULL,NULL,NULL,NULL,NULL,NULL,NULL,NULL,NULL,NULL,NULL
883,19544,MA000157,36319,12.2(a)(ii),Additional amounts for the purpose of determining the ordinary hourly rate of pay for employees in clause 12.2(a) and who have completed an apprenticeship or Tradesperson Certificate,Additional amounts: After two year's experience,1,1.6100,Percent,BR102909,17.2300,Weekly,2025-07-01 00:00:00.0000000,NULL,5,2025-06-03 01:24:27.0000000,2025,2026-05-18 02:04:28.4366667,2026-05-18 02:04:28.4366667,NULL,NULL,NULL,NULL,NULL,NULL,NULL,NULL,NULL,NULL,NULL,NULL,NULL
884,19541,MA000157,36318,12.2(a)(i),Additional amounts for the purpose of determining the ordinary hourly rate of pay for employees in clause 12.2(a),Additional amounts: After two year's experience,1,1.2650,Percent,BR102909,13.5400,Weekly,2025-07-01 00:00:00.0000000,NULL,7,2025-06-03 01:24:27.0000000,2025,2026-05-18 02:04:28.4766667,2026-05-18 02:04:28.4766667,NULL,NULL,NULL,NULL,NULL,NULL,NULL,NULL,NULL,NULL,NULL,NULL,NULL
885,19546,MA000157,36320,12.2(d)(i),All dental nurses except for employees classified as dental nurse level I and dental nurse level II,Experience payment: during second year of experience,0,0.6300,Percent,BR102909,6.7400,Weekly,2025-07-01 00:00:00.0000000,NULL,4,2025-06-03 01:24:26.0000000,2025,2026-05-18 02:04:28.5100000,2026-05-18 02:04:28.5100000,NULL,NULL,NULL,NULL,NULL,NULL,NULL,NULL,NULL,NULL,NULL,NULL,NULL
886,19549,MA000157,36321,12.2(b)(i),Dental Technicians,Experience payment: during second year of experience,0,1.0330,Percent,BR102909,11.0500,Weekly,2025-07-01 00:00:00.0000000,NULL,4,2025-06-03 01:24:27.0000000,2025,2026-05-18 02:04:28.5633333,2026-05-18 02:04:28.5633333,NULL,NULL,NULL,NULL,NULL,NULL,NULL,NULL,NULL,NULL,NULL,NULL,NULL
887,19550,MA000157,36321,12.2(b)(i),Dental Technicians,Experience payment: during third and subsequent years of experience,0,2.4760,Percent,BR102909,26.4900,Weekly,2025-07-01 00:00:00.0000000,NULL,4,2025-06-03 01:24:27.0000000,2025,2026-05-18 02:04:28.6266667,2026-05-18 02:04:28.6266667,NULL,NULL,NULL,NULL,NULL,NULL,NULL,NULL,NULL,NULL,NULL,NULL,NULL
888,19547,MA000157,36320,12.2(d)(i),All dental nurses except for employees classified as dental nurse level I and dental nurse level II,Experience payment: during third and subsequent years of experience,0,1.3080,Percent,BR102909,14.0000,Weekly,2025-07-01 00:00:00.0000000,NULL,5,2025-06-03 01:24:27.0000000,2025,2026-05-18 02:04:28.7000000,2026-05-18 02:04:28.7000000,NULL,NULL,NULL,NULL,NULL,NULL,NULL,NULL,NULL,NULL,NULL,NULL,NULL
889,15367,MA000157,27968,13.9(b),NULL,Interpreter/Translator Grade 1—In their fourth year,0,5.6150,Percent,BR102909,60.0800,per week,2025-07-01 00:00:00.0000000,NULL,10,2025-06-03 01:24:27.0000000,2025,2026-05-18 02:04:28.7666667,2026-05-18 02:04:28.7666667,NULL,NULL,NULL,NULL,NULL,NULL,NULL,NULL,NULL,NULL,NULL,NULL,NULL
890,15365,MA000157,27968,13.9(b),NULL,Interpreter/Translator Grade 1—In their second year,0,0.9380,Percent,BR102909,10.0400,per week,2025-07-01 00:00:00.0000000,NULL,9,2025-06-03 01:24:27.0000000,2025,2026-05-18 02:04:28.7966667,2026-05-18 02:04:28.7966667,NULL,NULL,NULL,NULL,NULL,NULL,NULL,NULL,NULL,NULL,NULL,NULL,NULL
891,15366,MA000157,27968,13.9(b),NULL,Interpreter/Translator Grade 1—In their third year,0,3.2570,Percent,BR102909,34.8500,per week,2025-07-01 00:00:00.0000000,NULL,9,2025-06-03 01:24:27.0000000,2025,2026-05-18 02:04:28.8600000,2026-05-18 02:04:28.8600000,NULL,NULL,NULL,NULL,NULL,NULL,NULL,NULL,NULL,NULL,NULL,NULL,NULL
892,15352,MA000157,27966,13.9(c),NULL,Interpreter/Translator Grade 2—In their first year,0,9.2230,Percent,BR102909,98.6900,per week,2025-07-01 00:00:00.0000000,NULL,6,2025-06-03 01:24:27.0000000,2025,2026-05-18 02:04:28.8900000,2026-05-18 02:04:28.8900000,NULL,NULL,NULL,NULL,NULL,NULL,NULL,NULL,NULL,NULL,NULL,NULL,NULL
893,15355,MA000157,27966,13.9(c),NULL,Interpreter/Translator Grade 2—In their fourth year,0,17.0070,Percent,BR102909,181.9700,per week,2025-07-01 00:00:00.0000000,NULL,7,2025-06-03 01:24:27.0000000,2025,2026-05-18 02:04:28.9166667,2026-05-18 02:04:28.9166667,NULL,NULL,NULL,NULL,NULL,NULL,NULL,NULL,NULL,NULL,NULL,NULL,NULL
894,15353,MA000157,27966,13.9(c),NULL,Interpreter/Translator Grade 2—In their second year,0,11.7640,Percent,BR102909,125.8700,per week,2025-07-01 00:00:00.0000000,NULL,7,2025-06-03 01:24:27.0000000,2025,2026-05-18 02:04:28.9466667,2026-05-18 02:04:28.9466667,NULL,NULL,NULL,NULL,NULL,NULL,NULL,NULL,NULL,NULL,NULL,NULL,NULL
895,15354,MA000157,27966,13.9(c),NULL,Interpreter/Translator Grade 2—In their third year,0,14.3300,Percent,BR102909,153.3300,per week,2025-07-01 00:00:00.0000000,NULL,8,2025-06-03 01:24:27.0000000,2025,2026-05-18 02:04:28.9733333,2026-05-18 02:04:28.9733333,NULL,NULL,NULL,NULL,NULL,NULL,NULL,NULL,NULL,NULL,NULL,NULL,NULL
