1,22,MA000001,2,B.2.1,Staff Employees,Group B,Laboratory Assistant,2,12,33,2025-07-01 00:00:00.0000000,NULL,7,2025-06-03 01:30:29.0000000,2025,2026-05-18 02:01:30.8633333,2026-05-18 02:01:30.8633333
2,108969,MA000001,2,B.2.1,Staff Employees,Group K,Undermanager,11,79,97,2025-07-01 00:00:00.0000000,NULL,8,2025-06-03 01:30:27.0000000,2025,2026-05-18 02:01:30.9066667,2026-05-18 02:01:30.9066667
3,83,MA000001,2,B.2.1,Staff Employees,Group J,EDP Supervisor,10,NULL,NULL,2025-07-01 00:00:00.0000000,NULL,7,2025-06-03 01:30:26.0000000,2025,2026-05-18 02:01:30.9333333,2026-05-18 02:01:30.9333333
4,90788,MA000001,23036,A.6.7,Production and Engineering Employees - Apprentices (including adult apprentices) that commenced prior to 1 January 2014,Apprentices other than adult apprentices,2nd year of experience—60,2,90787,90789,2025-07-01 00:00:00.0000000,NULL,5,2025-06-03 01:30:35.0000000,2025,2026-05-18 02:01:30.9633333,2026-05-18 02:01:30.9633333
5,90236,MA000001,22929,B.2.1*_Formatted,NULL,NULL,Group C,3,90235,90237,2025-07-01 00:00:00.0000000,NULL,6,2025-06-03 01:30:33.0000000,2025,2026-05-18 02:01:31.0033333,2026-05-18 02:01:31.0033333
6,21,MA000001,2,B.2.1,Staff Employees,Group B,Clerk,2,11,31,2025-07-01 00:00:00.0000000,NULL,7,2025-06-03 01:30:29.0000000,2025,2026-05-18 02:01:31.0400000,2026-05-18 02:01:31.0400000
7,30,MA000001,2,B.2.1,Staff Employees,Group C,Computer Operator,3,NULL,45,2025-07-01 00:00:00.0000000,NULL,7,2025-06-03 01:30:23.0000000,2025,2026-05-18 02:01:31.0666667,2026-05-18 02:01:31.0666667
8,78,MA000001,2,B.2.1,Staff Employees,Group J,Geologist,10,NULL,86,2025-07-01 00:00:00.0000000,NULL,7,2025-06-03 01:30:26.0000000,2025,2026-05-18 02:01:31.0900000,2026-05-18 02:01:31.0900000
9,90244,MA000001,22929,B.2.1*_Formatted,NULL,NULL,Group K,11,90243,90245,2025-07-01 00:00:00.0000000,NULL,6,2025-06-03 01:30:33.0000000,2025,2026-05-18 02:01:31.1033333,2026-05-18 02:01:31.1033333
10,90798,MA000001,23037,A.6.8(b)(i),Production and Engineering Employees: Apprentice (other than adult apprentices) that commenced on or after 1 January 2014,Has not completed year 12,Stage 3—75%,3,90797,90799,2025-07-01 00:00:00.0000000,NULL,5,2025-06-03 01:30:35.0000000,2025,2026-05-18 02:01:31.1300000,2026-05-18 02:01:31.1300000
11,56,MA000001,2,B.2.1,Staff Employees,Group G,Safety Officer,7,35,NULL,2025-07-01 00:00:00.0000000,NULL,7,2025-06-03 01:30:25.0000000,2025,2026-05-18 02:01:31.1500000,2026-05-18 02:01:31.1500000
12,90249,MA000001,22929,B.2.1*_Formatted,NULL,NULL,Graduate Engineer – Level 3,12,90248,NULL,2025-07-01 00:00:00.0000000,NULL,6,2025-06-03 01:30:33.0000000,2025,2026-05-18 02:01:31.2000000,2026-05-18 02:01:31.2000000
13,90812,MA000001,23040,B.2.2,Staff Employees: Juniors,NULL,17 years—70,2,90811,90813,2025-07-01 00:00:00.0000000,NULL,6,2025-06-03 01:30:34.0000000,2025,2026-05-18 02:01:31.2400000,2026-05-18 02:01:31.2400000
14,80,MA000001,2,B.2.1,Staff Employees,Group J,Senior Foreperson,10,62,NULL,2025-07-01 00:00:00.0000000,NULL,7,2025-06-03 01:30:26.0000000,2025,2026-05-18 02:01:31.2600000,2026-05-18 02:01:31.2600000
15,58,MA000001,2,B.2.1,Staff Employees,Group H,GROUP H,8,48,48,2025-07-01 00:00:00.0000000,NULL,7,2025-06-03 01:30:25.0000000,2025,2026-05-18 02:01:31.2833333,2026-05-18 02:01:31.2833333
16,59,MA000001,2,B.2.1,Staff Employees,Group H,Deputy,8,NULL,NULL,2025-07-01 00:00:00.0000000,NULL,7,2025-06-03 01:30:25.0000000,2025,2026-05-18 02:01:31.3133333,2026-05-18 02:01:31.3133333
17,90251,MA000001,22929,B.2.1*_Formatted,NULL,NULL,Commercial Graduate – Level 2,4,90250,90252,2025-07-01 00:00:00.0000000,NULL,6,2025-06-03 01:30:34.0000000,2025,2026-05-18 02:01:31.3500000,2026-05-18 02:01:31.3500000
18,29,MA000001,2,B.2.1,Staff Employees,Group C,GROUP C,3,17,36,2025-07-01 00:00:00.0000000,NULL,7,2025-06-03 01:30:23.0000000,2025,2026-05-18 02:01:31.3700000,2026-05-18 02:01:31.3700000
19,31,MA000001,2,B.2.1,Staff Employees,Group C,Senior Clerk,3,21,NULL,2025-07-01 00:00:00.0000000,NULL,7,2025-06-03 01:30:23.0000000,2025,2026-05-18 02:01:31.3900000,2026-05-18 02:01:31.3900000
20,90243,MA000001,22929,B.2.1*_Formatted,NULL,NULL,Group J,10,90242,90244,2025-07-01 00:00:00.0000000,NULL,6,2025-06-03 01:30:33.0000000,2025,2026-05-18 02:01:31.4133333,2026-05-18 02:01:31.4133333
21,90821,MA000001,23042,B.2.3(b),Staff Employees: Commercial Graduate rates,NULL,Commercial Graduate – Level 3—94,3,90820,NULL,2025-07-01 00:00:00.0000000,NULL,6,2025-06-03 01:30:35.0000000,2025,2026-05-18 02:01:31.4533333,2026-05-18 02:01:31.4533333
22,90946,MA000001,2,B.2.1,Staff Employees,Group I,Mines Rescue Training Officer Level 2,9,90948,90947,2025-07-01 00:00:00.0000000,NULL,7,2025-06-03 01:30:27.0000000,2025,2026-05-18 02:01:31.4933333,2026-05-18 02:01:31.4933333
23,13,MA000001,2,B.2.1,Staff Employees,Group A,Technical Assistant,1,NULL,22,2025-07-01 00:00:00.0000000,NULL,6,2025-06-03 01:30:28.0000000,2025,2026-05-18 02:01:31.5333333,2026-05-18 02:01:31.5333333
24,90807,MA000001,23038,A.6.8(b)(ii),Production and Engineering Employees: Adult apprentices that commenced on or after 1 January 2014,NULL,Stage 3—Mineworker – Induction Level 1,2,90806,NULL,2025-07-01 00:00:00.0000000,NULL,7,2025-06-03 01:30:34.0000000,2025,2026-05-18 02:01:31.5700000,2026-05-18 02:01:31.5700000
25,91136,MA000001,2,B.2.1,Staff Employees,Group J,Mines Rescue Training Officer Level 3,10,90946,90964,2025-07-01 00:00:00.0000000,NULL,7,2025-06-03 01:30:23.0000000,2025,2026-05-18 02:01:31.5866667,2026-05-18 02:01:31.5866667
26,90241,MA000001,22929,B.2.1*_Formatted,NULL,NULL,Group H,8,90240,90242,2025-07-01 00:00:00.0000000,NULL,6,2025-06-03 01:30:33.0000000,2025,2026-05-18 02:01:31.6066667,2026-05-18 02:01:31.6066667
27,5,MA000001,1,A.4,Production and Engineering Employees,NULL,Mineworker – Advanced,4,4,6,2025-07-01 00:00:00.0000000,NULL,6,2025-06-03 01:30:22.0000000,2025,2026-05-18 02:01:31.6433333,2026-05-18 02:01:31.6433333
28,35,MA000001,2,B.2.1,Staff Employees,Group C,Assistant Safety Officer,3,NULL,56,2025-07-01 00:00:00.0000000,NULL,7,2025-06-03 01:30:23.0000000,2025,2026-05-18 02:01:31.6733333,2026-05-18 02:01:31.6733333
29,90,MA000001,2,B.2.1,Staff Employees,Group K,Senior Open Cut Overseer,11,74,NULL,2025-07-01 00:00:00.0000000,NULL,7,2025-06-03 01:30:26.0000000,2025,2026-05-18 02:01:31.6933333,2026-05-18 02:01:31.6933333
30,62,MA000001,2,B.2.1,Staff Employees,Group I,Foreperson,9,61,80,2025-07-01 00:00:00.0000000,NULL,7,2025-06-03 01:30:25.0000000,2025,2026-05-18 02:01:31.7200000,2026-05-18 02:01:31.7200000
31,90248,MA000001,22929,B.2.1*_Formatted,NULL,NULL,Graduate Engineer – Level 2,6,90247,90249,2025-07-01 00:00:00.0000000,NULL,6,2025-06-03 01:30:33.0000000,2025,2026-05-18 02:01:31.7366667,2026-05-18 02:01:31.7366667
32,24,MA000001,2,B.2.1,Staff Employees,Group B,Stores Clerk,2,14,32,2025-07-01 00:00:00.0000000,NULL,7,2025-06-03 01:30:29.0000000,2025,2026-05-18 02:01:31.7500000,2026-05-18 02:01:31.7500000
33,90250,MA000001,22929,B.2.1*_Formatted,NULL,NULL,Commercial Graduate – Level 1,1,NULL,90251,2025-07-01 00:00:00.0000000,NULL,6,2025-06-03 01:30:34.0000000,2025,2026-05-18 02:01:31.7700000,2026-05-18 02:01:31.7700000
34,90809,MA000001,23039,A.7,Production and Engineering Employees: Juniors,NULL,16 years—55,2,90808,90810,2025-07-01 00:00:00.0000000,NULL,6,2025-06-03 01:30:34.0000000,2025,2026-05-18 02:01:31.8166667,2026-05-18 02:01:31.8166667
35,19,MA000001,2,B.2.1,Staff Employees,Group B,Tracer,2,9,NULL,2025-07-01 00:00:00.0000000,NULL,7,2025-06-03 01:30:28.0000000,2025,2026-05-18 02:01:31.8433333,2026-05-18 02:01:31.8433333
36,79,MA000001,2,B.2.1,Staff Employees,Group J,Assistant Undermanager,10,NULL,108969,2025-07-01 00:00:00.0000000,NULL,7,2025-06-03 01:30:26.0000000,2025,2026-05-18 02:01:31.8933333,2026-05-18 02:01:31.8933333
37,90819,MA000001,23042,B.2.3(b),Staff Employees: Commercial Graduate rates,NULL,Commercial Graduate – Level 1—80,1,NULL,90820,2025-07-01 00:00:00.0000000,NULL,6,2025-06-03 01:30:35.0000000,2025,2026-05-18 02:01:31.9200000,2026-05-18 02:01:31.9200000
38,36,MA000001,2,B.2.1,Staff Employees,Group D,GROUP D,4,29,40,2025-07-01 00:00:00.0000000,NULL,7,2025-06-03 01:30:23.0000000,2025,2026-05-18 02:01:31.9466667,2026-05-18 02:01:31.9466667
39,50,MA000001,2,B.2.1,Staff Employees,Group G,Analyst and/or Programmer,7,NULL,63,2025-07-01 00:00:00.0000000,NULL,7,2025-06-03 01:30:24.0000000,2025,2026-05-18 02:01:32.0000000,2026-05-18 02:01:32.0000000
40,90810,MA000001,23039,A.7,Production and Engineering Employees: Juniors,NULL,17 years—75,3,90809,NULL,2025-07-01 00:00:00.0000000,NULL,6,2025-06-03 01:30:34.0000000,2025,2026-05-18 02:01:32.0300000,2026-05-18 02:01:32.0300000
41,90802,MA000001,23037,A.6.8(b)(i),Production and Engineering Employees: Apprentice (other than adult apprentices) that commenced on or after 1 January 2014,Has completed year 12,Stage 2—65%,3,90801,90803,2025-07-01 00:00:00.0000000,NULL,5,2025-06-03 01:30:36.0000000,2025,2026-05-18 02:01:32.0800000,2026-05-18 02:01:32.0800000
42,11,MA000001,2,B.2.1,Staff Employees,Group A,Clerks,1,NULL,21,2025-07-01 00:00:00.0000000,NULL,6,2025-06-03 01:30:28.0000000,2025,2026-05-18 02:01:32.1100000,2026-05-18 02:01:32.1100000
43,63,MA000001,2,B.2.1,Staff Employees,Group I,Senior Analyst and/or Programmer,9,50,NULL,2025-07-01 00:00:00.0000000,NULL,7,2025-06-03 01:30:25.0000000,2025,2026-05-18 02:01:32.1633333,2026-05-18 02:01:32.1633333
44,94,MA000001,2,B.2.1,Staff Employees,Group L,Chief Electrical and/or Mechanical Engineer,12,89,96,2025-07-01 00:00:00.0000000,NULL,7,2025-06-03 01:30:27.0000000,2025,2026-05-18 02:01:32.2133333,2026-05-18 02:01:32.2133333
45,26,MA000001,2,B.2.1,Staff Employees,Group B,Coal and/or Dust Sampler,2,16,90950,2025-07-01 00:00:00.0000000,NULL,8,2025-06-03 01:30:29.0000000,2025,2026-05-18 02:01:32.2333333,2026-05-18 02:01:32.2333333
46,55,MA000001,2,B.2.1,Staff Employees,Group G,Personnel Officer,7,NULL,56,2025-07-01 00:00:00.0000000,NULL,7,2025-06-03 01:30:24.0000000,2025,2026-05-18 02:01:32.2533333,2026-05-18 02:01:32.2533333
47,47,MA000001,2,B.2.1,Staff Employees,Group F,Administrative Officer,6,NULL,NULL,2025-07-01 00:00:00.0000000,NULL,7,2025-06-03 01:30:24.0000000,2025,2026-05-18 02:01:32.2733333,2026-05-18 02:01:32.2733333
48,73,MA000001,2,B.2.1,Staff Employees,Group J,Assistant to the Chief Electrical and/or Mechanical Engineer,10,NULL,NULL,2025-07-01 00:00:00.0000000,NULL,7,2025-06-03 01:30:26.0000000,2025,2026-05-18 02:01:32.3000000,2026-05-18 02:01:32.3000000
49,74,MA000001,2,B.2.1,Staff Employees,Group J,Open Cut Overseer,10,NULL,90,2025-07-01 00:00:00.0000000,NULL,7,2025-06-03 01:30:26.0000000,2025,2026-05-18 02:01:32.3166667,2026-05-18 02:01:32.3166667
50,23,MA000001,2,B.2.1,Staff Employees,Group B,Technical Assistant,2,13,NULL,2025-07-01 00:00:00.0000000,NULL,7,2025-06-03 01:30:29.0000000,2025,2026-05-18 02:01:32.3300000,2026-05-18 02:01:32.3300000
51,90817,MA000001,23041,B.2.3(a),Staff Employees: Graduate Engineer rates,NULL,Graduate Engineer – Level 2—86,2,90816,90818,2025-07-01 00:00:00.0000000,NULL,5,2025-06-03 01:30:35.0000000,2025,2026-05-18 02:01:32.3533333,2026-05-18 02:01:32.3533333
52,72,MA000001,2,B.2.1,Staff Employees,Group J,Engineer,10,NULL,89,2025-07-01 00:00:00.0000000,NULL,7,2025-06-03 01:30:25.0000000,2025,2026-05-18 02:01:32.3766667,2026-05-18 02:01:32.3766667
53,88,MA000001,2,B.2.1,Staff Employees,Group K,Senior Metallurgist,11,76,NULL,2025-07-01 00:00:00.0000000,NULL,7,2025-06-03 01:30:26.0000000,2025,2026-05-18 02:01:32.3900000,2026-05-18 02:01:32.3900000
54,90246,MA000001,22929,B.2.1*_Formatted,NULL,NULL,Group M,13,90245,NULL,2025-07-01 00:00:00.0000000,NULL,6,2025-06-03 01:30:33.0000000,2025,2026-05-18 02:01:32.4033333,2026-05-18 02:01:32.4033333
55,82,MA000001,2,B.2.1,Staff Employees,Group J,Washing Plant Superintendent and/or Supervisor,10,NULL,NULL,2025-07-01 00:00:00.0000000,NULL,7,2025-06-03 01:30:26.0000000,2025,2026-05-18 02:01:32.4266667,2026-05-18 02:01:32.4266667
56,90950,MA000001,2,B.2.1,Staff Employees,Group H,Occupational Hygienist/Statutory Dust Sampler,8,26,NULL,2025-07-01 00:00:00.0000000,NULL,7,2025-06-03 01:30:27.0000000,2025,2026-05-18 02:01:32.4666667,2026-05-18 02:01:32.4666667
57,81,MA000001,2,B.2.1,Staff Employees,Group J,Accountant,10,66,NULL,2025-07-01 00:00:00.0000000,NULL,7,2025-06-03 01:30:26.0000000,2025,2026-05-18 02:01:32.4900000,2026-05-18 02:01:32.4900000
58,90797,MA000001,23037,A.6.8(b)(i),Production and Engineering Employees: Apprentice (other than adult apprentices) that commenced on or after 1 January 2014,Has not completed year 12,Stage 2—60%,2,90796,90798,2025-07-01 00:00:00.0000000,NULL,5,2025-06-03 01:30:35.0000000,2025,2026-05-18 02:01:32.5133333,2026-05-18 02:01:32.5133333
59,33,MA000001,2,B.2.1,Staff Employees,Group C,Laboratory Technician,3,22,NULL,2025-07-01 00:00:00.0000000,NULL,7,2025-06-03 01:30:23.0000000,2025,2026-05-18 02:01:32.5600000,2026-05-18 02:01:32.5600000
60,40,MA000001,2,B.2.1,Staff Employees,Group E,GROUP E,5,36,44,2025-07-01 00:00:00.0000000,NULL,7,2025-06-03 01:30:24.0000000,2025,2026-05-18 02:01:32.5866667,2026-05-18 02:01:32.5866667
61,89,MA000001,2,B.2.1,Staff Employees,Group K,Senior Engineer,11,72,94,2025-07-01 00:00:00.0000000,NULL,7,2025-06-03 01:30:26.0000000,2025,2026-05-18 02:01:32.6366667,2026-05-18 02:01:32.6366667
62,90949,MA000001,2,B.2.1,Staff Employees,Group H,Mines Rescue Technical Officer Level 1,8,NULL,90947,2025-07-01 00:00:00.0000000,NULL,7,2025-06-03 01:30:27.0000000,2025,2026-05-18 02:01:32.6866667,2026-05-18 02:01:32.6866667
63,25,MA000001,2,B.2.1,Staff Employees,Group B,Trainee,2,NULL,NULL,2025-07-01 00:00:00.0000000,NULL,7,2025-06-03 01:30:29.0000000,2025,2026-05-18 02:01:32.7166667,2026-05-18 02:01:32.7166667
64,51,MA000001,2,B.2.1,Staff Employees,Group G,Environmental Scientist,7,NULL,NULL,2025-07-01 00:00:00.0000000,NULL,7,2025-06-03 01:30:24.0000000,2025,2026-05-18 02:01:32.7700000,2026-05-18 02:01:32.7700000
65,27,MA000001,2,B.2.1,Staff Employees,Group B,Screen and Surface Overseer,2,NULL,NULL,2025-07-01 00:00:00.0000000,NULL,7,2025-06-03 01:30:29.0000000,2025,2026-05-18 02:01:32.8233333,2026-05-18 02:01:32.8233333
66,90799,MA000001,23037,A.6.8(b)(i),Production and Engineering Employees: Apprentice (other than adult apprentices) that commenced on or after 1 January 2014,Has not completed year 12,Stage 4—90%,4,90798,NULL,2025-07-01 00:00:00.0000000,NULL,5,2025-06-03 01:30:36.0000000,2025,2026-05-18 02:01:32.8500000,2026-05-18 02:01:32.8500000
67,90792,MA000001,23036,A.6.7,Production and Engineering Employees - Apprentices (including adult apprentices) that commenced prior to 1 January 2014,Adult apprentices,2nd year of apprenticeship—90,2,90791,90793,2025-07-01 00:00:00.0000000,NULL,6,2025-06-03 01:30:35.0000000,2025,2026-05-18 02:01:32.9000000,2026-05-18 02:01:32.9000000
68,90964,MA000001,2,B.2.1,Staff Employees,Group K,Mines Rescue Training Coordinator,11,91136,NULL,2025-07-01 00:00:00.0000000,NULL,7,2025-06-03 01:30:22.0000000,2025,2026-05-18 02:01:32.9533333,2026-05-18 02:01:32.9533333
69,91135,MA000001,2,B.2.1,Staff Employees,Group I,Occupational Health Nurse,9,NULL,NULL,2025-07-01 00:00:00.0000000,NULL,7,2025-06-03 01:30:22.0000000,2025,2026-05-18 02:01:32.9800000,2026-05-18 02:01:32.9800000
70,90801,MA000001,23037,A.6.8(b)(i),Production and Engineering Employees: Apprentice (other than adult apprentices) that commenced on or after 1 January 2014,Has completed year 12,Stage 1—From first pay period commencing on or after 1 January 2015: 55%,1,NULL,90802,2025-07-01 00:00:00.0000000,NULL,6,2025-06-03 01:30:36.0000000,2025,2026-05-18 02:01:33.0300000,2026-05-18 02:01:33.0300000
71,90791,MA000001,23036,A.6.7,Production and Engineering Employees - Apprentices (including adult apprentices) that commenced prior to 1 January 2014,Adult apprentices,1st year of apprenticeship—80,1,NULL,90792,2025-07-01 00:00:00.0000000,NULL,6,2025-06-03 01:30:35.0000000,2025,2026-05-18 02:01:33.0600000,2026-05-18 02:01:33.0600000
72,75,MA000001,2,B.2.1,Staff Employees,Group J,Chief Surveyor,10,69,NULL,2025-07-01 00:00:00.0000000,NULL,7,2025-06-03 01:30:26.0000000,2025,2026-05-18 02:01:33.0900000,2026-05-18 02:01:33.0900000
73,42,MA000001,2,B.2.1,Staff Employees,Group E,Assistant Training Officer,5,NULL,60,2025-07-01 00:00:00.0000000,NULL,7,2025-06-03 01:30:24.0000000,2025,2026-05-18 02:01:33.1400000,2026-05-18 02:01:33.1400000
74,93,MA000001,2,B.2.1,Staff Employees,Group L,Production Supervisor,12,NULL,NULL,2025-07-01 00:00:00.0000000,NULL,7,2025-06-03 01:30:27.0000000,2025,2026-05-18 02:01:33.1700000,2026-05-18 02:01:33.1700000
75,37,MA000001,2,B.2.1,Staff Employees,Group D,Surveyor,4,34,NULL,2025-07-01 00:00:00.0000000,NULL,7,2025-06-03 01:30:23.0000000,2025,2026-05-18 02:01:33.1966667,2026-05-18 02:01:33.1966667
76,90242,MA000001,22929,B.2.1*_Formatted,NULL,NULL,Group I,9,90241,90243,2025-07-01 00:00:00.0000000,NULL,6,2025-06-03 01:30:33.0000000,2025,2026-05-18 02:01:33.2233333,2026-05-18 02:01:33.2233333
77,77,MA000001,2,B.2.1,Staff Employees,Group J,Senior Chemist,10,49,87,2025-07-01 00:00:00.0000000,NULL,7,2025-06-03 01:30:26.0000000,2025,2026-05-18 02:01:33.2500000,2026-05-18 02:01:33.2500000
78,53,MA000001,2,B.2.1,Staff Employees,Group G,Purchasing Officer,7,46,68,2025-07-01 00:00:00.0000000,NULL,7,2025-06-03 01:30:24.0000000,2025,2026-05-18 02:01:33.3000000,2026-05-18 02:01:33.3000000
79,90806,MA000001,23038,A.6.8(b)(ii),Production and Engineering Employees: Adult apprentices that commenced on or after 1 January 2014,NULL,Stage 2—Mineworker – Induction Level 1,2,90805,90807,2025-07-01 00:00:00.0000000,NULL,7,2025-06-03 01:30:34.0000000,2025,2026-05-18 02:01:33.3300000,2026-05-18 02:01:33.3300000
80,18,MA000001,2,B.2.1,Staff Employees,Group B,(Adult coal mining industry employee engaged in one of the following classifications),NULL,NULL,NULL,2025-07-01 00:00:00.0000000,NULL,5,2025-06-03 01:30:33.0000000,2025,2026-05-18 02:01:33.3800000,2026-05-18 02:01:33.3800000
81,90947,MA000001,2,B.2.1,Staff Employees,Group I,Mines Rescue Technical Officer Level 2,9,90949,NULL,2025-07-01 00:00:00.0000000,NULL,7,2025-06-03 01:30:27.0000000,2025,2026-05-18 02:01:33.4133333,2026-05-18 02:01:33.4133333
82,90513,MA000001,2,B.2.1,Staff Employees,Group A,GROUP A,1,NULL,17,2025-07-01 00:00:00.0000000,NULL,6,2025-06-03 01:30:28.0000000,2025,2026-05-18 02:01:33.4366667,2026-05-18 02:01:33.4366667
83,90813,MA000001,23040,B.2.2,Staff Employees: Juniors,NULL,18 years—80,3,90812,90814,2025-07-01 00:00:00.0000000,NULL,6,2025-06-03 01:30:34.0000000,2025,2026-05-18 02:01:33.4566667,2026-05-18 02:01:33.4566667
84,90815,MA000001,23040,B.2.2,Staff Employees: Juniors,NULL,20 years—95,5,90814,NULL,2025-07-01 00:00:00.0000000,NULL,6,2025-06-03 01:30:34.0000000,2025,2026-05-18 02:01:33.4733333,2026-05-18 02:01:33.4733333
85,3,MA000001,1,A.4,Production and Engineering Employees,NULL,Mineworker – Training,2,2,4,2025-07-01 00:00:00.0000000,NULL,6,2025-06-03 01:30:22.0000000,2025,2026-05-18 02:01:33.4900000,2026-05-18 02:01:33.4900000
86,71,MA000001,2,B.2.1,Staff Employees,Group J,GROUP J,10,61,84,2025-07-01 00:00:00.0000000,NULL,7,2025-06-03 01:30:25.0000000,2025,2026-05-18 02:01:33.5100000,2026-05-18 02:01:33.5100000
87,90948,MA000001,2,B.2.1,Staff Employees,Group H,Mines Rescue Training Officer Level 1,8,NULL,90946,2025-07-01 00:00:00.0000000,NULL,7,2025-06-03 01:30:27.0000000,2025,2026-05-18 02:01:33.5366667,2026-05-18 02:01:33.5366667
88,46,MA000001,2,B.2.1,Staff Employees,Group F,Assistant Purchasing and Stores Control Officer,6,32,54,2025-07-01 00:00:00.0000000,NULL,7,2025-06-03 01:30:24.0000000,2025,2026-05-18 02:01:33.5833333,2026-05-18 02:01:33.5833333
89,90238,MA000001,22929,B.2.1*_Formatted,NULL,NULL,Group E,5,90237,90239,2025-07-01 00:00:00.0000000,NULL,6,2025-06-03 01:30:33.0000000,2025,2026-05-18 02:01:33.6100000,2026-05-18 02:01:33.6100000
90,90962,MA000001,2,B.2.1,Staff Employees,Group M,Mines Rescue Superintendent,13,91138,NULL,2025-07-01 00:00:00.0000000,NULL,7,2025-06-03 01:30:27.0000000,2025,2026-05-18 02:01:33.6366667,2026-05-18 02:01:33.6366667
91,90234,MA000001,22929,B.2.1*_Formatted,NULL,NULL,Group A,1,NULL,90235,2025-07-01 00:00:00.0000000,NULL,6,2025-06-03 01:30:33.0000000,2025,2026-05-18 02:01:33.6633333,2026-05-18 02:01:33.6633333
92,10,MA000001,2,B.2.1,Staff Employees,Group A,Surveyor’s Assistant,1,NULL,20,2025-07-01 00:00:00.0000000,NULL,6,2025-06-03 01:30:28.0000000,2025,2026-05-18 02:01:33.7133333,2026-05-18 02:01:33.7133333
93,90814,MA000001,23040,B.2.2,Staff Employees: Juniors,NULL,19 years—90,4,90813,90815,2025-07-01 00:00:00.0000000,NULL,6,2025-06-03 01:30:34.0000000,2025,2026-05-18 02:01:33.7433333,2026-05-18 02:01:33.7433333
94,66,MA000001,2,B.2.1,Staff Employees,Group I,Assistant Accountant,9,NULL,81,2025-07-01 00:00:00.0000000,NULL,7,2025-06-03 01:30:25.0000000,2025,2026-05-18 02:01:33.7700000,2026-05-18 02:01:33.7700000
95,95,MA000001,2,B.2.1,Staff Employees,Group M,GROUP M,13,92,NULL,2025-07-01 00:00:00.0000000,NULL,7,2025-06-03 01:30:27.0000000,2025,2026-05-18 02:01:33.7966667,2026-05-18 02:01:33.7966667
96,39,MA000001,2,B.2.1,Staff Employees,Group D,Shotfirer,4,NULL,NULL,2025-07-01 00:00:00.0000000,NULL,7,2025-06-03 01:30:24.0000000,2025,2026-05-18 02:01:33.8233333,2026-05-18 02:01:33.8233333
97,17,MA000001,2,B.2.1,Staff Employees,Group B,GROUP B,2,90513,29,2025-07-01 00:00:00.0000000,NULL,7,2025-06-03 01:30:28.0000000,2025,2026-05-18 02:01:33.8500000,2026-05-18 02:01:33.8500000
98,64,MA000001,2,B.2.1,Staff Employees,Group I,Coal Preparation Plant Foreperson (Tasmania),9,NULL,NULL,2025-07-01 00:00:00.0000000,NULL,7,2025-06-03 01:30:25.0000000,2025,2026-05-18 02:01:33.9000000,2026-05-18 02:01:33.9000000
99,38,MA000001,2,B.2.1,Staff Employees,Group D,Draftsperson,4,NULL,41,2025-07-01 00:00:00.0000000,NULL,7,2025-06-03 01:30:23.0000000,2025,2026-05-18 02:01:33.9300000,2026-05-18 02:01:33.9300000
100,48,MA000001,2,B.2.1,Staff Employees,Group G,GROUP G,7,44,58,2025-07-01 00:00:00.0000000,NULL,7,2025-06-03 01:30:24.0000000,2025,2026-05-18 02:01:33.9600000,2026-05-18 02:01:33.9600000
101,90789,MA000001,23036,A.6.7,Production and Engineering Employees - Apprentices (including adult apprentices) that commenced prior to 1 January 2014,Apprentices other than adult apprentices,3rd year of experience—75,3,90788,90790,2025-07-01 00:00:00.0000000,NULL,5,2025-06-03 01:30:35.0000000,2025,2026-05-18 02:01:33.9866667,2026-05-18 02:01:33.9866667
102,8,MA000001,2,B.2.1,Staff Employees,Group A,"(Adult coal mining industry employees, without prior experience in the coal mining industry, engaged in one of the following classifications)",NULL,NULL,NULL,2025-07-01 00:00:00.0000000,NULL,6,2025-06-03 01:30:33.0000000,2025,2026-05-18 02:01:34.0400000,2026-05-18 02:01:34.0400000
103,90808,MA000001,23039,A.7,Production and Engineering Employees: Juniors,NULL,Under 16 years—40,1,NULL,90809,2025-07-01 00:00:00.0000000,NULL,6,2025-06-03 01:30:34.0000000,2025,2026-05-18 02:01:34.1166667,2026-05-18 02:01:34.1166667
104,96,MA000001,2,B.2.1,Staff Employees,Group M,Electrical and/or Mechanical Engineer (in charge),13,94,NULL,2025-07-01 00:00:00.0000000,NULL,7,2025-06-03 01:30:27.0000000,2025,2026-05-18 02:01:34.2966667,2026-05-18 02:01:34.2966667
105,57,MA000001,2,B.2.1,Staff Employees,Group G,Assistant to the Chief Clerk,7,NULL,NULL,2025-07-01 00:00:00.0000000,NULL,7,2025-06-03 01:30:25.0000000,2025,2026-05-18 02:01:34.3500000,2026-05-18 02:01:34.3500000
106,1,MA000001,1,A.4,Production and Engineering Employees,NULL,Mineworker – Induction Level 1,1,NULL,2,2025-07-01 00:00:00.0000000,NULL,6,2025-06-03 01:30:22.0000000,2025,2026-05-18 02:01:34.4000000,2026-05-18 02:01:34.4000000
107,91137,MA000001,2,B.2.1,Staff Employees,Group J,Mines Rescue Technical Officer Level 3,10,90947,90965,2025-07-01 00:00:00.0000000,NULL,7,2025-06-03 01:30:23.0000000,2025,2026-05-18 02:01:34.4833333,2026-05-18 02:01:34.4833333
108,70,MA000001,2,B.2.1,Staff Employees,Group I,Planning Officer,9,NULL,NULL,2025-07-01 00:00:00.0000000,NULL,7,2025-06-03 01:30:25.0000000,2025,2026-05-18 02:01:34.5500000,2026-05-18 02:01:34.5500000
109,86,MA000001,2,B.2.1,Staff Employees,Group K,Chief Geologist,11,85,NULL,2025-07-01 00:00:00.0000000,NULL,7,2025-06-03 01:30:26.0000000,2025,2026-05-18 02:01:34.5633333,2026-05-18 02:01:34.5633333
110,90252,MA000001,22929,B.2.1*_Formatted,NULL,NULL,Commercial Graduate – Level 3,11,90251,NULL,2025-07-01 00:00:00.0000000,NULL,6,2025-06-03 01:30:34.0000000,2025,2026-05-18 02:01:34.5766667,2026-05-18 02:01:34.5766667
111,28,MA000001,2,B.2.1,Staff Employees,Group B,Traffic Controller,2,NULL,NULL,2025-07-01 00:00:00.0000000,NULL,7,2025-06-03 01:30:29.0000000,2025,2026-05-18 02:01:34.6466667,2026-05-18 02:01:34.6466667
112,85,MA000001,2,B.2.1,Staff Employees,Group K,Senior Geologist,11,78,86,2025-07-01 00:00:00.0000000,NULL,7,2025-06-03 01:30:26.0000000,2025,2026-05-18 02:01:34.7266667,2026-05-18 02:01:34.7266667
113,69,MA000001,2,B.2.1,Staff Employees,Group I,Mine Surveyor,9,NULL,75,2025-07-01 00:00:00.0000000,NULL,7,2025-06-03 01:30:25.0000000,2025,2026-05-18 02:01:34.7700000,2026-05-18 02:01:34.7700000
114,90235,MA000001,22929,B.2.1*_Formatted,NULL,NULL,Group B,2,90234,90236,2025-07-01 00:00:00.0000000,NULL,6,2025-06-03 01:30:33.0000000,2025,2026-05-18 02:01:34.8000000,2026-05-18 02:01:34.8000000
115,44,MA000001,2,B.2.1,Staff Employees,Group F,GROUP F,6,40,48,2025-07-01 00:00:00.0000000,NULL,7,2025-06-03 01:30:24.0000000,2025,2026-05-18 02:01:34.8800000,2026-05-18 02:01:34.8800000
116,54,MA000001,2,B.2.1,Staff Employees,Group G,Stores Control Officer,7,53,68,2025-07-01 00:00:00.0000000,NULL,7,2025-06-03 01:30:24.0000000,2025,2026-05-18 02:01:34.9066667,2026-05-18 02:01:34.9066667
117,14,MA000001,2,B.2.1,Staff Employees,Group A,Stores Clerk,1,NULL,24,2025-07-01 00:00:00.0000000,NULL,6,2025-06-03 01:30:28.0000000,2025,2026-05-18 02:01:34.9333333,2026-05-18 02:01:34.9333333
118,87,MA000001,2,B.2.1,Staff Employees,Group K,Chief Chemist,11,77,NULL,2025-07-01 00:00:00.0000000,NULL,7,2025-06-03 01:30:26.0000000,2025,2026-05-18 02:01:34.9600000,2026-05-18 02:01:34.9600000
119,61,MA000001,2,B.2.1,Staff Employees,Group I,GROUP I,9,58,71,2025-07-01 00:00:00.0000000,NULL,7,2025-06-03 01:30:25.0000000,2025,2026-05-18 02:01:34.9866667,2026-05-18 02:01:34.9866667
120,90247,MA000001,22929,B.2.1*_Formatted,NULL,NULL,Graduate Engineer – Level 1,2,NULL,90248,2025-07-01 00:00:00.0000000,NULL,6,2025-06-03 01:30:33.0000000,2025,2026-05-18 02:01:35.0133333,2026-05-18 02:01:35.0133333
121,91138,MA000001,2,B.2.1,Staff Employees,Group L,Mines Rescue Assistant Superintendent,12,90965,NULL,2025-07-01 00:00:00.0000000,NULL,7,2025-06-03 01:30:23.0000000,2025,2026-05-18 02:01:35.0433333,2026-05-18 02:01:35.0433333
122,90245,MA000001,22929,B.2.1*_Formatted,NULL,NULL,Group L,12,90244,90246,2025-07-01 00:00:00.0000000,NULL,6,2025-06-03 01:30:33.0000000,2025,2026-05-18 02:01:35.0933333,2026-05-18 02:01:35.0933333
123,4,MA000001,1,A.4,Production and Engineering Employees,NULL,Mineworker,3,3,5,2025-07-01 00:00:00.0000000,NULL,5,2025-06-03 01:30:22.0000000,2025,2026-05-18 02:01:35.1466667,2026-05-18 02:01:35.1466667
124,90820,MA000001,23042,B.2.3(b),Staff Employees: Commercial Graduate rates,NULL,Commercial Graduate – Level 2—86,2,90819,90821,2025-07-01 00:00:00.0000000,NULL,6,2025-06-03 01:30:35.0000000,2025,2026-05-18 02:01:35.1733333,2026-05-18 02:01:35.1733333
125,60,MA000001,2,B.2.1,Staff Employees,Group H,Training Officer,8,42,NULL,2025-07-01 00:00:00.0000000,NULL,7,2025-06-03 01:30:25.0000000,2025,2026-05-18 02:01:35.2000000,2026-05-18 02:01:35.2000000
126,90787,MA000001,23036,A.6.7,Production and Engineering Employees - Apprentices (including adult apprentices) that commenced prior to 1 January 2014,Apprentices other than adult apprentices,1st year of experience—45,1,NULL,90788,2025-07-01 00:00:00.0000000,NULL,5,2025-06-03 01:30:35.0000000,2025,2026-05-18 02:01:35.2300000,2026-05-18 02:01:35.2300000
127,90240,MA000001,22929,B.2.1*_Formatted,NULL,NULL,Group G,7,90239,90241,2025-07-01 00:00:00.0000000,NULL,6,2025-06-03 01:30:33.0000000,2025,2026-05-18 02:01:35.2566667,2026-05-18 02:01:35.2566667
128,20,MA000001,2,B.2.1,Staff Employees,Group B,Surveyor’s Assistant,2,10,34,2025-07-01 00:00:00.0000000,NULL,7,2025-06-03 01:30:28.0000000,2025,2026-05-18 02:01:35.2833333,2026-05-18 02:01:35.2833333
129,32,MA000001,2,B.2.1,Staff Employees,Group C,Senior Stores Clerk,3,24,46,2025-07-01 00:00:00.0000000,NULL,7,2025-06-03 01:30:23.0000000,2025,2026-05-18 02:01:35.3100000,2026-05-18 02:01:35.3100000
130,90804,MA000001,23037,A.6.8(b)(i),Production and Engineering Employees: Apprentice (other than adult apprentices) that commenced on or after 1 January 2014,Has completed year 12,Stage 4—90%,5,90803,NULL,2025-07-01 00:00:00.0000000,NULL,5,2025-06-03 01:30:36.0000000,2025,2026-05-18 02:01:35.3366667,2026-05-18 02:01:35.3366667
131,90790,MA000001,23036,A.6.7,Production and Engineering Employees - Apprentices (including adult apprentices) that commenced prior to 1 January 2014,Apprentices other than adult apprentices,4th year of experience—90,4,90789,NULL,2025-07-01 00:00:00.0000000,NULL,5,2025-06-03 01:30:35.0000000,2025,2026-05-18 02:01:35.3700000,2026-05-18 02:01:35.3700000
132,90803,MA000001,23037,A.6.8(b)(i),Production and Engineering Employees: Apprentice (other than adult apprentices) that commenced on or after 1 January 2014,Has completed year 12,Stage 3—75%,4,90802,90804,2025-07-01 00:00:00.0000000,NULL,5,2025-06-03 01:30:36.0000000,2025,2026-05-18 02:01:35.4200000,2026-05-18 02:01:35.4200000
133,6,MA000001,1,A.4,Production and Engineering Employees,NULL,Mineworker – Specialised,5,5,NULL,2025-07-01 00:00:00.0000000,NULL,6,2025-06-03 01:30:22.0000000,2025,2026-05-18 02:01:35.5000000,2026-05-18 02:01:35.5000000
134,90237,MA000001,22929,B.2.1*_Formatted,NULL,NULL,Group D,4,90236,90238,2025-07-01 00:00:00.0000000,NULL,6,2025-06-03 01:30:33.0000000,2025,2026-05-18 02:01:35.5566667,2026-05-18 02:01:35.5566667
135,90800,MA000001,23037,A.6.8(b)(i),Production and Engineering Employees: Apprentice (other than adult apprentices) that commenced on or after 1 January 2014,Has completed year 12,Stage 1—From 1 January 2014: 50%,1,NULL,NULL,2025-07-01 00:00:00.0000000,NULL,6,2025-06-03 01:30:36.0000000,2025,2026-05-18 02:01:35.6366667,2026-05-18 02:01:35.6366667
136,2,MA000001,1,A.4,Production and Engineering Employees,NULL,Mineworker – Induction Level 2,2,1,3,2025-07-01 00:00:00.0000000,NULL,6,2025-06-03 01:30:22.0000000,2025,2026-05-18 02:01:35.7166667,2026-05-18 02:01:35.7166667
137,87266,MA000002,22508,16.4,Junior employees,Level 2—Year 2,17 years,5,87255,87285,2025-07-01 00:00:00.0000000,NULL,6,2025-06-03 01:33:25.0000000,2025,2026-05-18 02:01:35.8200000,2026-05-18 02:01:35.8200000
138,87282,MA000002,22508,16.4,Junior employees,NULL,Level 3,NULL,NULL,NULL,2025-07-01 00:00:00.0000000,NULL,5,2025-06-03 01:33:35.0000000,2025,2026-05-18 02:01:35.8733333,2026-05-18 02:01:35.8733333
139,87252,MA000002,22508,16.4,Junior employees,NULL,Level 2—Year 1,NULL,NULL,NULL,2025-07-01 00:00:00.0000000,NULL,5,2025-06-03 01:33:31.0000000,2025,2026-05-18 02:01:35.9266667,2026-05-18 02:01:35.9266667
140,87284,MA000002,22508,16.4,Junior employees,Level 3,16 years,6,87261,87293,2025-07-01 00:00:00.0000000,NULL,6,2025-06-03 01:33:25.0000000,2025,2026-05-18 02:01:35.9800000,2026-05-18 02:01:35.9800000
141,87300,MA000002,22508,16.4,Junior employees,NULL,Level 4,NULL,NULL,NULL,2025-07-01 00:00:00.0000000,NULL,5,2025-06-03 01:33:32.0000000,2025,2026-05-18 02:01:36.0066667,2026-05-18 02:01:36.0066667
142,87253,MA000002,22508,16.4,Junior employees,Level 2—Year 1,Under 16 years,4,87238,87260,2025-07-01 00:00:00.0000000,NULL,6,2025-06-03 01:33:24.0000000,2025,2026-05-18 02:01:36.0566667,2026-05-18 02:01:36.0566667
143,100,MA000002,3,16.1,Clerical Employees,NULL,Level 1—Year 3,3,99,101,2025-07-01 00:00:00.0000000,NULL,9,2025-06-03 01:33:22.0000000,2025,2026-05-18 02:01:36.1066667,2026-05-18 02:01:36.1066667
144,87293,MA000002,22508,16.4,Junior employees,Call centre principal customer contact specialist,16 years,7,87284,87302,2025-07-01 00:00:00.0000000,NULL,6,2025-06-03 01:33:25.0000000,2025,2026-05-18 02:01:36.1600000,2026-05-18 02:01:36.1600000
145,87234,MA000002,22508,16.4,Junior employees,Level 1—Year 2,18 years,2,87190,87249,2025-07-01 00:00:00.0000000,NULL,6,2025-06-03 01:33:26.0000000,2025,2026-05-18 02:01:36.1866667,2026-05-18 02:01:36.1866667
146,107,MA000002,3,16.1,Clerical Employees,NULL,Call centre technical associate,10,106,NULL,2025-07-01 00:00:00.0000000,NULL,9,2025-06-03 01:33:22.0000000,2025,2026-05-18 02:01:36.2400000,2026-05-18 02:01:36.2400000
147,87304,MA000002,22508,16.4,Junior employees,Level 4,17 years,8,87294,87327,2025-07-01 00:00:00.0000000,NULL,6,2025-06-03 01:33:25.0000000,2025,2026-05-18 02:01:36.2700000,2026-05-18 02:01:36.2700000
148,87221,MA000002,22508,16.4,Junior employees,Level 1—Year 2,Under 16 years,2,87187,87238,2025-07-01 00:00:00.0000000,NULL,6,2025-06-03 01:33:26.0000000,2025,2026-05-18 02:01:36.2966667,2026-05-18 02:01:36.2966667
149,87236,MA000002,22508,16.4,Junior employees,Level 1—Year 2,20 years,2,87202,87251,2025-07-01 00:00:00.0000000,NULL,6,2025-06-03 01:33:24.0000000,2025,2026-05-18 02:01:36.3233333,2026-05-18 02:01:36.3233333
150,87269,MA000002,22508,16.4,Junior employees,Level 2—Year 2,20 years,5,87258,87290,2025-07-01 00:00:00.0000000,NULL,6,2025-06-03 01:33:25.0000000,2025,2026-05-18 02:01:36.3500000,2026-05-18 02:01:36.3500000
151,87202,MA000002,22508,16.4,Junior employees,Level 1—Year 1,20 years,1,NULL,87236,2025-07-01 00:00:00.0000000,NULL,6,2025-06-03 01:33:26.0000000,2025,2026-05-18 02:01:36.3800000,2026-05-18 02:01:36.3800000
152,87187,MA000002,22508,16.4,Junior employees,Level 1—Year 1,Under 16 years,1,NULL,87221,2025-07-01 00:00:00.0000000,NULL,6,2025-06-03 01:33:26.0000000,2025,2026-05-18 02:01:36.4066667,2026-05-18 02:01:36.4066667
153,102,MA000002,3,16.1,Clerical Employees,NULL,Level 2—Year 2,5,101,103,2025-07-01 00:00:00.0000000,NULL,9,2025-06-03 01:33:22.0000000,2025,2026-05-18 02:01:36.4300000,2026-05-18 02:01:36.4300000
154,87201,MA000002,22508,16.4,Junior employees,Level 1—Year 1,19 years,1,NULL,87235,2025-07-01 00:00:00.0000000,NULL,6,2025-06-03 01:33:26.0000000,2025,2026-05-18 02:01:36.4566667,2026-05-18 02:01:36.4566667
155,87175,MA000002,22508,16.4,Junior employees,NULL,Level 1—Year 1,NULL,NULL,NULL,2025-07-01 00:00:00.0000000,NULL,5,2025-06-03 01:33:33.0000000,2025,2026-05-18 02:01:36.4833333,2026-05-18 02:01:36.4833333
156,87238,MA000002,22508,16.4,Junior employees,Level 1—Year 3,Under 16 years,3,87221,87253,2025-07-01 00:00:00.0000000,NULL,6,2025-06-03 01:33:24.0000000,2025,2026-05-18 02:01:36.5100000,2026-05-18 02:01:36.5100000
157,87352,MA000002,22508,16.4,Junior employees,Call centre technical associate,20 years,10,87331,NULL,2025-07-01 00:00:00.0000000,NULL,6,2025-06-03 01:33:24.0000000,2025,2026-05-18 02:01:36.5600000,2026-05-18 02:01:36.5600000
158,87249,MA000002,22508,16.4,Junior employees,Level 1—Year 3,18 years,3,87234,87256,2025-07-01 00:00:00.0000000,NULL,6,2025-06-03 01:33:24.0000000,2025,2026-05-18 02:01:36.5866667,2026-05-18 02:01:36.5866667
159,103,MA000002,3,16.1,Clerical Employees,NULL,Level 3,6,102,104,2025-07-01 00:00:00.0000000,NULL,9,2025-06-03 01:33:22.0000000,2025,2026-05-18 02:01:36.6400000,2026-05-18 02:01:36.6400000
160,87283,MA000002,22508,16.4,Junior employees,Level 3,Under 16 years,6,87260,87295,2025-07-01 00:00:00.0000000,NULL,6,2025-06-03 01:33:25.0000000,2025,2026-05-18 02:01:36.6933333,2026-05-18 02:01:36.6933333
161,87228,MA000002,22508,16.4,Junior employees,Level 1—Year 1,17 years,1,NULL,87230,2025-07-01 00:00:00.0000000,NULL,6,2025-06-03 01:33:26.0000000,2025,2026-05-18 02:01:36.7200000,2026-05-18 02:01:36.7200000
162,99,MA000002,3,16.1,Clerical Employees,NULL,Level 1—Year 2,2,98,100,2025-07-01 00:00:00.0000000,NULL,9,2025-06-03 01:33:22.0000000,2025,2026-05-18 02:01:36.7466667,2026-05-18 02:01:36.7466667
163,87330,MA000002,22508,16.4,Junior employees,Level 5,18 years,9,87306,87350,2025-07-01 00:00:00.0000000,NULL,6,2025-06-03 01:33:26.0000000,2025,2026-05-18 02:01:36.7733333,2026-05-18 02:01:36.7733333
164,87251,MA000002,22508,16.4,Junior employees,Level 1—Year 3,20 years,3,87236,87258,2025-07-01 00:00:00.0000000,NULL,6,2025-06-03 01:33:24.0000000,2025,2026-05-18 02:01:36.8000000,2026-05-18 02:01:36.8000000
165,87257,MA000002,22508,16.4,Junior employees,Level 2—Year 1,19 years,4,87250,87268,2025-07-01 00:00:00.0000000,NULL,6,2025-06-03 01:33:24.0000000,2025,2026-05-18 02:01:36.8300000,2026-05-18 02:01:36.8300000
166,87285,MA000002,22508,16.4,Junior employees,Level 3,17 years,6,87266,87294,2025-07-01 00:00:00.0000000,NULL,6,2025-06-03 01:33:25.0000000,2025,2026-05-18 02:01:36.8566667,2026-05-18 02:01:36.8566667
167,87188,MA000002,22508,16.4,Junior employees,Level 1—Year 1,16 years,1,NULL,87229,2025-07-01 00:00:00.0000000,NULL,6,2025-06-03 01:33:26.0000000,2025,2026-05-18 02:01:36.8833333,2026-05-18 02:01:36.8833333
168,87268,MA000002,22508,16.4,Junior employees,Level 2—Year 2,19 years,5,87257,87287,2025-07-01 00:00:00.0000000,NULL,6,2025-06-03 01:33:25.0000000,2025,2026-05-18 02:01:36.9100000,2026-05-18 02:01:36.9100000
169,87258,MA000002,22508,16.4,Junior employees,Level 2—Year 1,20 years,4,87251,87269,2025-07-01 00:00:00.0000000,NULL,6,2025-06-03 01:33:24.0000000,2025,2026-05-18 02:01:36.9366667,2026-05-18 02:01:36.9366667
170,87190,MA000002,22508,16.4,Junior employees,Level 1—Year 1,18 years,1,NULL,87234,2025-07-01 00:00:00.0000000,NULL,6,2025-06-03 01:33:26.0000000,2025,2026-05-18 02:01:36.9600000,2026-05-18 02:01:36.9600000
171,101,MA000002,3,16.1,Clerical Employees,NULL,Level 2—Year 1,4,100,102,2025-07-01 00:00:00.0000000,NULL,9,2025-06-03 01:33:22.0000000,2025,2026-05-18 02:01:36.9866667,2026-05-18 02:01:36.9866667
172,87327,MA000002,22508,16.4,Junior employees,Level 5,17 years,9,87304,90253,2025-07-01 00:00:00.0000000,NULL,6,2025-06-03 01:33:26.0000000,2025,2026-05-18 02:01:37.0100000,2026-05-18 02:01:37.0100000
173,87235,MA000002,22508,16.4,Junior employees,Level 1—Year 2,19 years,2,87201,87250,2025-07-01 00:00:00.0000000,NULL,6,2025-06-03 01:33:24.0000000,2025,2026-05-18 02:01:37.0333333,2026-05-18 02:01:37.0333333
174,87267,MA000002,22508,16.4,Junior employees,Level 2—Year 2,18 years,5,87256,87286,2025-07-01 00:00:00.0000000,NULL,6,2025-06-03 01:33:25.0000000,2025,2026-05-18 02:01:37.0566667,2026-05-18 02:01:37.0566667
175,87306,MA000002,22508,16.4,Junior employees,Level 4,18 years,8,87299,87330,2025-07-01 00:00:00.0000000,NULL,6,2025-06-03 01:33:25.0000000,2025,2026-05-18 02:01:37.0800000,2026-05-18 02:01:37.0800000
176,87331,MA000002,22508,16.4,Junior employees,Level 5,20 years,9,87308,87352,2025-07-01 00:00:00.0000000,NULL,6,2025-06-03 01:33:26.0000000,2025,2026-05-18 02:01:37.1300000,2026-05-18 02:01:37.1300000
177,87286,MA000002,22508,16.4,Junior employees,Level 3,18 years,6,87267,87299,2025-07-01 00:00:00.0000000,NULL,6,2025-06-03 01:33:25.0000000,2025,2026-05-18 02:01:37.1566667,2026-05-18 02:01:37.1566667
178,87311,MA000002,22508,16.4,Junior employees,Level 5,Under 16 years,9,87301,87333,2025-07-01 00:00:00.0000000,NULL,6,2025-06-03 01:33:26.0000000,2025,2026-05-18 02:01:37.1833333,2026-05-18 02:01:37.1833333
179,90253,MA000002,22508,16.4,Junior employees,Call centre technical associate,17 years,10,87327,NULL,2025-07-01 00:00:00.0000000,NULL,6,2025-06-03 01:33:26.0000000,2025,2026-05-18 02:01:37.2100000,2026-05-18 02:01:37.2100000
180,87203,MA000002,22508,16.4,Junior employees,NULL,Level 1—Year 2,NULL,NULL,NULL,2025-07-01 00:00:00.0000000,NULL,5,2025-06-03 01:33:32.0000000,2025,2026-05-18 02:01:37.2400000,2026-05-18 02:01:37.2400000
181,87351,MA000002,22508,16.4,Junior employees,Call centre technical associate,19 years,10,87329,NULL,2025-07-01 00:00:00.0000000,NULL,6,2025-06-03 01:33:24.0000000,2025,2026-05-18 02:01:37.2666667,2026-05-18 02:01:37.2666667
182,104,MA000002,3,16.1,Clerical Employees,NULL,Call centre principal customer contact specialist,7,103,105,2025-07-01 00:00:00.0000000,NULL,9,2025-06-03 01:33:22.0000000,2025,2026-05-18 02:01:37.3200000,2026-05-18 02:01:37.3200000
183,87301,MA000002,22508,16.4,Junior employees,Level 4,Under 16 years,8,87295,87311,2025-07-01 00:00:00.0000000,NULL,6,2025-06-03 01:33:25.0000000,2025,2026-05-18 02:01:37.3500000,2026-05-18 02:01:37.3500000
184,87350,MA000002,22508,16.4,Junior employees,Call centre technical associate,18 years,10,87330,NULL,2025-07-01 00:00:00.0000000,NULL,6,2025-06-03 01:33:24.0000000,2025,2026-05-18 02:01:37.3766667,2026-05-18 02:01:37.3766667
185,87302,MA000002,22508,16.4,Junior employees,Level 4,16 years,8,87293,87326,2025-07-01 00:00:00.0000000,NULL,6,2025-06-03 01:33:25.0000000,2025,2026-05-18 02:01:37.4033333,2026-05-18 02:01:37.4033333
186,87290,MA000002,22508,16.4,Junior employees,Level 3,20 years,6,87269,87298,2025-07-01 00:00:00.0000000,NULL,6,2025-06-03 01:33:25.0000000,2025,2026-05-18 02:01:37.4300000,2026-05-18 02:01:37.4300000
187,87297,MA000002,22508,16.4,Junior employees,Call centre principal customer contact specialist,19 years,7,87287,87307,2025-07-01 00:00:00.0000000,NULL,6,2025-06-03 01:33:25.0000000,2025,2026-05-18 02:01:37.4566667,2026-05-18 02:01:37.4566667
188,87329,MA000002,22508,16.4,Junior employees,Level 5,19 years,9,87307,87351,2025-07-01 00:00:00.0000000,NULL,6,2025-06-03 01:33:26.0000000,2025,2026-05-18 02:01:37.4833333,2026-05-18 02:01:37.4833333
189,87230,MA000002,22508,16.4,Junior employees,Level 1—Year 2,17 years,2,87228,87248,2025-07-01 00:00:00.0000000,NULL,6,2025-06-03 01:33:26.0000000,2025,2026-05-18 02:01:37.5100000,2026-05-18 02:01:37.5100000
190,87250,MA000002,22508,16.4,Junior employees,Level 1—Year 3,19 years,3,87235,87257,2025-07-01 00:00:00.0000000,NULL,6,2025-06-03 01:33:24.0000000,2025,2026-05-18 02:01:37.5366667,2026-05-18 02:01:37.5366667
191,87287,MA000002,22508,16.4,Junior employees,Level 3,19 years,6,87268,87297,2025-07-01 00:00:00.0000000,NULL,6,2025-06-03 01:33:25.0000000,2025,2026-05-18 02:01:37.5600000,2026-05-18 02:01:37.5600000
192,87229,MA000002,22508,16.4,Junior employees,Level 1—Year 2,16 years,2,87188,87239,2025-07-01 00:00:00.0000000,NULL,6,2025-06-03 01:33:26.0000000,2025,2026-05-18 02:01:37.5866667,2026-05-18 02:01:37.5866667
193,87260,MA000002,22508,16.4,Junior employees,Level 2—Year 2,Under 16 years,5,87253,87283,2025-07-01 00:00:00.0000000,NULL,6,2025-06-03 01:33:24.0000000,2025,2026-05-18 02:01:37.6133333,2026-05-18 02:01:37.6133333
194,90703,MA000002,22508,16.4,Junior employees,NULL,Level 5,NULL,NULL,NULL,2025-07-01 00:00:00.0000000,NULL,5,2025-06-03 01:33:35.0000000,2025,2026-05-18 02:01:37.6400000,2026-05-18 02:01:37.6400000
195,87255,MA000002,22508,16.4,Junior employees,Level 2—Year 1,17 years,4,87248,87266,2025-07-01 00:00:00.0000000,NULL,6,2025-06-03 01:33:24.0000000,2025,2026-05-18 02:01:37.6666667,2026-05-18 02:01:37.6666667
196,87294,MA000002,22508,16.4,Junior employees,Call centre principal customer contact specialist,17 years,7,87285,87304,2025-07-01 00:00:00.0000000,NULL,6,2025-06-03 01:33:25.0000000,2025,2026-05-18 02:01:37.6933333,2026-05-18 02:01:37.6933333
197,87333,MA000002,22508,16.4,Junior employees,Call centre technical associate,Under 16 years,10,87311,NULL,2025-07-01 00:00:00.0000000,NULL,6,2025-06-03 01:33:26.0000000,2025,2026-05-18 02:01:37.7466667,2026-05-18 02:01:37.7466667
198,98,MA000002,3,16.1,Clerical Employees,NULL,Level 1—Year 1,1,NULL,99,2025-07-01 00:00:00.0000000,NULL,9,2025-06-03 01:33:22.0000000,2025,2026-05-18 02:01:37.7766667,2026-05-18 02:01:37.7766667
199,87254,MA000002,22508,16.4,Junior employees,Level 2—Year 1,16 years,4,87239,87261,2025-07-01 00:00:00.0000000,NULL,6,2025-06-03 01:33:24.0000000,2025,2026-05-18 02:01:37.8033333,2026-05-18 02:01:37.8033333
200,87307,MA000002,22508,16.4,Junior employees,Level 4,19 years,8,87297,87329,2025-07-01 00:00:00.0000000,NULL,6,2025-06-03 01:33:26.0000000,2025,2026-05-18 02:01:37.8300000,2026-05-18 02:01:37.8300000
201,87298,MA000002,22508,16.4,Junior employees,Call centre principal customer contact specialist,20 years,7,87290,87308,2025-07-01 00:00:00.0000000,NULL,6,2025-06-03 01:33:25.0000000,2025,2026-05-18 02:01:37.8566667,2026-05-18 02:01:37.8566667
202,87308,MA000002,22508,16.4,Junior employees,Level 4,20 years,8,87298,87331,2025-07-01 00:00:00.0000000,NULL,6,2025-06-03 01:33:26.0000000,2025,2026-05-18 02:01:37.8833333,2026-05-18 02:01:37.8833333
203,87256,MA000002,22508,16.4,Junior employees,Level 2—Year 1,18 years,4,87249,87267,2025-07-01 00:00:00.0000000,NULL,6,2025-06-03 01:33:24.0000000,2025,2026-05-18 02:01:37.9100000,2026-05-18 02:01:37.9100000
204,87237,MA000002,22508,16.4,Junior employees,NULL,Level 1—Year 3,NULL,NULL,NULL,2025-07-01 00:00:00.0000000,NULL,5,2025-06-03 01:33:32.0000000,2025,2026-05-18 02:01:37.9400000,2026-05-18 02:01:37.9400000
205,87291,MA000002,22508,16.4,Junior employees,NULL,Call centre principal customer contact specialist,NULL,NULL,NULL,2025-07-01 00:00:00.0000000,NULL,5,2025-06-03 01:33:35.0000000,2025,2026-05-18 02:01:37.9900000,2026-05-18 02:01:37.9900000
206,106,MA000002,3,16.1,Clerical Employees,NULL,Level 5,9,105,107,2025-07-01 00:00:00.0000000,NULL,9,2025-06-03 01:33:22.0000000,2025,2026-05-18 02:01:38.0166667,2026-05-18 02:01:38.0166667
207,87346,MA000002,22508,16.4,Junior employees,Call centre technical associate,16 years,10,87326,NULL,2025-07-01 00:00:00.0000000,NULL,6,2025-06-03 01:33:24.0000000,2025,2026-05-18 02:01:38.0466667,2026-05-18 02:01:38.0466667
208,87299,MA000002,22508,16.4,Junior employees,Call centre principal customer contact specialist,18 years,7,87286,87306,2025-07-01 00:00:00.0000000,NULL,6,2025-06-03 01:33:25.0000000,2025,2026-05-18 02:01:38.0733333,2026-05-18 02:01:38.0733333
209,87239,MA000002,22508,16.4,Junior employees,Level 1—Year 3,16 years,3,87229,87254,2025-07-01 00:00:00.0000000,NULL,6,2025-06-03 01:33:24.0000000,2025,2026-05-18 02:01:38.1000000,2026-05-18 02:01:38.1000000
210,105,MA000002,3,16.1,Clerical Employees,NULL,Level 4,8,104,106,2025-07-01 00:00:00.0000000,NULL,9,2025-06-03 01:33:22.0000000,2025,2026-05-18 02:01:38.1266667,2026-05-18 02:01:38.1266667
211,87261,MA000002,22508,16.4,Junior employees,Level 2—Year 2,16 years,5,87254,87284,2025-07-01 00:00:00.0000000,NULL,6,2025-06-03 01:33:25.0000000,2025,2026-05-18 02:01:38.1533333,2026-05-18 02:01:38.1533333
212,87295,MA000002,22508,16.4,Junior employees,Call centre principal customer contact specialist,Under 16 years,7,87283,87301,2025-07-01 00:00:00.0000000,NULL,6,2025-06-03 01:33:25.0000000,2025,2026-05-18 02:01:38.2066667,2026-05-18 02:01:38.2066667
213,87248,MA000002,22508,16.4,Junior employees,Level 1—Year 3,17 years,3,87230,87255,2025-07-01 00:00:00.0000000,NULL,6,2025-06-03 01:33:24.0000000,2025,2026-05-18 02:01:38.2366667,2026-05-18 02:01:38.2366667
214,87259,MA000002,22508,16.4,Junior employees,NULL,Level 2—Year 2,NULL,NULL,NULL,2025-07-01 00:00:00.0000000,NULL,5,2025-06-03 01:33:33.0000000,2025,2026-05-18 02:01:38.2633333,2026-05-18 02:01:38.2633333
215,87353,MA000002,22508,16.4,Junior employees,NULL,Call centre technical associate,NULL,NULL,NULL,2025-07-01 00:00:00.0000000,NULL,5,2025-06-03 01:33:25.0000000,2025,2026-05-18 02:01:38.3133333,2026-05-18 02:01:38.3133333
216,87326,MA000002,22508,16.4,Junior employees,Level 5,16 years,9,87302,87346,2025-07-01 00:00:00.0000000,NULL,6,2025-06-03 01:33:26.0000000,2025,2026-05-18 02:01:38.3400000,2026-05-18 02:01:38.3400000
217,87194,MA000003,22504,15.2,Junior rates,Fast food employee level 3—in charge of 2 or more people,17 years,4,87227,NULL,2025-07-01 00:00:00.0000000,NULL,10,2025-06-03 01:34:25.0000000,2025,2026-05-18 02:01:38.3933333,2026-05-18 02:01:38.3933333
218,87191,MA000003,22504,15.2,Junior rates,NULL,Fast food level 3—in charge of 2 or more people,NULL,NULL,NULL,2025-07-01 00:00:00.0000000,NULL,9,2025-06-03 01:34:43.0000000,2025,2026-05-18 02:01:38.4466667,2026-05-18 02:01:38.4466667
219,87180,MA000003,22504,15.2,Junior rates,NULL,Fast food level 3—in charge of one or no person,NULL,NULL,NULL,2025-07-01 00:00:00.0000000,NULL,9,2025-06-03 01:34:42.0000000,2025,2026-05-18 02:01:38.4733333,2026-05-18 02:01:38.4733333
220,87205,MA000003,22504,15.2,Junior rates,Fast food employee level 2,Under 16 years,2,87195,87225,2025-07-01 00:00:00.0000000,NULL,10,2025-06-03 01:34:25.0000000,2025,2026-05-18 02:01:38.5266667,2026-05-18 02:01:38.5266667
221,87192,MA000003,22504,15.2,Junior rates,Fast food employee level 3—in charge of 2 or more people,Under 16 years,4,87225,NULL,2025-07-01 00:00:00.0000000,NULL,10,2025-06-03 01:34:25.0000000,2025,2026-05-18 02:01:38.5733333,2026-05-18 02:01:38.5733333
222,87199,MA000003,22504,15.2,Junior rates,Fast food employee level 1,19 years,1,NULL,87209,2025-07-01 00:00:00.0000000,NULL,10,2025-06-03 01:34:25.0000000,2025,2026-05-18 02:01:38.6266667,2026-05-18 02:01:38.6266667
223,110,MA000003,4,15.1,Fast Food Employees Adult rates,NULL,Fast food employee level 3—in charge of one or no person,3,109,111,2025-07-01 00:00:00.0000000,NULL,7,2025-06-03 01:34:23.0000000,2025,2026-05-18 02:01:38.6766667,2026-05-18 02:01:38.6766667
224,87204,MA000003,22504,15.2,Junior rates,Fast food employee level 2,Fast Food Level 2,NULL,NULL,NULL,2025-07-01 00:00:00.0000000,NULL,7,2025-06-03 01:34:28.0000000,2025,2026-05-18 02:01:38.7300000,2026-05-18 02:01:38.7300000
225,108,MA000003,4,15.1,Fast Food Employees Adult rates,NULL,Fast food employee level 1,1,NULL,109,2025-07-01 00:00:00.0000000,NULL,6,2025-06-03 01:34:23.0000000,2025,2026-05-18 02:01:38.7766667,2026-05-18 02:01:38.7766667
226,87222,MA000003,22504,15.2,Junior rates,Fast food employee level 3—in charge of 2 or more people,18 years,4,87231,NULL,2025-07-01 00:00:00.0000000,NULL,10,2025-06-03 01:34:25.0000000,2025,2026-05-18 02:01:38.8066667,2026-05-18 02:01:38.8066667
227,87232,MA000003,22504,15.2,Junior rates,Fast food employee level 3—in charge of one or no person,19 years,3,87209,87223,2025-07-01 00:00:00.0000000,NULL,10,2025-06-03 01:34:26.0000000,2025,2026-05-18 02:01:38.8333333,2026-05-18 02:01:38.8333333
228,87197,MA000003,22504,15.2,Junior rates,Fast food employee level 1,17 years,1,NULL,87207,2025-07-01 00:00:00.0000000,NULL,10,2025-06-03 01:34:25.0000000,2025,2026-05-18 02:01:38.8600000,2026-05-18 02:01:38.8600000
229,87198,MA000003,22504,15.2,Junior rates,Fast food employee level 1,18 years,1,NULL,87208,2025-07-01 00:00:00.0000000,NULL,10,2025-06-03 01:34:25.0000000,2025,2026-05-18 02:01:38.8866667,2026-05-18 02:01:38.8866667
230,87206,MA000003,22504,15.2,Junior rates,Fast food employee level 2,16 years,2,87196,87226,2025-07-01 00:00:00.0000000,NULL,10,2025-06-03 01:34:25.0000000,2025,2026-05-18 02:01:38.9133333,2026-05-18 02:01:38.9133333
231,87195,MA000003,22504,15.2,Junior rates,Fast food employee level 1,Under 16 years,1,NULL,87205,2025-07-01 00:00:00.0000000,NULL,10,2025-06-03 01:34:25.0000000,2025,2026-05-18 02:01:38.9400000,2026-05-18 02:01:38.9400000
232,87225,MA000003,22504,15.2,Junior rates,Fast food employee level 3—in charge of one or no person,Under 16 years,3,87205,87192,2025-07-01 00:00:00.0000000,NULL,10,2025-06-03 01:34:25.0000000,2025,2026-05-18 02:01:38.9666667,2026-05-18 02:01:38.9666667
233,109,MA000003,4,15.1,Fast Food Employees Adult rates,NULL,Fast food employee level 2,2,108,110,2025-07-01 00:00:00.0000000,NULL,6,2025-06-03 01:34:23.0000000,2025,2026-05-18 02:01:38.9933333,2026-05-18 02:01:38.9933333
234,87207,MA000003,22504,15.2,Junior rates,Fast food employee level 2,17 years,2,87197,87227,2025-07-01 00:00:00.0000000,NULL,10,2025-06-03 01:34:25.0000000,2025,2026-05-18 02:01:39.0200000,2026-05-18 02:01:39.0200000
235,87164,MA000003,22504,15.2,Junior rates,Fast food employee level 1,Fast Food Level 1,NULL,NULL,NULL,2025-07-01 00:00:00.0000000,NULL,5,2025-06-03 01:34:27.0000000,2025,2026-05-18 02:01:39.0500000,2026-05-18 02:01:39.0500000
236,87208,MA000003,22504,15.2,Junior rates,Fast food employee level 2,18 years,2,87198,87231,2025-07-01 00:00:00.0000000,NULL,10,2025-06-03 01:34:25.0000000,2025,2026-05-18 02:01:39.0766667,2026-05-18 02:01:39.0766667
237,87224,MA000003,22504,15.2,Junior rates,Fast food employee level 3—in charge of 2 or more people,20 years,4,87233,NULL,2025-07-01 00:00:00.0000000,NULL,10,2025-06-03 01:34:25.0000000,2025,2026-05-18 02:01:39.1000000,2026-05-18 02:01:39.1000000
238,87233,MA000003,22504,15.2,Junior rates,Fast food employee level 3—in charge of one or no person,20 years,3,87210,87224,2025-07-01 00:00:00.0000000,NULL,10,2025-06-03 01:34:26.0000000,2025,2026-05-18 02:01:39.1300000,2026-05-18 02:01:39.1300000
239,87193,MA000003,22504,15.2,Junior rates,Fast food employee level 3—in charge of 2 or more people,16 years,4,87226,NULL,2025-07-01 00:00:00.0000000,NULL,10,2025-06-03 01:34:25.0000000,2025,2026-05-18 02:01:39.1566667,2026-05-18 02:01:39.1566667
240,87200,MA000003,22504,15.2,Junior rates,Fast food employee level 1,20 years,1,NULL,87210,2025-07-01 00:00:00.0000000,NULL,10,2025-06-03 01:34:25.0000000,2025,2026-05-18 02:01:39.1833333,2026-05-18 02:01:39.1833333
241,87196,MA000003,22504,15.2,Junior rates,Fast food employee level 1,16 years,1,NULL,87206,2025-07-01 00:00:00.0000000,NULL,10,2025-06-03 01:34:25.0000000,2025,2026-05-18 02:01:39.2100000,2026-05-18 02:01:39.2100000
242,87210,MA000003,22504,15.2,Junior rates,Fast food employee level 2,20 years,2,87200,87233,2025-07-01 00:00:00.0000000,NULL,10,2025-06-03 01:34:25.0000000,2025,2026-05-18 02:01:39.2366667,2026-05-18 02:01:39.2366667
243,87227,MA000003,22504,15.2,Junior rates,Fast food employee level 3—in charge of one or no person,17 years,3,87207,87194,2025-07-01 00:00:00.0000000,NULL,10,2025-06-03 01:34:26.0000000,2025,2026-05-18 02:01:39.2633333,2026-05-18 02:01:39.2633333
244,87209,MA000003,22504,15.2,Junior rates,Fast food employee level 2,19 years,2,87199,87232,2025-07-01 00:00:00.0000000,NULL,10,2025-06-03 01:34:25.0000000,2025,2026-05-18 02:01:39.2900000,2026-05-18 02:01:39.2900000
245,87226,MA000003,22504,15.2,Junior rates,Fast food employee level 3—in charge of one or no person,16 years,3,87206,87193,2025-07-01 00:00:00.0000000,NULL,10,2025-06-03 01:34:26.0000000,2025,2026-05-18 02:01:39.3166667,2026-05-18 02:01:39.3166667
246,87231,MA000003,22504,15.2,Junior rates,Fast food employee level 3—in charge of one or no person,18 years,3,87208,87222,2025-07-01 00:00:00.0000000,NULL,10,2025-06-03 01:34:26.0000000,2025,2026-05-18 02:01:39.3400000,2026-05-18 02:01:39.3400000
247,87223,MA000003,22504,15.2,Junior rates,Fast food employee level 3—in charge of 2 or more people,19 years,4,87232,NULL,2025-07-01 00:00:00.0000000,NULL,10,2025-06-03 01:34:25.0000000,2025,2026-05-18 02:01:39.3700000,2026-05-18 02:01:39.3700000
248,111,MA000003,4,15.1,Fast Food Employees Adult rates,NULL,Fast food employee level 3—in charge of 2 or more people,4,110,NULL,2025-07-01 00:00:00.0000000,NULL,7,2025-06-03 01:34:23.0000000,2025,2026-05-18 02:01:39.3933333,2026-05-18 02:01:39.3933333
249,88072,MA000004,22620,17.2,Junior employees - commencing on or after 1 July 2015,Retail Employee Level 2,20 years of age and employed by the employer for more than 6 months,2,88034,88079,2025-07-01 00:00:00.0000000,NULL,8,2025-06-03 01:19:18.0000000,2025,2026-05-18 02:01:39.4433333,2026-05-18 02:01:39.4433333
250,88027,MA000004,22620,17.2,Junior employees - commencing on or after 1 July 2015,NULL,Retail Employee Level 1,NULL,NULL,NULL,2025-07-01 00:00:00.0000000,NULL,5,2025-06-03 01:19:21.0000000,2025,2026-05-18 02:01:39.4966667,2026-05-18 02:01:39.4966667
251,112,MA000004,5,17.1,Retail Employees,NULL,Retail Employee Level 1,1,NULL,113,2025-07-01 00:00:00.0000000,NULL,5,2025-06-03 01:19:11.0000000,2025,2026-05-18 02:01:39.5500000,2026-05-18 02:01:39.5500000
252,88029,MA000004,22620,17.2,Junior employees - commencing on or after 1 July 2015,Retail Employee Level 1,16 years of age,1,NULL,88044,2025-07-01 00:00:00.0000000,NULL,6,2025-06-03 01:19:18.0000000,2025,2026-05-18 02:01:39.6033333,2026-05-18 02:01:39.6033333
253,88157,MA000004,22627,17.3(b),Four year apprentices who commenced on or after 1 January 2014,Completed year 12,3rd year,3,88156,88158,2025-07-01 00:00:00.0000000,NULL,5,2025-06-03 01:19:18.0000000,2025,2026-05-18 02:01:39.6566667,2026-05-18 02:01:39.6566667
254,88151,MA000004,22627,17.3(b),Four year apprentices who commenced on or after 1 January 2014,Has not completed year 12,2nd year,2,88130,88152,2025-07-01 00:00:00.0000000,NULL,5,2025-06-03 01:19:17.0000000,2025,2026-05-18 02:01:39.7133333,2026-05-18 02:01:39.7133333
255,88035,MA000004,22620,17.2,Junior employees - commencing on or after 1 July 2015,NULL,Retail Employee Level 3,NULL,NULL,NULL,2025-07-01 00:00:00.0000000,NULL,5,2025-06-03 01:19:21.0000000,2025,2026-05-18 02:01:39.7433333,2026-05-18 02:01:39.7433333
256,116,MA000004,5,17.1,Retail Employees,NULL,Retail Employee Level 5,5,115,117,2025-07-01 00:00:00.0000000,NULL,5,2025-06-03 01:19:11.0000000,2025,2026-05-18 02:01:39.7700000,2026-05-18 02:01:39.7700000
257,88033,MA000004,22620,17.2,Junior employees - commencing on or after 1 July 2015,Retail Employee Level 1,20 years of age and employed by the employer for 6 months or less,1,NULL,88071,2025-07-01 00:00:00.0000000,NULL,6,2025-06-03 01:19:18.0000000,2025,2026-05-18 02:01:39.8133333,2026-05-18 02:01:39.8133333
258,88079,MA000004,22620,17.2,Junior employees - commencing on or after 1 July 2015,Retail Employee Level 3,20 years of age and employed by the employer for more than 6 months,3,88072,NULL,2025-07-01 00:00:00.0000000,NULL,8,2025-06-03 01:19:19.0000000,2025,2026-05-18 02:01:39.8400000,2026-05-18 02:01:39.8400000
259,88074,MA000004,22620,17.2,Junior employees - commencing on or after 1 July 2015,Retail Employee Level 3,16 years of age,3,88044,NULL,2025-07-01 00:00:00.0000000,NULL,6,2025-06-03 01:19:18.0000000,2025,2026-05-18 02:01:39.8633333,2026-05-18 02:01:39.8633333
260,88078,MA000004,22620,17.2,Junior employees - commencing on or after 1 July 2015,Retail Employee Level 3,20 years of age and employed by the employer for 6 months or less,3,88071,NULL,2025-07-01 00:00:00.0000000,NULL,6,2025-06-03 01:19:19.0000000,2025,2026-05-18 02:01:39.8933333,2026-05-18 02:01:39.8933333
261,117,MA000004,5,17.1,Retail Employees,NULL,Retail Employee Level 6,6,116,118,2025-07-01 00:00:00.0000000,NULL,5,2025-06-03 01:19:11.0000000,2025,2026-05-18 02:01:39.9200000,2026-05-18 02:01:39.9200000
262,88077,MA000004,22620,17.2,Junior employees - commencing on or after 1 July 2015,Retail Employee Level 3,19 years of age,3,88070,NULL,2025-07-01 00:00:00.0000000,NULL,6,2025-06-03 01:19:19.0000000,2025,2026-05-18 02:01:39.9466667,2026-05-18 02:01:39.9466667
263,88156,MA000004,22627,17.3(b),Four year apprentices who commenced on or after 1 January 2014,Completed year 12,2nd year,2,88155,88157,2025-07-01 00:00:00.0000000,NULL,5,2025-06-03 01:19:18.0000000,2025,2026-05-18 02:01:39.9766667,2026-05-18 02:01:39.9766667
264,88161,MA000004,22629,17.4(b),Adult apprentices who commenced on or after 1 January 2014,NULL,3rd year,3,88160,88162,2025-07-01 00:00:00.0000000,NULL,7,2025-06-03 01:19:17.0000000,2025,2026-05-18 02:01:40.0266667,2026-05-18 02:01:40.0266667
265,88162,MA000004,22629,17.4(b),Adult apprentices who commenced on or after 1 January 2014,NULL,4th year (4 year apprenticeship only),4,88161,NULL,2025-07-01 00:00:00.0000000,NULL,7,2025-06-03 01:19:17.0000000,2025,2026-05-18 02:01:40.0800000,2026-05-18 02:01:40.0800000
266,119,MA000004,5,17.1,Retail Employees,NULL,Retail Employee Level 8,8,118,NULL,2025-07-01 00:00:00.0000000,NULL,5,2025-06-03 01:19:12.0000000,2025,2026-05-18 02:01:40.1100000,2026-05-18 02:01:40.1100000
267,88070,MA000004,22620,17.2,Junior employees - commencing on or after 1 July 2015,Retail Employee Level 2,19 years of age,2,88032,88077,2025-07-01 00:00:00.0000000,NULL,6,2025-06-03 01:19:18.0000000,2025,2026-05-18 02:01:40.1400000,2026-05-18 02:01:40.1400000
268,88129,MA000004,22627,17.3(b),Four year apprentices who commenced on or after 1 January 2014,NULL,Has not completed year 12,NULL,NULL,NULL,2025-07-01 00:00:00.0000000,NULL,5,2025-06-03 01:19:19.0000000,2025,2026-05-18 02:01:40.1900000,2026-05-18 02:01:40.1900000
269,88028,MA000004,22620,17.2,Junior employees - commencing on or after 1 July 2015,Retail Employee Level 1,Under 16 years of age,1,NULL,90262,2025-07-01 00:00:00.0000000,NULL,7,2025-06-03 01:19:18.0000000,2025,2026-05-18 02:01:40.2433333,2026-05-18 02:01:40.2433333
270,88071,MA000004,22620,17.2,Junior employees - commencing on or after 1 July 2015,Retail Employee Level 2,20 years of age and employed by the employer for 6 months or less,2,88033,88078,2025-07-01 00:00:00.0000000,NULL,6,2025-06-03 01:19:18.0000000,2025,2026-05-18 02:01:40.2733333,2026-05-18 02:01:40.2733333
271,88124,MA000004,22626,17.3(a),Junior apprentice who began apprenticeship before 1 January 2014,NULL,1st year,1,NULL,88125,2025-07-01 00:00:00.0000000,NULL,5,2025-06-03 01:19:17.0000000,2025,2026-05-18 02:01:40.3233333,2026-05-18 02:01:40.3233333
272,113,MA000004,5,17.1,Retail Employees,NULL,Retail Employee Level 2,2,112,114,2025-07-01 00:00:00.0000000,NULL,5,2025-06-03 01:19:11.0000000,2025,2026-05-18 02:01:40.3533333,2026-05-18 02:01:40.3533333
273,88031,MA000004,22620,17.2,Junior employees - commencing on or after 1 July 2015,Retail Employee Level 1,18 years of age,1,NULL,88046,2025-07-01 00:00:00.0000000,NULL,6,2025-06-03 01:19:18.0000000,2025,2026-05-18 02:01:40.3800000,2026-05-18 02:01:40.3800000
274,90262,MA000004,22620,17.2,Junior employees - commencing on or after 1 July 2015,Retail Employee Level 2,Under 16 years of age,2,88028,88073,2025-07-01 00:00:00.0000000,NULL,7,2025-06-03 01:19:18.0000000,2025,2026-05-18 02:01:40.4100000,2026-05-18 02:01:40.4100000
275,88034,MA000004,22620,17.2,Junior employees - commencing on or after 1 July 2015,Retail Employee Level 1,20 years of age and employed by the employer for more than 6 months,1,NULL,88072,2025-07-01 00:00:00.0000000,NULL,8,2025-06-03 01:19:18.0000000,2025,2026-05-18 02:01:40.4366667,2026-05-18 02:01:40.4366667
276,88046,MA000004,22620,17.2,Junior employees - commencing on or after 1 July 2015,Retail Employee Level 2,18 years of age,2,88031,88076,2025-07-01 00:00:00.0000000,NULL,6,2025-06-03 01:19:18.0000000,2025,2026-05-18 02:01:40.4633333,2026-05-18 02:01:40.4633333
277,88125,MA000004,22626,17.3(a),Junior apprentice who began apprenticeship before 1 January 2014,NULL,2nd year,2,88124,88123,2025-07-01 00:00:00.0000000,NULL,5,2025-06-03 01:19:17.0000000,2025,2026-05-18 02:01:40.4933333,2026-05-18 02:01:40.4933333
278,118,MA000004,5,17.1,Retail Employees,NULL,Retail Employee Level 7,7,117,119,2025-07-01 00:00:00.0000000,NULL,5,2025-06-03 01:19:12.0000000,2025,2026-05-18 02:01:40.5200000,2026-05-18 02:01:40.5200000
279,88126,MA000004,22626,17.3(a),Junior apprentice who began apprenticeship before 1 January 2014,NULL,4th year (4 year apprenticeship only),4,88123,NULL,2025-07-01 00:00:00.0000000,NULL,5,2025-06-03 01:19:17.0000000,2025,2026-05-18 02:01:40.5733333,2026-05-18 02:01:40.5733333
280,88073,MA000004,22620,17.2,Junior employees - commencing on or after 1 July 2015,Retail Employee Level 3,Under 16 years of age,3,90262,NULL,2025-07-01 00:00:00.0000000,NULL,7,2025-06-03 01:19:18.0000000,2025,2026-05-18 02:01:40.6033333,2026-05-18 02:01:40.6033333
281,88160,MA000004,22629,17.4(b),Adult apprentices who commenced on or after 1 January 2014,NULL,2nd year,2,88159,88161,2025-07-01 00:00:00.0000000,NULL,6,2025-06-03 01:19:17.0000000,2025,2026-05-18 02:01:40.6300000,2026-05-18 02:01:40.6300000
282,88045,MA000004,22620,17.2,Junior employees - commencing on or after 1 July 2015,Retail Employee Level 2,17 years of age,2,88030,88075,2025-07-01 00:00:00.0000000,NULL,6,2025-06-03 01:19:18.0000000,2025,2026-05-18 02:01:40.6600000,2026-05-18 02:01:40.6600000
283,115,MA000004,5,17.1,Retail Employees,NULL,Retail Employee Level 4,4,114,116,2025-07-01 00:00:00.0000000,NULL,5,2025-06-03 01:19:11.0000000,2025,2026-05-18 02:01:40.6866667,2026-05-18 02:01:40.6866667
284,88130,MA000004,22627,17.3(b),Four year apprentices who commenced on or after 1 January 2014,Has not completed year 12,1st year,1,NULL,88151,2025-07-01 00:00:00.0000000,NULL,5,2025-06-03 01:19:17.0000000,2025,2026-05-18 02:01:40.7133333,2026-05-18 02:01:40.7133333
285,88159,MA000004,22629,17.4(b),Adult apprentices who commenced on or after 1 January 2014,NULL,1st year,1,NULL,88160,2025-07-01 00:00:00.0000000,NULL,6,2025-06-03 01:19:17.0000000,2025,2026-05-18 02:01:40.7400000,2026-05-18 02:01:40.7400000
286,88158,MA000004,22627,17.3(b),Four year apprentices who commenced on or after 1 January 2014,Completed year 12,4th year (4 year apprenticeship only),4,88157,NULL,2025-07-01 00:00:00.0000000,NULL,5,2025-06-03 01:19:18.0000000,2025,2026-05-18 02:01:40.7933333,2026-05-18 02:01:40.7933333
287,114,MA000004,5,17.1,Retail Employees,NULL,Retail Employee Level 3,3,113,115,2025-07-01 00:00:00.0000000,NULL,5,2025-06-03 01:19:11.0000000,2025,2026-05-18 02:01:40.8200000,2026-05-18 02:01:40.8200000
288,88152,MA000004,22627,17.3(b),Four year apprentices who commenced on or after 1 January 2014,Has not completed year 12,3rd year,3,88151,88153,2025-07-01 00:00:00.0000000,NULL,5,2025-06-03 01:19:17.0000000,2025,2026-05-18 02:01:40.8466667,2026-05-18 02:01:40.8466667
289,88032,MA000004,22620,17.2,Junior employees - commencing on or after 1 July 2015,Retail Employee Level 1,19 years of age,1,NULL,88070,2025-07-01 00:00:00.0000000,NULL,6,2025-06-03 01:19:18.0000000,2025,2026-05-18 02:01:40.8766667,2026-05-18 02:01:40.8766667
290,88153,MA000004,22627,17.3(b),Four year apprentices who commenced on or after 1 January 2014,Has not completed year 12,4th year (4 year apprenticeship only),4,88152,NULL,2025-07-01 00:00:00.0000000,NULL,5,2025-06-03 01:19:17.0000000,2025,2026-05-18 02:01:40.9266667,2026-05-18 02:01:40.9266667
291,88096,MA000004,22620,17.2,Junior employees - commencing on or after 1 July 2015,NULL,Retail Employee Level 2,NULL,NULL,NULL,2025-07-01 00:00:00.0000000,NULL,5,2025-06-03 01:19:21.0000000,2025,2026-05-18 02:01:40.9533333,2026-05-18 02:01:40.9533333
292,88076,MA000004,22620,17.2,Junior employees - commencing on or after 1 July 2015,Retail Employee Level 3,18 years of age,3,88046,NULL,2025-07-01 00:00:00.0000000,NULL,6,2025-06-03 01:19:19.0000000,2025,2026-05-18 02:01:40.9833333,2026-05-18 02:01:40.9833333
293,88044,MA000004,22620,17.2,Junior employees - commencing on or after 1 July 2015,Retail Employee Level 2,16 years of age,2,88029,88074,2025-07-01 00:00:00.0000000,NULL,6,2025-06-03 01:19:18.0000000,2025,2026-05-18 02:01:41.0100000,2026-05-18 02:01:41.0100000
294,88075,MA000004,22620,17.2,Junior employees - commencing on or after 1 July 2015,Retail Employee Level 3,17 years of age,3,88045,NULL,2025-07-01 00:00:00.0000000,NULL,6,2025-06-03 01:19:18.0000000,2025,2026-05-18 02:01:41.0366667,2026-05-18 02:01:41.0366667
295,88154,MA000004,22627,17.3(b),Four year apprentices who commenced on or after 1 January 2014,NULL,Completed year 12,NULL,NULL,NULL,2025-07-01 00:00:00.0000000,NULL,5,2025-06-03 01:19:21.0000000,2025,2026-05-18 02:01:41.0866667,2026-05-18 02:01:41.0866667
296,88030,MA000004,22620,17.2,Junior employees - commencing on or after 1 July 2015,Retail Employee Level 1,17 years of age,1,NULL,88045,2025-07-01 00:00:00.0000000,NULL,6,2025-06-03 01:19:18.0000000,2025,2026-05-18 02:01:41.1166667,2026-05-18 02:01:41.1166667
297,88155,MA000004,22627,17.3(b),Four year apprentices who commenced on or after 1 January 2014,Completed year 12,1st year,1,NULL,88156,2025-07-01 00:00:00.0000000,NULL,5,2025-06-03 01:19:17.0000000,2025,2026-05-18 02:01:41.1466667,2026-05-18 02:01:41.1466667
298,88123,MA000004,22626,17.3(a),Junior apprentice who began apprenticeship before 1 January 2014,NULL,3rd year,3,88125,88126,2025-07-01 00:00:00.0000000,NULL,5,2025-06-03 01:19:17.0000000,2025,2026-05-18 02:01:41.1700000,2026-05-18 02:01:41.1700000
299,87589,MA000005,22540,18.6,Trainees and graduates,Hairdressing,Full-time trainee—less than 1000 hours of full-time accredited training - 55%,1,NULL,87591,2025-07-01 00:00:00.0000000,NULL,9,2025-06-03 01:36:23.0000000,2025,2026-05-18 02:01:41.2200000,2026-05-18 02:01:41.2200000
300,87498,MA000005,22531,17.2,Junior employees,Level 2,Under 17 years,2,87485,87502,2025-07-01 00:00:00.0000000,NULL,9,2025-06-03 01:36:23.0000000,2025,2026-05-18 02:01:41.2500000,2026-05-18 02:01:41.2500000
301,142300,MA000005,36278,18.2(b),Beauty therapy apprentices commencing on or after 1 January 2014—has completed Year 12,NULL,Have completed year 12,NULL,NULL,NULL,2025-07-01 00:00:00.0000000,NULL,4,2025-06-03 01:36:24.0000000,2025,2026-05-18 02:01:41.3000000,2026-05-18 02:01:41.3000000
302,87512,MA000005,22536,18.1(a),Hairdressing apprentices commencing on or after 1 January 2014—has not completed Year 12,Has not completed Year 12,4th year (if applicable)—90%,4,87511,NULL,2025-07-01 00:00:00.0000000,NULL,8,2025-06-03 01:36:24.0000000,2025,2026-05-18 02:01:41.3533333,2026-05-18 02:01:41.3533333
303,142290,MA000005,36277,18.1(b),Hairdressing apprentices commencing on or after 1 January 2014—has completed Year 12,Has completed Year 12,2nd year—65%,2,142289,142291,2025-07-01 00:00:00.0000000,NULL,10,2025-06-03 01:36:24.0000000,2025,2026-05-18 02:01:41.3933333,2026-05-18 02:01:41.3933333
304,142321,MA000005,22531,17.2,Junior employees,Level 4,Under 17 years,4,87502,142323,2025-07-01 00:00:00.0000000,NULL,7,2025-06-03 01:36:25.0000000,2025,2026-05-18 02:01:41.4233333,2026-05-18 02:01:41.4233333
305,87509,MA000005,22536,18.1(a),Hairdressing apprentices commencing on or after 1 January 2014—has not completed Year 12,Has not completed Year 12,1st year—50%,1,NULL,87510,2025-07-01 00:00:00.0000000,NULL,8,2025-06-03 01:36:23.0000000,2025,2026-05-18 02:01:41.4733333,2026-05-18 02:01:41.4733333
306,92435,MA000005,23482,18.2(a),Beauty therapy apprentices commencing on or after 1 January 2014—has not completed Year 12,Has not completed Year 12,3rd year—80%,3,92434,92436,2025-07-01 00:00:00.0000000,NULL,8,2025-06-03 01:36:23.0000000,2025,2026-05-18 02:01:41.5266667,2026-05-18 02:01:41.5266667
307,142289,MA000005,36277,18.1(b),Hairdressing apprentices commencing on or after 1 January 2014—has completed Year 12,Has completed Year 12,1st year—55%,1,NULL,142290,2025-07-01 00:00:00.0000000,NULL,10,2025-06-03 01:36:24.0000000,2025,2026-05-18 02:01:41.5566667,2026-05-18 02:01:41.5566667
308,142324,MA000005,22531,17.2,Junior employees,Level 5,17 years,5,142322,142326,2025-07-01 00:00:00.0000000,NULL,6,2025-06-03 01:36:25.0000000,2025,2026-05-18 02:01:41.5833333,2026-05-18 02:01:41.5833333
309,121,MA000005,6,17.1,Hair and Beauty Employees,NULL,Hair and beauty employee level 2,2,120,122,2025-07-01 00:00:00.0000000,NULL,6,2025-06-03 01:36:20.0000000,2025,2026-05-18 02:01:41.6366667,2026-05-18 02:01:41.6366667
310,92436,MA000005,23482,18.2(a),Beauty therapy apprentices commencing on or after 1 January 2014—has not completed Year 12,Has not completed Year 12,4th year (if applicable)—90%,4,92435,NULL,2025-07-01 00:00:00.0000000,NULL,8,2025-06-03 01:36:23.0000000,2025,2026-05-18 02:01:41.6900000,2026-05-18 02:01:41.6900000
311,142291,MA000005,36277,18.1(b),Hairdressing apprentices commencing on or after 1 January 2014—has completed Year 12,Has completed Year 12,3rd year—77%,3,142290,142292,2025-07-01 00:00:00.0000000,NULL,10,2025-06-03 01:36:24.0000000,2025,2026-05-18 02:01:41.7166667,2026-05-18 02:01:41.7166667
312,142292,MA000005,36277,18.1(b),Hairdressing apprentices commencing on or after 1 January 2014—has completed Year 12,Has completed Year 12,4th year (if applicable)—90%,4,142291,NULL,2025-07-01 00:00:00.0000000,NULL,10,2025-06-03 01:36:24.0000000,2025,2026-05-18 02:01:41.7700000,2026-05-18 02:01:41.7700000
313,87501,MA000005,22531,17.2,Junior employees,NULL,Level 3,NULL,NULL,NULL,2025-07-01 00:00:00.0000000,NULL,8,2025-06-03 01:36:23.0000000,2025,2026-05-18 02:01:41.8000000,2026-05-18 02:01:41.8000000
314,142318,MA000005,22531,17.2,Junior employees,NULL,Level 4,NULL,NULL,NULL,2025-07-01 00:00:00.0000000,NULL,6,2025-06-03 01:36:24.0000000,2025,2026-05-18 02:01:41.8300000,2026-05-18 02:01:41.8300000
315,87588,MA000005,22540,18.6,Trainees and graduates,Hairdressing,Hairdressing,NULL,NULL,NULL,2025-07-01 00:00:00.0000000,NULL,7,2025-06-03 01:36:23.0000000,2025,2026-05-18 02:01:41.8800000,2026-05-18 02:01:41.8800000
316,87580,MA000005,22539,18.3(a),Pre-apprentices commencing on or after 1 January 2014—has not completed Year 12,Has not completed Year 12,Next 12 months—77%,4,87579,NULL,2025-07-01 00:00:00.0000000,NULL,8,2025-06-03 01:36:23.0000000,2025,2026-05-18 02:01:41.9300000,2026-05-18 02:01:41.9300000
317,142320,MA000005,22531,17.2,Junior employees,NULL,Level 6,NULL,NULL,NULL,2025-07-01 00:00:00.0000000,NULL,6,2025-06-03 01:36:24.0000000,2025,2026-05-18 02:01:41.9566667,2026-05-18 02:01:41.9566667
318,92432,MA000005,23482,18.2(a),Beauty therapy apprentices commencing on or after 1 January 2014—has not completed Year 12,NULL,Have not completed year 12,NULL,NULL,NULL,2025-07-01 00:00:00.0000000,NULL,7,2025-06-03 01:36:22.0000000,2025,2026-05-18 02:01:42.0100000,2026-05-18 02:01:42.0100000
319,87576,MA000005,22539,18.3(a),Pre-apprentices commencing on or after 1 January 2014—has not completed Year 12,NULL,Have not completed year 12,NULL,NULL,NULL,2025-07-01 00:00:00.0000000,NULL,6,2025-06-03 01:36:22.0000000,2025,2026-05-18 02:01:42.0600000,2026-05-18 02:01:42.0600000
320,142310,MA000005,36279,18.3(b),Pre-apprentices commencing on or after 1 January 2014—has completed Year 12,Has completed Year 12,Next 12 months—77%,4,142309,NULL,2025-07-01 00:00:00.0000000,NULL,6,2025-06-03 01:36:25.0000000,2025,2026-05-18 02:01:42.1000000,2026-05-18 02:01:42.1000000
321,142301,MA000005,36278,18.2(b),Beauty therapy apprentices commencing on or after 1 January 2014—has completed Year 12,Has completed Year 12,1st year—55%,1,NULL,142302,2025-07-01 00:00:00.0000000,NULL,7,2025-06-03 01:36:24.0000000,2025,2026-05-18 02:01:42.1433333,2026-05-18 02:01:42.1433333
322,142323,MA000005,22531,17.2,Junior employees,Level 5,Under 17 years,5,142321,142325,2025-07-01 00:00:00.0000000,NULL,7,2025-06-03 01:36:25.0000000,2025,2026-05-18 02:01:42.1733333,2026-05-18 02:01:42.1733333
323,87507,MA000005,22536,18.1(a),Hairdressing apprentices commencing on or after 1 January 2014—has not completed Year 12,NULL,Have not completed year 12,NULL,NULL,NULL,2025-07-01 00:00:00.0000000,NULL,7,2025-06-03 01:36:24.0000000,2025,2026-05-18 02:01:42.2233333,2026-05-18 02:01:42.2233333
324,142288,MA000005,36277,18.1(b),Hairdressing apprentices commencing on or after 1 January 2014—has completed Year 12,NULL,Have completed year 12,NULL,NULL,NULL,2025-07-01 00:00:00.0000000,NULL,6,2025-06-03 01:36:24.0000000,2025,2026-05-18 02:01:42.2733333,2026-05-18 02:01:42.2733333
325,87485,MA000005,22531,17.2,Junior employees,Level 1,Under 17 years,1,NULL,87498,2025-07-01 00:00:00.0000000,NULL,8,2025-06-03 01:36:23.0000000,2025,2026-05-18 02:01:42.3000000,2026-05-18 02:01:42.3000000
326,142309,MA000005,36279,18.3(b),Pre-apprentices commencing on or after 1 January 2014—has completed Year 12,Has completed Year 12,Next 6 months—65%,3,142308,142310,2025-07-01 00:00:00.0000000,NULL,7,2025-06-03 01:36:24.0000000,2025,2026-05-18 02:01:42.3266667,2026-05-18 02:01:42.3266667
327,142313,MA000005,22540,18.6,Trainees and graduates,Beauty therapy,Beauty therapy,NULL,NULL,NULL,2025-07-01 00:00:00.0000000,NULL,4,2025-06-03 01:36:23.0000000,2025,2026-05-18 02:01:42.3500000,2026-05-18 02:01:42.3500000
328,142307,MA000005,36279,18.3(b),Pre-apprentices commencing on or after 1 January 2014—has completed Year 12,Has completed Year 12,1st 6 months—55%,1,NULL,142308,2025-07-01 00:00:00.0000000,NULL,7,2025-06-03 01:36:24.0000000,2025,2026-05-18 02:01:42.3766667,2026-05-18 02:01:42.3766667
329,142322,MA000005,22531,17.2,Junior employees,Level 4,17 years,4,87503,142324,2025-07-01 00:00:00.0000000,NULL,6,2025-06-03 01:36:25.0000000,2025,2026-05-18 02:01:42.3900000,2026-05-18 02:01:42.3900000
330,142302,MA000005,36278,18.2(b),Beauty therapy apprentices commencing on or after 1 January 2014—has completed Year 12,Has completed Year 12,2nd year—65%,2,142301,142303,2025-07-01 00:00:00.0000000,NULL,8,2025-06-03 01:36:24.0000000,2025,2026-05-18 02:01:42.4033333,2026-05-18 02:01:42.4033333
331,87477,MA000005,22531,17.2,Junior employees,NULL,Level 1,NULL,NULL,NULL,2025-07-01 00:00:00.0000000,NULL,7,2025-06-03 01:36:24.0000000,2025,2026-05-18 02:01:42.4200000,2026-05-18 02:01:42.4200000
332,142326,MA000005,22531,17.2,Junior employees,Level 6,17 years,6,142324,NULL,2025-07-01 00:00:00.0000000,NULL,7,2025-06-03 01:36:25.0000000,2025,2026-05-18 02:01:42.4333333,2026-05-18 02:01:42.4333333
333,120,MA000005,6,17.1,Hair and Beauty Employees,NULL,Hair and beauty employee level 1,1,NULL,121,2025-07-01 00:00:00.0000000,NULL,6,2025-06-03 01:36:20.0000000,2025,2026-05-18 02:01:42.4500000,2026-05-18 02:01:42.4500000
334,92433,MA000005,23482,18.2(a),Beauty therapy apprentices commencing on or after 1 January 2014—has not completed Year 12,Has not completed Year 12,1st year—50%,1,NULL,92434,2025-07-01 00:00:00.0000000,NULL,8,2025-06-03 01:36:23.0000000,2025,2026-05-18 02:01:42.4666667,2026-05-18 02:01:42.4666667
335,142308,MA000005,36279,18.3(b),Pre-apprentices commencing on or after 1 January 2014—has completed Year 12,Has completed Year 12,Next 6 months—55%,2,142307,142309,2025-07-01 00:00:00.0000000,NULL,7,2025-06-03 01:36:24.0000000,2025,2026-05-18 02:01:42.4900000,2026-05-18 02:01:42.4900000
336,87486,MA000005,22531,17.2,Junior employees,Level 1,17 years,1,NULL,87499,2025-07-01 00:00:00.0000000,NULL,7,2025-06-03 01:36:23.0000000,2025,2026-05-18 02:01:42.5133333,2026-05-18 02:01:42.5133333
337,87503,MA000005,22531,17.2,Junior employees,Level 3,17 years,3,87499,142322,2025-07-01 00:00:00.0000000,NULL,9,2025-06-03 01:36:23.0000000,2025,2026-05-18 02:01:42.5366667,2026-05-18 02:01:42.5366667
338,142306,MA000005,36279,18.3(b),Pre-apprentices commencing on or after 1 January 2014—has completed Year 12,Has completed Year 12,Have completed year 12,NULL,NULL,NULL,2025-07-01 00:00:00.0000000,NULL,3,2025-06-03 01:36:24.0000000,2025,2026-05-18 02:01:42.5800000,2026-05-18 02:01:42.5800000
339,87592,MA000005,22540,18.6,Trainees and graduates,Hairdressing,Full-time graduate—first 12 months - 92.5%,3,87591,NULL,2025-07-01 00:00:00.0000000,NULL,7,2025-06-03 01:36:23.0000000,2025,2026-05-18 02:01:42.6333333,2026-05-18 02:01:42.6333333
340,87499,MA000005,22531,17.2,Junior employees,Level 2,17 years,2,87486,87503,2025-07-01 00:00:00.0000000,NULL,8,2025-06-03 01:36:23.0000000,2025,2026-05-18 02:01:42.6633333,2026-05-18 02:01:42.6633333
341,87510,MA000005,22536,18.1(a),Hairdressing apprentices commencing on or after 1 January 2014—has not completed Year 12,Has not completed Year 12,2nd year—60%,2,87509,87511,2025-07-01 00:00:00.0000000,NULL,8,2025-06-03 01:36:23.0000000,2025,2026-05-18 02:01:42.6900000,2026-05-18 02:01:42.6900000
342,125,MA000005,6,17.1,Hair and Beauty Employees,NULL,Hair and beauty employee level 6,6,124,NULL,2025-07-01 00:00:00.0000000,NULL,6,2025-06-03 01:36:21.0000000,2025,2026-05-18 02:01:42.7166667,2026-05-18 02:01:42.7166667
343,87577,MA000005,22539,18.3(a),Pre-apprentices commencing on or after 1 January 2014—has not completed Year 12,Has not completed Year 12,1st 6 months—50%,1,NULL,87578,2025-07-01 00:00:00.0000000,NULL,9,2025-06-03 01:36:23.0000000,2025,2026-05-18 02:01:42.7700000,2026-05-18 02:01:42.7700000
344,87511,MA000005,22536,18.1(a),Hairdressing apprentices commencing on or after 1 January 2014—has not completed Year 12,Has not completed Year 12,3rd year—77%,3,87510,87512,2025-07-01 00:00:00.0000000,NULL,8,2025-06-03 01:36:24.0000000,2025,2026-05-18 02:01:42.8000000,2026-05-18 02:01:42.8000000
345,142319,MA000005,22531,17.2,Junior employees,NULL,Level 5,NULL,NULL,NULL,2025-07-01 00:00:00.0000000,NULL,6,2025-06-03 01:36:24.0000000,2025,2026-05-18 02:01:42.8266667,2026-05-18 02:01:42.8266667
346,123,MA000005,6,17.1,Hair and Beauty Employees,NULL,Hair and beauty employee level 4,4,122,124,2025-07-01 00:00:00.0000000,NULL,6,2025-06-03 01:36:20.0000000,2025,2026-05-18 02:01:42.8533333,2026-05-18 02:01:42.8533333
347,87578,MA000005,22539,18.3(a),Pre-apprentices commencing on or after 1 January 2014—has not completed Year 12,Has not completed Year 12,Next 6 months—55%,2,87577,87579,2025-07-01 00:00:00.0000000,NULL,8,2025-06-03 01:36:23.0000000,2025,2026-05-18 02:01:42.9033333,2026-05-18 02:01:42.9033333
348,87494,MA000005,22531,17.2,Junior employees,NULL,Level 2,NULL,NULL,NULL,2025-07-01 00:00:00.0000000,NULL,8,2025-06-03 01:36:23.0000000,2025,2026-05-18 02:01:42.9300000,2026-05-18 02:01:42.9300000
349,142325,MA000005,22531,17.2,Junior employees,Level 6,Under 17 years,6,142323,NULL,2025-07-01 00:00:00.0000000,NULL,8,2025-06-03 01:36:25.0000000,2025,2026-05-18 02:01:42.9600000,2026-05-18 02:01:42.9600000
350,92434,MA000005,23482,18.2(a),Beauty therapy apprentices commencing on or after 1 January 2014—has not completed Year 12,Has not completed Year 12,2nd year—60%,2,92433,92435,2025-07-01 00:00:00.0000000,NULL,8,2025-06-03 01:36:23.0000000,2025,2026-05-18 02:01:42.9833333,2026-05-18 02:01:42.9833333
351,87502,MA000005,22531,17.2,Junior employees,Level 3,Under 17 years,3,87498,142321,2025-07-01 00:00:00.0000000,NULL,10,2025-06-03 01:36:23.0000000,2025,2026-05-18 02:01:43.0100000,2026-05-18 02:01:43.0100000
352,142314,MA000005,22540,18.6,Trainees and graduates,Beauty therapy,Full-time graduate—first 12 months - 92.5%,1,NULL,NULL,2025-07-01 00:00:00.0000000,NULL,8,2025-06-03 01:36:25.0000000,2025,2026-05-18 02:01:43.0633333,2026-05-18 02:01:43.0633333
353,122,MA000005,6,17.1,Hair and Beauty Employees,NULL,Hair and beauty employee level 3,3,121,123,2025-07-01 00:00:00.0000000,NULL,6,2025-06-03 01:36:20.0000000,2025,2026-05-18 02:01:43.0933333,2026-05-18 02:01:43.0933333
354,87591,MA000005,22540,18.6,Trainees and graduates,Hairdressing,Full-time trainee—at least 1000 hours but less than 2000 hours of full-time accredited training - 75%,2,87589,87592,2025-07-01 00:00:00.0000000,NULL,8,2025-06-03 01:36:23.0000000,2025,2026-05-18 02:01:43.1400000,2026-05-18 02:01:43.1400000
355,124,MA000005,6,17.1,Hair and Beauty Employees,NULL,Hair and beauty employee level 5,5,123,125,2025-07-01 00:00:00.0000000,NULL,6,2025-06-03 01:36:21.0000000,2025,2026-05-18 02:01:43.1700000,2026-05-18 02:01:43.1700000
356,142304,MA000005,36278,18.2(b),Beauty therapy apprentices commencing on or after 1 January 2014—has completed Year 12,Has completed Year 12,4th year (if applicable)—90%,4,142303,NULL,2025-07-01 00:00:00.0000000,NULL,8,2025-06-03 01:36:24.0000000,2025,2026-05-18 02:01:43.2200000,2026-05-18 02:01:43.2200000
357,87579,MA000005,22539,18.3(a),Pre-apprentices commencing on or after 1 January 2014—has not completed Year 12,Has not completed Year 12,Next 6 months—60%,3,87578,87580,2025-07-01 00:00:00.0000000,NULL,8,2025-06-03 01:36:23.0000000,2025,2026-05-18 02:01:43.2533333,2026-05-18 02:01:43.2533333
358,142303,MA000005,36278,18.2(b),Beauty therapy apprentices commencing on or after 1 January 2014—has completed Year 12,Has completed Year 12,3rd year—80%,3,142302,142304,2025-07-01 00:00:00.0000000,NULL,8,2025-06-03 01:36:24.0000000,2025,2026-05-18 02:01:43.2800000,2026-05-18 02:01:43.2800000
359,160,MA000006,8,16.4(a),Casual academics,NULL,Specialised lecture (1 hour of delivery and 4 hours associated working time),3,159,NULL,2025-07-01 00:00:00.0000000,NULL,6,2025-06-03 01:33:56.0000000,2025,2026-05-18 02:01:43.3300000,2026-05-18 02:01:43.3300000
360,127,MA000006,7,16.1,Academic staff,Level A,1,1,NULL,128,2025-07-01 00:00:00.0000000,NULL,5,2025-06-03 01:34:00.0000000,2025,2026-05-18 02:01:43.3833333,2026-05-18 02:01:43.3833333
361,87406,MA000006,7,16.1,Academic staff,Level C,4,4,139,87407,2025-07-01 00:00:00.0000000,NULL,5,2025-06-03 01:34:00.0000000,2025,2026-05-18 02:01:43.4100000,2026-05-18 02:01:43.4100000
362,87558,MA000006,22538,16.1*_OrdHrRate - Pre-clinical Dept or medical or dental school,Medically or Dentally Qualified - Pre-clinical department in a medical school or a medical school or dental school in the teaching of medical or dental students,NULL,Level B,NULL,NULL,NULL,2025-07-01 00:00:00.0000000,NULL,6,2025-06-03 01:34:09.0000000,2025,2026-05-18 02:01:43.4633333,2026-05-18 02:01:43.4633333
363,87497,MA000006,22532,16.1*_OrdHrRate - Para-clinical Dept,Medically qualified - Para-clinical department in a medical school,Level B,2,2,87496,87518,2025-07-01 00:00:00.0000000,NULL,5,2025-06-03 01:34:04.0000000,2025,2026-05-18 02:01:43.4966667,2026-05-18 02:01:43.4966667
364,163,MA000006,8,16.4(a),Casual academics,NULL,Tutorial (1 hour of delivery and 2 hours associated working time),1,NULL,165,2025-07-01 00:00:00.0000000,NULL,6,2025-06-03 01:33:56.0000000,2025,2026-05-18 02:01:43.5333333,2026-05-18 02:01:43.5333333
365,129,MA000006,7,16.1,Academic staff,Level A,3,3,128,130,2025-07-01 00:00:00.0000000,NULL,5,2025-06-03 01:33:58.0000000,2025,2026-05-18 02:01:43.5600000,2026-05-18 02:01:43.5600000
366,87526,MA000006,22532,16.1*_OrdHrRate - Para-clinical Dept,Medically qualified - Para-clinical department in a medical school,Level B,5,5,87524,87531,2025-07-01 00:00:00.0000000,NULL,5,2025-06-03 01:34:04.0000000,2025,2026-05-18 02:01:43.5866667,2026-05-18 02:01:43.5866667
367,179,MA000006,8,16.4(a),Casual academics,NULL,"Marking as a supervising examiner, or marking requiring a significant exercise of academic judgment appropriate to an academic at level B status",3,178,NULL,2025-07-01 00:00:00.0000000,NULL,6,2025-06-03 01:33:56.0000000,2025,2026-05-18 02:01:43.6400000,2026-05-18 02:01:43.6400000
368,87464,MA000006,22445,16.1*_OrdHrRate - Full Clinical Dept,Medically qualified - Full clinical department in a medical school and responsible for patient care,Level C,6,6,87463,NULL,2025-07-01 00:00:00.0000000,NULL,5,2025-06-03 01:34:04.0000000,2025,2026-05-18 02:01:43.6900000,2026-05-18 02:01:43.6900000
369,87441,MA000006,22445,16.1*_OrdHrRate - Full Clinical Dept,Medically qualified - Full clinical department in a medical school and responsible for patient care,Level B,1,1,NULL,87442,2025-07-01 00:00:00.0000000,NULL,5,2025-06-03 01:34:03.0000000,2025,2026-05-18 02:01:43.7233333,2026-05-18 02:01:43.7233333
370,87414,MA000006,7,16.1,Academic staff,Level E,Level E,1,NULL,NULL,2025-07-01 00:00:00.0000000,NULL,5,2025-06-03 01:34:00.0000000,2025,2026-05-18 02:01:43.7700000,2026-05-18 02:01:43.7700000
371,87563,MA000006,22538,16.1*_OrdHrRate - Pre-clinical Dept or medical or dental school,Medically or Dentally Qualified - Pre-clinical department in a medical school or a medical school or dental school in the teaching of medical or dental students,Level B,5,5,87562,87564,2025-07-01 00:00:00.0000000,NULL,6,2025-06-03 01:34:03.0000000,2025,2026-05-18 02:01:43.8233333,2026-05-18 02:01:43.8233333
372,87463,MA000006,22445,16.1*_OrdHrRate - Full Clinical Dept,Medically qualified - Full clinical department in a medical school and responsible for patient care,Level C,5,5,87462,87464,2025-07-01 00:00:00.0000000,NULL,5,2025-06-03 01:34:04.0000000,2025,2026-05-18 02:01:43.8533333,2026-05-18 02:01:43.8533333
373,90496,MA000006,22538,16.1*_OrdHrRate - Pre-clinical Dept or medical or dental school,Medically or Dentally Qualified - Pre-clinical department in a medical school or a medical school or dental school in the teaching of medical or dental students,Level C,4,4,87568,87569,2025-07-01 00:00:00.0000000,NULL,6,2025-06-03 01:34:05.0000000,2025,2026-05-18 02:01:43.8766667,2026-05-18 02:01:43.8766667
374,87449,MA000006,22445,16.1*_OrdHrRate - Full Clinical Dept,Medically qualified - Full clinical department in a medical school and responsible for patient care,Level C,2,2,87448,87450,2025-07-01 00:00:00.0000000,NULL,5,2025-06-03 01:34:04.0000000,2025,2026-05-18 02:01:43.9033333,2026-05-18 02:01:43.9033333
375,178,MA000006,8,16.4(a),Casual academics,NULL,Standard marking (where academic holds a relevant doctoral qualification),2,176,179,2025-07-01 00:00:00.0000000,NULL,6,2025-06-03 01:33:56.0000000,2025,2026-05-18 02:01:43.9533333,2026-05-18 02:01:43.9533333
376,130,MA000006,7,16.1,Academic staff,Level A,4,4,129,137,2025-07-01 00:00:00.0000000,NULL,5,2025-06-03 01:33:58.0000000,2025,2026-05-18 02:01:44.0066667,2026-05-18 02:01:44.0066667
377,90465,MA000006,8,16.4(a),Casual academics,NULL,Undergraduate clinical nurse education,NULL,NULL,NULL,2025-07-01 00:00:00.0000000,NULL,5,2025-06-03 01:34:08.0000000,2025,2026-05-18 02:01:44.0600000,2026-05-18 02:01:44.0600000
378,87539,MA000006,22532,16.1*_OrdHrRate - Para-clinical Dept,Medically qualified - Para-clinical department in a medical school,Level C,5,5,87538,87540,2025-07-01 00:00:00.0000000,NULL,5,2025-06-03 01:34:02.0000000,2025,2026-05-18 02:01:44.0933333,2026-05-18 02:01:44.0933333
379,87467,MA000006,22445,16.1*_OrdHrRate - Full Clinical Dept,Medically qualified - Full clinical department in a medical school and responsible for patient care,Level D,2,2,87466,87468,2025-07-01 00:00:00.0000000,NULL,5,2025-06-03 01:34:04.0000000,2025,2026-05-18 02:01:44.1200000,2026-05-18 02:01:44.1200000
380,166,MA000006,8,16.4(a),Casual academics,NULL,Repeat tutorial (1 hour of delivery and 1 hour associated working time) (where academic holds a relevant doctoral qualification),2,164,NULL,2025-07-01 00:00:00.0000000,NULL,6,2025-06-03 01:33:56.0000000,2025,2026-05-18 02:01:44.1666667,2026-05-18 02:01:44.1666667
381,87483,MA000006,22532,16.1*_OrdHrRate - Para-clinical Dept,Medically qualified - Para-clinical department in a medical school,NULL,Level A,NULL,NULL,NULL,2025-07-01 00:00:00.0000000,NULL,5,2025-06-03 01:34:08.0000000,2025,2026-05-18 02:01:44.2200000,2026-05-18 02:01:44.2200000
382,87448,MA000006,22445,16.1*_OrdHrRate - Full Clinical Dept,Medically qualified - Full clinical department in a medical school and responsible for patient care,Level C,1,1,NULL,87449,2025-07-01 00:00:00.0000000,NULL,5,2025-06-03 01:34:04.0000000,2025,2026-05-18 02:01:44.2533333,2026-05-18 02:01:44.2533333
383,87590,MA000006,22538,16.1*_OrdHrRate - Pre-clinical Dept or medical or dental school,Medically or Dentally Qualified - Pre-clinical department in a medical school or a medical school or dental school in the teaching of medical or dental students,Level E,Level E,1,NULL,NULL,2025-07-01 00:00:00.0000000,NULL,6,2025-06-03 01:34:03.0000000,2025,2026-05-18 02:01:44.3066667,2026-05-18 02:01:44.3066667
384,87566,MA000006,22538,16.1*_OrdHrRate - Pre-clinical Dept or medical or dental school,Medically or Dentally Qualified - Pre-clinical department in a medical school or a medical school or dental school in the teaching of medical or dental students,Level C,1,1,NULL,87567,2025-07-01 00:00:00.0000000,NULL,6,2025-06-03 01:34:03.0000000,2025,2026-05-18 02:01:44.3366667,2026-05-18 02:01:44.3366667
385,87495,MA000006,22532,16.1*_OrdHrRate - Para-clinical Dept,Medically qualified - Para-clinical department in a medical school,NULL,Level B,NULL,NULL,NULL,2025-07-01 00:00:00.0000000,NULL,5,2025-06-03 01:34:08.0000000,2025,2026-05-18 02:01:44.3633333,2026-05-18 02:01:44.3633333
386,87564,MA000006,22538,16.1*_OrdHrRate - Pre-clinical Dept or medical or dental school,Medically or Dentally Qualified - Pre-clinical department in a medical school or a medical school or dental school in the teaching of medical or dental students,Level B,6,6,87563,NULL,2025-07-01 00:00:00.0000000,NULL,6,2025-06-03 01:34:03.0000000,2025,2026-05-18 02:01:44.3900000,2026-05-18 02:01:44.3900000
387,87469,MA000006,22445,16.1*_OrdHrRate - Full Clinical Dept,Medically qualified - Full clinical department in a medical school and responsible for patient care,Level D,4,4,87468,NULL,2025-07-01 00:00:00.0000000,NULL,5,2025-06-03 01:34:04.0000000,2025,2026-05-18 02:01:44.4166667,2026-05-18 02:01:44.4166667
388,87468,MA000006,22445,16.1*_OrdHrRate - Full Clinical Dept,Medically qualified - Full clinical department in a medical school and responsible for patient care,Level D,3,3,87467,87469,2025-07-01 00:00:00.0000000,NULL,5,2025-06-03 01:34:04.0000000,2025,2026-05-18 02:01:44.4433333,2026-05-18 02:01:44.4433333
389,87537,MA000006,22532,16.1*_OrdHrRate - Para-clinical Dept,Medically qualified - Para-clinical department in a medical school,Level C,3,3,87536,87538,2025-07-01 00:00:00.0000000,NULL,5,2025-06-03 01:34:02.0000000,2025,2026-05-18 02:01:44.4733333,2026-05-18 02:01:44.4733333
390,87438,MA000006,22445,16.1*_OrdHrRate - Full Clinical Dept,Medically qualified - Full clinical department in a medical school and responsible for patient care,NULL,Level B,NULL,NULL,NULL,2025-07-01 00:00:00.0000000,NULL,5,2025-06-03 01:34:09.0000000,2025,2026-05-18 02:01:44.5233333,2026-05-18 02:01:44.5233333
391,87446,MA000006,22445,16.1*_OrdHrRate - Full Clinical Dept,Medically qualified - Full clinical department in a medical school and responsible for patient care,Level B,6,6,87445,NULL,2025-07-01 00:00:00.0000000,NULL,5,2025-06-03 01:34:04.0000000,2025,2026-05-18 02:01:44.5466667,2026-05-18 02:01:44.5466667
392,87541,MA000006,22532,16.1*_OrdHrRate - Para-clinical Dept,Medically qualified - Para-clinical department in a medical school,NULL,Level D,NULL,NULL,NULL,2025-07-01 00:00:00.0000000,NULL,5,2025-06-03 01:34:03.0000000,2025,2026-05-18 02:01:44.5633333,2026-05-18 02:01:44.5633333
393,145,MA000006,7,16.1,Academic staff,Level C,2,2,144,139,2025-07-01 00:00:00.0000000,NULL,5,2025-06-03 01:33:59.0000000,2025,2026-05-18 02:01:44.5766667,2026-05-18 02:01:44.5766667
394,171,MA000006,8,16.4(a),Casual academics,NULL,Little preparation required (1 hour of delivery and 0.5 hours associated working time),1,NULL,173,2025-07-01 00:00:00.0000000,NULL,6,2025-06-03 01:33:56.0000000,2025,2026-05-18 02:01:44.6133333,2026-05-18 02:01:44.6133333
395,87413,MA000006,7,16.1,Academic staff,Level D,4,4,87412,NULL,2025-07-01 00:00:00.0000000,NULL,5,2025-06-03 01:34:00.0000000,2025,2026-05-18 02:01:44.6400000,2026-05-18 02:01:44.6400000
396,90462,MA000006,8,16.4(a),Casual academics,NULL,Lecturing,NULL,NULL,NULL,2025-07-01 00:00:00.0000000,NULL,5,2025-06-03 01:34:08.0000000,2025,2026-05-18 02:01:44.6900000,2026-05-18 02:01:44.6900000
397,87587,MA000006,22538,16.1*_OrdHrRate - Pre-clinical Dept or medical or dental school,Medically or Dentally Qualified - Pre-clinical department in a medical school or a medical school or dental school in the teaching of medical or dental students,Level D,4,4,87586,NULL,2025-07-01 00:00:00.0000000,NULL,6,2025-06-03 01:34:03.0000000,2025,2026-05-18 02:01:44.7200000,2026-05-18 02:01:44.7200000
398,87534,MA000006,22532,16.1*_OrdHrRate - Para-clinical Dept,Medically qualified - Para-clinical department in a medical school,Level C,1,1,NULL,87536,2025-07-01 00:00:00.0000000,NULL,5,2025-06-03 01:34:02.0000000,2025,2026-05-18 02:01:44.7500000,2026-05-18 02:01:44.7500000
399,87462,MA000006,22445,16.1*_OrdHrRate - Full Clinical Dept,Medically qualified - Full clinical department in a medical school and responsible for patient care,Level C,4,4,87450,87463,2025-07-01 00:00:00.0000000,NULL,5,2025-06-03 01:34:04.0000000,2025,2026-05-18 02:01:44.7766667,2026-05-18 02:01:44.7766667
400,174,MA000006,8,16.4(a),Casual academics,NULL,Normal preparation time (1 hour of delivery and 1 hour associated working time) (where academic holds a relevant doctoral qualification),2,172,NULL,2025-07-01 00:00:00.0000000,NULL,7,2025-06-03 01:33:56.0000000,2025,2026-05-18 02:01:44.8266667,2026-05-18 02:01:44.8266667
401,87544,MA000006,22532,16.1*_OrdHrRate - Para-clinical Dept,Medically qualified - Para-clinical department in a medical school,Level D,3,3,87543,87545,2025-07-01 00:00:00.0000000,NULL,5,2025-06-03 01:34:02.0000000,2025,2026-05-18 02:01:44.8566667,2026-05-18 02:01:44.8566667
402,181,MA000006,8,16.4(a),Casual academics,NULL,If academic does not hold a relevant doctoral qualification or perform full subject coordination duties,1,NULL,90198,2025-07-01 00:00:00.0000000,NULL,6,2025-06-03 01:33:56.0000000,2025,2026-05-18 02:01:44.9100000,2026-05-18 02:01:44.9100000
403,139,MA000006,7,16.1,Academic staff,Level C,3,3,145,87406,2025-07-01 00:00:00.0000000,NULL,5,2025-06-03 01:33:58.0000000,2025,2026-05-18 02:01:44.9400000,2026-05-18 02:01:44.9400000
404,87561,MA000006,22538,16.1*_OrdHrRate - Pre-clinical Dept or medical or dental school,Medically or Dentally Qualified - Pre-clinical department in a medical school or a medical school or dental school in the teaching of medical or dental students,Level B,3,3,87560,87562,2025-07-01 00:00:00.0000000,NULL,6,2025-06-03 01:34:03.0000000,2025,2026-05-18 02:01:44.9666667,2026-05-18 02:01:44.9666667
405,172,MA000006,8,16.4(a),Casual academics,NULL,Normal preparation time (1 hour of delivery and 1 hour associated working time),1,NULL,174,2025-07-01 00:00:00.0000000,NULL,6,2025-06-03 01:33:56.0000000,2025,2026-05-18 02:01:45.0166667,2026-05-18 02:01:45.0166667
406,87540,MA000006,22532,16.1*_OrdHrRate - Para-clinical Dept,Medically qualified - Para-clinical department in a medical school,Level C,6,6,87539,NULL,2025-07-01 00:00:00.0000000,NULL,5,2025-06-03 01:34:02.0000000,2025,2026-05-18 02:01:45.0433333,2026-05-18 02:01:45.0433333
407,87450,MA000006,22445,16.1*_OrdHrRate - Full Clinical Dept,Medically qualified - Full clinical department in a medical school and responsible for patient care,Level C,3,3,87449,87462,2025-07-01 00:00:00.0000000,NULL,5,2025-06-03 01:34:04.0000000,2025,2026-05-18 02:01:45.0700000,2026-05-18 02:01:45.0700000
408,87538,MA000006,22532,16.1*_OrdHrRate - Para-clinical Dept,Medically qualified - Para-clinical department in a medical school,Level C,4,4,87537,87539,2025-07-01 00:00:00.0000000,NULL,5,2025-06-03 01:34:02.0000000,2025,2026-05-18 02:01:45.1000000,2026-05-18 02:01:45.1000000
409,87465,MA000006,22445,16.1*_OrdHrRate - Full Clinical Dept,Medically qualified - Full clinical department in a medical school and responsible for patient care,NULL,Level D,NULL,NULL,NULL,2025-07-01 00:00:00.0000000,NULL,5,2025-06-03 01:34:08.0000000,2025,2026-05-18 02:01:45.1233333,2026-05-18 02:01:45.1233333
410,87409,MA000006,7,16.1,Academic staff,Level D,Level D,NULL,NULL,NULL,2025-07-01 00:00:00.0000000,NULL,5,2025-06-03 01:34:03.0000000,2025,2026-05-18 02:01:45.1500000,2026-05-18 02:01:45.1500000
411,87415,MA000006,7,16.1,Academic staff,Level D,2,2,87410,87412,2025-07-01 00:00:00.0000000,NULL,5,2025-06-03 01:34:00.0000000,2025,2026-05-18 02:01:45.1800000,2026-05-18 02:01:45.1800000
412,87401,MA000006,7,16.1,Academic staff,Level B,1,1,NULL,138,2025-07-01 00:00:00.0000000,NULL,5,2025-06-03 01:34:00.0000000,2025,2026-05-18 02:01:45.2066667,2026-05-18 02:01:45.2066667
413,87447,MA000006,22445,16.1*_OrdHrRate - Full Clinical Dept,Medically qualified - Full clinical department in a medical school and responsible for patient care,NULL,Level C,NULL,NULL,NULL,2025-07-01 00:00:00.0000000,NULL,5,2025-06-03 01:34:08.0000000,2025,2026-05-18 02:01:45.2333333,2026-05-18 02:01:45.2333333
414,128,MA000006,7,16.1,Academic staff,Level A,2,2,127,129,2025-07-01 00:00:00.0000000,NULL,5,2025-06-03 01:34:00.0000000,2025,2026-05-18 02:01:45.2600000,2026-05-18 02:01:45.2600000
415,173,MA000006,8,16.4(a),Casual academics,NULL,Little preparation required (1 hour of delivery and 0.5 hours associated working time) (where academic holds a relevant doctoral qualification),2,171,NULL,2025-07-01 00:00:00.0000000,NULL,6,2025-06-03 01:33:56.0000000,2025,2026-05-18 02:01:45.3100000,2026-05-18 02:01:45.3100000
416,87452,MA000006,22445,16.1*_OrdHrRate - Full Clinical Dept,Medically qualified - Full clinical department in a medical school and responsible for patient care,NULL,Level A,NULL,NULL,NULL,2025-07-01 00:00:00.0000000,NULL,5,2025-06-03 01:34:09.0000000,2025,2026-05-18 02:01:45.3400000,2026-05-18 02:01:45.3400000
417,137,MA000006,7,16.1,Academic staff,Level A,5,5,130,87394,2025-07-01 00:00:00.0000000,NULL,5,2025-06-03 01:33:58.0000000,2025,2026-05-18 02:01:45.3666667,2026-05-18 02:01:45.3666667
418,87570,MA000006,22538,16.1*_OrdHrRate - Pre-clinical Dept or medical or dental school,Medically or Dentally Qualified - Pre-clinical department in a medical school or a medical school or dental school in the teaching of medical or dental students,Level C,6,6,87569,NULL,2025-07-01 00:00:00.0000000,NULL,6,2025-06-03 01:34:03.0000000,2025,2026-05-18 02:01:45.3933333,2026-05-18 02:01:45.3933333
419,87412,MA000006,7,16.1,Academic staff,Level D,3,3,87415,87413,2025-07-01 00:00:00.0000000,NULL,5,2025-06-03 01:34:00.0000000,2025,2026-05-18 02:01:45.4233333,2026-05-18 02:01:45.4233333
420,176,MA000006,8,16.4(a),Casual academics,NULL,Standard marking,1,NULL,178,2025-07-01 00:00:00.0000000,NULL,6,2025-06-03 01:33:56.0000000,2025,2026-05-18 02:01:45.4733333,2026-05-18 02:01:45.4733333
421,87442,MA000006,22445,16.1*_OrdHrRate - Full Clinical Dept,Medically qualified - Full clinical department in a medical school and responsible for patient care,Level B,2,2,87441,87443,2025-07-01 00:00:00.0000000,NULL,5,2025-06-03 01:34:04.0000000,2025,2026-05-18 02:01:45.5033333,2026-05-18 02:01:45.5033333
422,140,MA000006,7,16.1,Academic staff,Level B,4,4,87402,87403,2025-07-01 00:00:00.0000000,NULL,5,2025-06-03 01:33:58.0000000,2025,2026-05-18 02:01:45.5300000,2026-05-18 02:01:45.5300000
423,87470,MA000006,22445,16.1*_OrdHrRate - Full Clinical Dept,Medically qualified - Full clinical department in a medical school and responsible for patient care,Level E,Level E,1,NULL,NULL,2025-07-01 00:00:00.0000000,NULL,5,2025-06-03 01:34:04.0000000,2025,2026-05-18 02:01:45.5800000,2026-05-18 02:01:45.5800000
424,87466,MA000006,22445,16.1*_OrdHrRate - Full Clinical Dept,Medically qualified - Full clinical department in a medical school and responsible for patient care,Level D,1,1,NULL,87467,2025-07-01 00:00:00.0000000,NULL,5,2025-06-03 01:34:04.0000000,2025,2026-05-18 02:01:45.6100000,2026-05-18 02:01:45.6100000
425,87567,MA000006,22538,16.1*_OrdHrRate - Pre-clinical Dept or medical or dental school,Medically or Dentally Qualified - Pre-clinical department in a medical school or a medical school or dental school in the teaching of medical or dental students,Level C,2,2,87566,87568,2025-07-01 00:00:00.0000000,NULL,6,2025-06-03 01:34:03.0000000,2025,2026-05-18 02:01:45.6400000,2026-05-18 02:01:45.6400000
426,87571,MA000006,22538,16.1*_OrdHrRate - Pre-clinical Dept or medical or dental school,Medically or Dentally Qualified - Pre-clinical department in a medical school or a medical school or dental school in the teaching of medical or dental students,NULL,Level D,NULL,NULL,NULL,2025-07-01 00:00:00.0000000,NULL,6,2025-06-03 01:34:09.0000000,2025,2026-05-18 02:01:45.6800000,2026-05-18 02:01:45.6800000
427,87532,MA000006,22532,16.1*_OrdHrRate - Para-clinical Dept,Medically qualified - Para-clinical department in a medical school,NULL,Level C,NULL,NULL,NULL,2025-07-01 00:00:00.0000000,NULL,5,2025-06-03 01:34:08.0000000,2025,2026-05-18 02:01:45.7000000,2026-05-18 02:01:45.7000000
428,87559,MA000006,22538,16.1*_OrdHrRate - Pre-clinical Dept or medical or dental school,Medically or Dentally Qualified - Pre-clinical department in a medical school or a medical school or dental school in the teaching of medical or dental students,Level B,1,1,NULL,87560,2025-07-01 00:00:00.0000000,NULL,6,2025-06-03 01:34:03.0000000,2025,2026-05-18 02:01:45.7200000,2026-05-18 02:01:45.7200000
429,87572,MA000006,22538,16.1*_OrdHrRate - Pre-clinical Dept or medical or dental school,Medically or Dentally Qualified - Pre-clinical department in a medical school or a medical school or dental school in the teaching of medical or dental students,Level D,1,1,NULL,87573,2025-07-01 00:00:00.0000000,NULL,6,2025-06-03 01:34:03.0000000,2025,2026-05-18 02:01:45.7433333,2026-05-18 02:01:45.7433333
430,87586,MA000006,22538,16.1*_OrdHrRate - Pre-clinical Dept or medical or dental school,Medically or Dentally Qualified - Pre-clinical department in a medical school or a medical school or dental school in the teaching of medical or dental students,Level D,3,3,87573,87587,2025-07-01 00:00:00.0000000,NULL,6,2025-06-03 01:34:03.0000000,2025,2026-05-18 02:01:45.7700000,2026-05-18 02:01:45.7700000
431,87551,MA000006,22538,16.1*_OrdHrRate - Pre-clinical Dept or medical or dental school,Medically or Dentally Qualified - Pre-clinical department in a medical school or a medical school or dental school in the teaching of medical or dental students,NULL,Level A,NULL,NULL,NULL,2025-07-01 00:00:00.0000000,NULL,6,2025-06-03 01:34:09.0000000,2025,2026-05-18 02:01:45.7966667,2026-05-18 02:01:45.7966667
432,87568,MA000006,22538,16.1*_OrdHrRate - Pre-clinical Dept or medical or dental school,Medically or Dentally Qualified - Pre-clinical department in a medical school or a medical school or dental school in the teaching of medical or dental students,Level C,3,3,87567,90496,2025-07-01 00:00:00.0000000,NULL,6,2025-06-03 01:34:03.0000000,2025,2026-05-18 02:01:45.8233333,2026-05-18 02:01:45.8233333
433,87560,MA000006,22538,16.1*_OrdHrRate - Pre-clinical Dept or medical or dental school,Medically or Dentally Qualified - Pre-clinical department in a medical school or a medical school or dental school in the teaching of medical or dental students,Level B,2,2,87559,87561,2025-07-01 00:00:00.0000000,NULL,6,2025-06-03 01:34:03.0000000,2025,2026-05-18 02:01:45.8466667,2026-05-18 02:01:45.8466667
434,87394,MA000006,7,16.1,Academic staff,Level A,6,6,137,141,2025-07-01 00:00:00.0000000,NULL,5,2025-06-03 01:34:00.0000000,2025,2026-05-18 02:01:45.8733333,2026-05-18 02:01:45.8733333
435,138,MA000006,7,16.1,Academic staff,Level B,2,2,87401,87402,2025-07-01 00:00:00.0000000,NULL,5,2025-06-03 01:33:58.0000000,2025,2026-05-18 02:01:45.9000000,2026-05-18 02:01:45.9000000
436,87573,MA000006,22538,16.1*_OrdHrRate - Pre-clinical Dept or medical or dental school,Medically or Dentally Qualified - Pre-clinical department in a medical school or a medical school or dental school in the teaching of medical or dental students,Level D,2,2,87572,87586,2025-07-01 00:00:00.0000000,NULL,6,2025-06-03 01:34:03.0000000,2025,2026-05-18 02:01:45.9266667,2026-05-18 02:01:45.9266667
437,87445,MA000006,22445,16.1*_OrdHrRate - Full Clinical Dept,Medically qualified - Full clinical department in a medical school and responsible for patient care,Level B,5,5,87444,87446,2025-07-01 00:00:00.0000000,NULL,5,2025-06-03 01:34:04.0000000,2025,2026-05-18 02:01:45.9533333,2026-05-18 02:01:45.9533333
438,87393,MA000006,7,16.1,Academic staff,Level A,Level A,NULL,NULL,NULL,2025-07-01 00:00:00.0000000,NULL,5,2025-06-03 01:34:07.0000000,2025,2026-05-18 02:01:45.9800000,2026-05-18 02:01:45.9800000
439,87565,MA000006,22538,16.1*_OrdHrRate - Pre-clinical Dept or medical or dental school,Medically or Dentally Qualified - Pre-clinical department in a medical school or a medical school or dental school in the teaching of medical or dental students,NULL,Level C,NULL,NULL,NULL,2025-07-01 00:00:00.0000000,NULL,6,2025-06-03 01:34:09.0000000,2025,2026-05-18 02:01:46.0100000,2026-05-18 02:01:46.0100000
440,141,MA000006,7,16.1,Academic staff,Level A,7,7,87394,142,2025-07-01 00:00:00.0000000,NULL,5,2025-06-03 01:33:58.0000000,2025,2026-05-18 02:01:46.0366667,2026-05-18 02:01:46.0366667
441,87562,MA000006,22538,16.1*_OrdHrRate - Pre-clinical Dept or medical or dental school,Medically or Dentally Qualified - Pre-clinical department in a medical school or a medical school or dental school in the teaching of medical or dental students,Level B,4,4,87561,87563,2025-07-01 00:00:00.0000000,NULL,6,2025-06-03 01:34:03.0000000,2025,2026-05-18 02:01:46.0633333,2026-05-18 02:01:46.0633333
442,90463,MA000006,8,16.4(a),Casual academics,NULL,Tutoring,NULL,NULL,NULL,2025-07-01 00:00:00.0000000,NULL,5,2025-06-03 01:34:08.0000000,2025,2026-05-18 02:01:46.1133333,2026-05-18 02:01:46.1133333
443,87546,MA000006,22532,16.1*_OrdHrRate - Para-clinical Dept,Medically qualified - Para-clinical department in a medical school,Level E,Level E,1,NULL,NULL,2025-07-01 00:00:00.0000000,NULL,5,2025-06-03 01:34:02.0000000,2025,2026-05-18 02:01:46.1700000,2026-05-18 02:01:46.1700000
444,142,MA000006,7,16.1,Academic staff,Level A,8,8,141,NULL,2025-07-01 00:00:00.0000000,NULL,5,2025-06-03 01:33:58.0000000,2025,2026-05-18 02:01:46.1966667,2026-05-18 02:01:46.1966667
445,87404,MA000006,7,16.1,Academic staff,Level B,6,6,87403,NULL,2025-07-01 00:00:00.0000000,NULL,5,2025-06-03 01:34:00.0000000,2025,2026-05-18 02:01:46.2233333,2026-05-18 02:01:46.2233333
446,144,MA000006,7,16.1,Academic staff,Level C,1,1,NULL,145,2025-07-01 00:00:00.0000000,NULL,5,2025-06-03 01:33:59.0000000,2025,2026-05-18 02:01:46.2500000,2026-05-18 02:01:46.2500000
447,87496,MA000006,22532,16.1*_OrdHrRate - Para-clinical Dept,Medically qualified - Para-clinical department in a medical school,Level B,1,1,NULL,87497,2025-07-01 00:00:00.0000000,NULL,5,2025-06-03 01:34:04.0000000,2025,2026-05-18 02:01:46.2800000,2026-05-18 02:01:46.2800000
448,87518,MA000006,22532,16.1*_OrdHrRate - Para-clinical Dept,Medically qualified - Para-clinical department in a medical school,Level B,3,3,87497,87524,2025-07-01 00:00:00.0000000,NULL,5,2025-06-03 01:34:04.0000000,2025,2026-05-18 02:01:46.3100000,2026-05-18 02:01:46.3100000
449,90466,MA000006,8,16.4(a),Casual academics,NULL,Marking rate,NULL,NULL,NULL,2025-07-01 00:00:00.0000000,NULL,5,2025-06-03 01:34:08.0000000,2025,2026-05-18 02:01:46.3600000,2026-05-18 02:01:46.3600000
450,87543,MA000006,22532,16.1*_OrdHrRate - Para-clinical Dept,Medically qualified - Para-clinical department in a medical school,Level D,2,2,87542,87544,2025-07-01 00:00:00.0000000,NULL,5,2025-06-03 01:34:02.0000000,2025,2026-05-18 02:01:46.3900000,2026-05-18 02:01:46.3900000
451,87407,MA000006,7,16.1,Academic staff,Level C,5,5,87406,87408,2025-07-01 00:00:00.0000000,NULL,5,2025-06-03 01:34:00.0000000,2025,2026-05-18 02:01:46.4200000,2026-05-18 02:01:46.4200000
452,87536,MA000006,22532,16.1*_OrdHrRate - Para-clinical Dept,Medically qualified - Para-clinical department in a medical school,Level C,2,2,87534,87537,2025-07-01 00:00:00.0000000,NULL,5,2025-06-03 01:34:02.0000000,2025,2026-05-18 02:01:46.4466667,2026-05-18 02:01:46.4466667
453,165,MA000006,8,16.4(a),Casual academics,NULL,Tutorial (1 hour of delivery and 2 hours associated working time) (where academic holds a relevant doctoral qualification),2,163,NULL,2025-07-01 00:00:00.0000000,NULL,6,2025-06-03 01:33:56.0000000,2025,2026-05-18 02:01:46.4966667,2026-05-18 02:01:46.4966667
454,87403,MA000006,7,16.1,Academic staff,Level B,5,5,140,87404,2025-07-01 00:00:00.0000000,NULL,5,2025-06-03 01:34:00.0000000,2025,2026-05-18 02:01:46.5266667,2026-05-18 02:01:46.5266667
455,87569,MA000006,22538,16.1*_OrdHrRate - Pre-clinical Dept or medical or dental school,Medically or Dentally Qualified - Pre-clinical department in a medical school or a medical school or dental school in the teaching of medical or dental students,Level C,5,5,90496,87570,2025-07-01 00:00:00.0000000,NULL,6,2025-06-03 01:34:03.0000000,2025,2026-05-18 02:01:46.5533333,2026-05-18 02:01:46.5533333
456,87531,MA000006,22532,16.1*_OrdHrRate - Para-clinical Dept,Medically qualified - Para-clinical department in a medical school,Level B,6,6,87526,NULL,2025-07-01 00:00:00.0000000,NULL,5,2025-06-03 01:34:05.0000000,2025,2026-05-18 02:01:46.5800000,2026-05-18 02:01:46.5800000
457,161,MA000006,8,16.4(a),Casual academics,NULL,Repeat lecture (1 hour of delivery and 1 hour associated working time),1,NULL,NULL,2025-07-01 00:00:00.0000000,NULL,6,2025-06-03 01:33:56.0000000,2025,2026-05-18 02:01:46.6266667,2026-05-18 02:01:46.6266667
458,169,MA000006,8,16.4(a),Casual academics,NULL,Musical accompanying (1 hour of delivery and 1 hour preparation time) (where academic holds a relevant doctoral qualification),2,168,NULL,2025-07-01 00:00:00.0000000,NULL,6,2025-06-03 01:33:56.0000000,2025,2026-05-18 02:01:46.6766667,2026-05-18 02:01:46.6766667
459,164,MA000006,8,16.4(a),Casual academics,NULL,Repeat tutorial (1 hour of delivery and 1 hour associated working time),1,NULL,166,2025-07-01 00:00:00.0000000,NULL,6,2025-06-03 01:33:56.0000000,2025,2026-05-18 02:01:46.7900000,2026-05-18 02:01:46.7900000
460,168,MA000006,8,16.4(a),Casual academics,NULL,Musical accompanying (1 hour of delivery and 1 hour preparation time),1,NULL,169,2025-07-01 00:00:00.0000000,NULL,6,2025-06-03 01:33:56.0000000,2025,2026-05-18 02:01:46.8700000,2026-05-18 02:01:46.8700000
461,87402,MA000006,7,16.1,Academic staff,Level B,3,3,138,140,2025-07-01 00:00:00.0000000,NULL,5,2025-06-03 01:34:00.0000000,2025,2026-05-18 02:01:46.9266667,2026-05-18 02:01:46.9266667
462,159,MA000006,8,16.4(a),Casual academics,NULL,Developed lecture (1 hour of delivery and 3 hours associated working time),2,158,160,2025-07-01 00:00:00.0000000,NULL,6,2025-06-03 01:33:56.0000000,2025,2026-05-18 02:01:47.0033333,2026-05-18 02:01:47.0033333
463,87405,MA000006,7,16.1,Academic staff,Level C,Level C,NULL,NULL,NULL,2025-07-01 00:00:00.0000000,NULL,5,2025-06-03 01:34:07.0000000,2025,2026-05-18 02:01:47.1433333,2026-05-18 02:01:47.1433333
464,87443,MA000006,22445,16.1*_OrdHrRate - Full Clinical Dept,Medically qualified - Full clinical department in a medical school and responsible for patient care,Level B,3,3,87442,87444,2025-07-01 00:00:00.0000000,NULL,5,2025-06-03 01:34:04.0000000,2025,2026-05-18 02:01:47.1666667,2026-05-18 02:01:47.1666667
465,87395,MA000006,7,16.1,Academic staff,Level B,Level B,NULL,NULL,NULL,2025-07-01 00:00:00.0000000,NULL,5,2025-06-03 01:34:07.0000000,2025,2026-05-18 02:01:47.1933333,2026-05-18 02:01:47.1933333
466,90198,MA000006,8,16.4(a),Casual academics,NULL,If academic holds a relevant doctoral qualification or performs full subject coordination duties,2,181,NULL,2025-07-01 00:00:00.0000000,NULL,6,2025-06-03 01:33:58.0000000,2025,2026-05-18 02:01:47.2366667,2026-05-18 02:01:47.2366667
467,92136,MA000007,23382,17.1*_Formatted,NULL,NULL,HEW Level 6.3,3,92135,92137,2025-07-01 00:00:00.0000000,NULL,6,2025-06-03 01:21:04.0000000,2025,2026-05-18 02:01:47.2700000,2026-05-18 02:01:47.2700000
468,217,MA000007,9,17.1 [1],Other than PACCT staff,NULL,HEW Level 8.1,1,NULL,218,2025-07-01 00:00:00.0000000,NULL,6,2025-06-03 01:21:02.0000000,2025,2026-05-18 02:01:47.3000000,2026-05-18 02:01:47.3000000
469,193,MA000007,9,17.1 [1],Other than PACCT staff,NULL,HEW Level 3.3,3,192,194,2025-07-01 00:00:00.0000000,NULL,6,2025-06-03 01:21:01.0000000,2025,2026-05-18 02:01:47.3200000,2026-05-18 02:01:47.3200000
470,92144,MA000007,23382,17.1*_Formatted,NULL,NULL,HEW Level 8.1,1,NULL,92145,2025-07-01 00:00:00.0000000,NULL,6,2025-06-03 01:21:04.0000000,2025,2026-05-18 02:01:47.3400000,2026-05-18 02:01:47.3400000
471,186,MA000007,9,17.1 [1],Other than PACCT staff,NULL,HEW Level 1.3,3,185,NULL,2025-07-01 00:00:00.0000000,NULL,6,2025-06-03 01:21:01.0000000,2025,2026-05-18 02:01:47.3600000,2026-05-18 02:01:47.3600000
472,92146,MA000007,23382,17.1*_Formatted,NULL,NULL,HEW Level 8.3,3,92145,92147,2025-07-01 00:00:00.0000000,NULL,6,2025-06-03 01:21:04.0000000,2025,2026-05-18 02:01:47.3833333,2026-05-18 02:01:47.3833333
473,90339,MA000007,22953,17.1 [2],PACCT staff,NULL,HEW Level 9.2,2,90338,90340,2025-07-01 00:00:00.0000000,NULL,6,2025-06-03 01:21:07.0000000,2025,2026-05-18 02:01:47.4300000,2026-05-18 02:01:47.4300000
474,210,MA000007,9,17.1 [1],Other than PACCT staff,NULL,HEW Level 6.4,4,209,NULL,2025-07-01 00:00:00.0000000,NULL,6,2025-06-03 01:21:02.0000000,2025,2026-05-18 02:01:47.4600000,2026-05-18 02:01:47.4600000
475,92129,MA000007,23382,17.1*_Formatted,NULL,NULL,HEW Level 5.2,2,92128,92130,2025-07-01 00:00:00.0000000,NULL,6,2025-06-03 01:21:03.0000000,2025,2026-05-18 02:01:47.4900000,2026-05-18 02:01:47.4900000
476,213,MA000007,9,17.1 [1],Other than PACCT staff,NULL,HEW Level 7.2,2,212,214,2025-07-01 00:00:00.0000000,NULL,6,2025-06-03 01:21:02.0000000,2025,2026-05-18 02:01:47.5166667,2026-05-18 02:01:47.5166667
477,92113,MA000007,23382,17.1*_Formatted,NULL,NULL,HEW Level 1.3,3,92112,NULL,2025-07-01 00:00:00.0000000,NULL,6,2025-06-03 01:21:07.0000000,2025,2026-05-18 02:01:47.5433333,2026-05-18 02:01:47.5433333
478,90323,MA000007,22953,17.1 [2],PACCT staff,NULL,HEW Level 6.1,1,NULL,90324,2025-07-01 00:00:00.0000000,NULL,6,2025-06-03 01:21:06.0000000,2025,2026-05-18 02:01:47.5700000,2026-05-18 02:01:47.5700000
479,208,MA000007,9,17.1 [1],Other than PACCT staff,NULL,HEW Level 6.2,2,207,209,2025-07-01 00:00:00.0000000,NULL,6,2025-06-03 01:21:02.0000000,2025,2026-05-18 02:01:47.5966667,2026-05-18 02:01:47.5966667
480,90325,MA000007,22953,17.1 [2],PACCT staff,NULL,HEW Level 6.3,3,90324,90326,2025-07-01 00:00:00.0000000,NULL,6,2025-06-03 01:21:06.0000000,2025,2026-05-18 02:01:47.6233333,2026-05-18 02:01:47.6233333
481,90301,MA000007,22953,17.1 [2],PACCT staff,NULL,HEW Level 1.2,2,90300,90302,2025-07-01 00:00:00.0000000,NULL,5,2025-06-03 01:21:05.0000000,2025,2026-05-18 02:01:47.6500000,2026-05-18 02:01:47.6500000
482,90322,MA000007,22953,17.1 [2],PACCT staff,NULL,HEW 6,NULL,NULL,NULL,2025-07-01 00:00:00.0000000,NULL,5,2025-06-03 01:21:13.0000000,2025,2026-05-18 02:01:47.7000000,2026-05-18 02:01:47.7000000
483,90309,MA000007,22953,17.1 [2],PACCT staff,NULL,HEW Level 3.3,3,90308,90310,2025-07-01 00:00:00.0000000,NULL,6,2025-06-03 01:21:05.0000000,2025,2026-05-18 02:01:47.7266667,2026-05-18 02:01:47.7266667
484,195,MA000007,9,17.1 [1],Other than PACCT staff,NULL,HEW Level 3.5,5,194,NULL,2025-07-01 00:00:00.0000000,NULL,6,2025-06-03 01:21:01.0000000,2025,2026-05-18 02:01:47.7533333,2026-05-18 02:01:47.7533333
485,90324,MA000007,22953,17.1 [2],PACCT staff,NULL,HEW Level 6.2,2,90323,90325,2025-07-01 00:00:00.0000000,NULL,6,2025-06-03 01:21:06.0000000,2025,2026-05-18 02:01:47.7833333,2026-05-18 02:01:47.7833333
486,90318,MA000007,22953,17.1 [2],PACCT staff,NULL,HEW Level 5.2,2,90317,90319,2025-07-01 00:00:00.0000000,NULL,6,2025-06-03 01:21:05.0000000,2025,2026-05-18 02:01:47.8133333,2026-05-18 02:01:47.8133333
487,92114,MA000007,23382,17.1*_Formatted,NULL,NULL,HEW 2,NULL,NULL,NULL,2025-07-01 00:00:00.0000000,NULL,5,2025-06-03 01:21:14.0000000,2025,2026-05-18 02:01:47.8633333,2026-05-18 02:01:47.8633333
488,92149,MA000007,23382,17.1*_Formatted,NULL,NULL,HEW Level 9.1,1,NULL,92150,2025-07-01 00:00:00.0000000,NULL,6,2025-06-03 01:21:04.0000000,2025,2026-05-18 02:01:47.8966667,2026-05-18 02:01:47.8966667
489,199,MA000007,9,17.1 [1],Other than PACCT staff,NULL,HEW Level 4.3,3,198,NULL,2025-07-01 00:00:00.0000000,NULL,6,2025-06-03 01:21:02.0000000,2025,2026-05-18 02:01:47.9800000,2026-05-18 02:01:47.9800000
490,92138,MA000007,23382,17.1*_Formatted,NULL,NULL,HEW 7,NULL,NULL,NULL,2025-07-01 00:00:00.0000000,NULL,5,2025-06-26 06:04:42.0000000,2025,2026-05-18 02:01:48.0066667,2026-05-18 02:01:48.0066667
491,90317,MA000007,22953,17.1 [2],PACCT staff,NULL,HEW Level 5.1,1,NULL,90318,2025-07-01 00:00:00.0000000,NULL,6,2025-06-03 01:21:05.0000000,2025,2026-05-18 02:01:48.0333333,2026-05-18 02:01:48.0333333
492,90321,MA000007,22953,17.1 [2],PACCT staff,NULL,HEW Level 5.5,5,90320,NULL,2025-07-01 00:00:00.0000000,NULL,6,2025-06-03 01:21:06.0000000,2025,2026-05-18 02:01:48.0633333,2026-05-18 02:01:48.0633333
493,92137,MA000007,23382,17.1*_Formatted,NULL,NULL,HEW Level 6.4,4,92136,NULL,2025-07-01 00:00:00.0000000,NULL,6,2025-06-03 01:21:04.0000000,2025,2026-05-18 02:01:48.0900000,2026-05-18 02:01:48.0900000
494,90341,MA000007,22953,17.1 [2],PACCT staff,NULL,HEW 10,NULL,NULL,NULL,2025-07-01 00:00:00.0000000,NULL,5,2025-06-03 01:21:13.0000000,2025,2026-05-18 02:01:48.1400000,2026-05-18 02:01:48.1400000
495,212,MA000007,9,17.1 [1],Other than PACCT staff,NULL,HEW Level 7.1,1,NULL,213,2025-07-01 00:00:00.0000000,NULL,6,2025-06-03 01:21:02.0000000,2025,2026-05-18 02:01:48.1666667,2026-05-18 02:01:48.1666667
496,90320,MA000007,22953,17.1 [2],PACCT staff,NULL,HEW Level 5.4,4,90319,90321,2025-07-01 00:00:00.0000000,NULL,6,2025-06-03 01:21:06.0000000,2025,2026-05-18 02:01:48.1966667,2026-05-18 02:01:48.1966667
497,90308,MA000007,22953,17.1 [2],PACCT staff,NULL,HEW Level 3.2,2,90307,90309,2025-07-01 00:00:00.0000000,NULL,6,2025-06-03 01:21:05.0000000,2025,2026-05-18 02:01:48.2500000,2026-05-18 02:01:48.2500000
498,223,MA000007,9,17.1 [1],Other than PACCT staff,NULL,HEW Level 9.2,2,222,224,2025-07-01 00:00:00.0000000,NULL,6,2025-06-03 01:21:03.0000000,2025,2026-05-18 02:01:48.2766667,2026-05-18 02:01:48.2766667
499,90328,MA000007,22953,17.1 [2],PACCT staff,NULL,HEW Level 7.1,1,NULL,90329,2025-07-01 00:00:00.0000000,NULL,6,2025-06-03 01:21:06.0000000,2025,2026-05-18 02:01:48.3033333,2026-05-18 02:01:48.3033333
500,92112,MA000007,23382,17.1*_Formatted,NULL,NULL,HEW Level 1.2,2,92111,92113,2025-07-01 00:00:00.0000000,NULL,5,2025-06-03 01:21:07.0000000,2025,2026-05-18 02:01:48.3300000,2026-05-18 02:01:48.3300000
501,209,MA000007,9,17.1 [1],Other than PACCT staff,NULL,HEW Level 6.3,3,208,210,2025-07-01 00:00:00.0000000,NULL,6,2025-06-03 01:21:02.0000000,2025,2026-05-18 02:01:48.4033333,2026-05-18 02:01:48.4033333
502,203,MA000007,9,17.1 [1],Other than PACCT staff,NULL,HEW Level 5.3,3,202,204,2025-07-01 00:00:00.0000000,NULL,6,2025-06-03 01:21:02.0000000,2025,2026-05-18 02:01:48.4933333,2026-05-18 02:01:48.4933333
503,90300,MA000007,22953,17.1 [2],PACCT staff,NULL,HEW Level 1.1,1,NULL,90301,2025-07-01 00:00:00.0000000,NULL,5,2025-06-03 01:21:05.0000000,2025,2026-05-18 02:01:48.5466667,2026-05-18 02:01:48.5466667
504,92118,MA000007,23382,17.1*_Formatted,NULL,NULL,HEW Level 3.1,1,NULL,92119,2025-07-01 00:00:00.0000000,NULL,6,2025-06-03 01:21:08.0000000,2025,2026-05-18 02:01:48.6000000,2026-05-18 02:01:48.6000000
505,204,MA000007,9,17.1 [1],Other than PACCT staff,NULL,HEW Level 5.4,4,203,205,2025-07-01 00:00:00.0000000,NULL,6,2025-06-03 01:21:02.0000000,2025,2026-05-18 02:01:48.6266667,2026-05-18 02:01:48.6266667
506,90305,MA000007,22953,17.1 [2],PACCT staff,NULL,HEW Level 2.2,2,90304,NULL,2025-07-01 00:00:00.0000000,NULL,6,2025-06-03 01:21:05.0000000,2025,2026-05-18 02:01:48.6566667,2026-05-18 02:01:48.6566667
507,92122,MA000007,23382,17.1*_Formatted,NULL,NULL,HEW Level 3.5,5,92121,NULL,2025-07-01 00:00:00.0000000,NULL,6,2025-06-03 01:21:03.0000000,2025,2026-05-18 02:01:48.6833333,2026-05-18 02:01:48.6833333
508,225,MA000007,9,17.1 [1],Other than PACCT staff,NULL,HEW 10,NULL,NULL,NULL,2025-07-01 00:00:00.0000000,NULL,5,2025-06-03 01:21:13.0000000,2025,2026-05-18 02:01:48.7300000,2026-05-18 02:01:48.7300000
509,197,MA000007,9,17.1 [1],Other than PACCT staff,NULL,HEW Level 4.1,1,NULL,198,2025-07-01 00:00:00.0000000,NULL,6,2025-06-03 01:21:01.0000000,2025,2026-05-18 02:01:48.7600000,2026-05-18 02:01:48.7600000
510,92117,MA000007,23382,17.1*_Formatted,NULL,NULL,HEW 3,NULL,NULL,NULL,2025-07-01 00:00:00.0000000,NULL,5,2025-06-03 01:21:14.0000000,2025,2026-05-18 02:01:48.8133333,2026-05-18 02:01:48.8133333
511,90333,MA000007,22953,17.1 [2],PACCT staff,NULL,HEW Level 8.1,1,NULL,90334,2025-07-01 00:00:00.0000000,NULL,6,2025-06-03 01:21:06.0000000,2025,2026-05-18 02:01:48.8433333,2026-05-18 02:01:48.8433333
512,92140,MA000007,23382,17.1*_Formatted,NULL,NULL,HEW Level 7.2,2,92139,92141,2025-07-01 00:00:00.0000000,NULL,6,2025-06-03 01:21:04.0000000,2025,2026-05-18 02:01:48.8700000,2026-05-18 02:01:48.8700000
513,92151,MA000007,23382,17.1*_Formatted,NULL,NULL,HEW Level 9.3,3,92150,NULL,2025-07-01 00:00:00.0000000,NULL,6,2025-06-03 01:21:04.0000000,2025,2026-05-18 02:01:48.8966667,2026-05-18 02:01:48.8966667
514,90310,MA000007,22953,17.1 [2],PACCT staff,NULL,HEW Level 3.4,4,90309,90311,2025-07-01 00:00:00.0000000,NULL,6,2025-06-03 01:21:05.0000000,2025,2026-05-18 02:01:48.9233333,2026-05-18 02:01:48.9233333
515,198,MA000007,9,17.1 [1],Other than PACCT staff,NULL,HEW Level 4.2,2,197,199,2025-07-01 00:00:00.0000000,NULL,6,2025-06-03 01:21:02.0000000,2025,2026-05-18 02:01:48.9500000,2026-05-18 02:01:48.9500000
516,90316,MA000007,22953,17.1 [2],PACCT staff,NULL,HEW 5,NULL,NULL,NULL,2025-07-01 00:00:00.0000000,NULL,5,2025-06-03 01:21:13.0000000,2025,2026-05-18 02:01:49.0533333,2026-05-18 02:01:49.0533333
517,218,MA000007,9,17.1 [1],Other than PACCT staff,NULL,HEW Level 8.2,2,217,219,2025-07-01 00:00:00.0000000,NULL,6,2025-06-03 01:21:03.0000000,2025,2026-05-18 02:01:49.1100000,2026-05-18 02:01:49.1100000
518,192,MA000007,9,17.1 [1],Other than PACCT staff,NULL,HEW Level 3.2,2,191,193,2025-07-01 00:00:00.0000000,NULL,6,2025-06-03 01:21:01.0000000,2025,2026-05-18 02:01:49.1366667,2026-05-18 02:01:49.1366667
519,224,MA000007,9,17.1 [1],Other than PACCT staff,NULL,HEW Level 9.3,3,223,NULL,2025-07-01 00:00:00.0000000,NULL,6,2025-06-03 01:21:03.0000000,2025,2026-05-18 02:01:49.1933333,2026-05-18 02:01:49.1933333
520,219,MA000007,9,17.1 [1],Other than PACCT staff,NULL,HEW Level 8.3,3,218,220,2025-07-01 00:00:00.0000000,NULL,6,2025-06-03 01:21:03.0000000,2025,2026-05-18 02:01:49.2200000,2026-05-18 02:01:49.2200000
521,90314,MA000007,22953,17.1 [2],PACCT staff,NULL,HEW Level 4.2,2,90313,90315,2025-07-01 00:00:00.0000000,NULL,6,2025-06-03 01:21:05.0000000,2025,2026-05-18 02:01:49.2466667,2026-05-18 02:01:49.2466667
522,205,MA000007,9,17.1 [1],Other than PACCT staff,NULL,HEW Level 5.5,5,204,NULL,2025-07-01 00:00:00.0000000,NULL,6,2025-06-03 01:21:02.0000000,2025,2026-05-18 02:01:49.2733333,2026-05-18 02:01:49.2733333
523,90326,MA000007,22953,17.1 [2],PACCT staff,NULL,HEW Level 6.4,4,90325,NULL,2025-07-01 00:00:00.0000000,NULL,6,2025-06-03 01:21:06.0000000,2025,2026-05-18 02:01:49.3733333,2026-05-18 02:01:49.3733333
524,90336,MA000007,22953,17.1 [2],PACCT staff,NULL,HEW Level 8.4,4,90335,NULL,2025-07-01 00:00:00.0000000,NULL,6,2025-06-03 01:21:06.0000000,2025,2026-05-18 02:01:49.4000000,2026-05-18 02:01:49.4000000
525,90338,MA000007,22953,17.1 [2],PACCT staff,NULL,HEW Level 9.1,1,NULL,90339,2025-07-01 00:00:00.0000000,NULL,6,2025-06-03 01:21:07.0000000,2025,2026-05-18 02:01:49.4266667,2026-05-18 02:01:49.4266667
526,90311,MA000007,22953,17.1 [2],PACCT staff,NULL,HEW Level 3.5,5,90310,NULL,2025-07-01 00:00:00.0000000,NULL,6,2025-06-03 01:21:05.0000000,2025,2026-05-18 02:01:49.4533333,2026-05-18 02:01:49.4533333
527,90327,MA000007,22953,17.1 [2],PACCT staff,NULL,HEW 7,NULL,NULL,NULL,2025-07-01 00:00:00.0000000,NULL,5,2025-06-03 01:21:13.0000000,2025,2026-05-18 02:01:49.4766667,2026-05-18 02:01:49.4766667
528,211,MA000007,9,17.1 [1],Other than PACCT staff,NULL,HEW 7,NULL,NULL,NULL,2025-07-01 00:00:00.0000000,NULL,5,2025-06-03 01:21:10.0000000,2025,2026-05-18 02:01:49.5133333,2026-05-18 02:01:49.5133333
529,90299,MA000007,22953,17.1 [2],PACCT staff,NULL,HEW 1,NULL,NULL,NULL,2025-07-01 00:00:00.0000000,NULL,5,2025-06-03 01:21:13.0000000,2025,2026-05-18 02:01:49.5366667,2026-05-18 02:01:49.5366667
530,92119,MA000007,23382,17.1*_Formatted,NULL,NULL,HEW Level 3.2,2,92118,92120,2025-07-01 00:00:00.0000000,NULL,6,2025-06-03 01:21:03.0000000,2025,2026-05-18 02:01:49.5566667,2026-05-18 02:01:49.5566667
531,92153,MA000007,23382,17.1*_Formatted,NULL,NULL,HEW Level 10.1,1,NULL,NULL,2025-07-01 00:00:00.0000000,NULL,6,2025-06-03 01:21:05.0000000,2025,2026-05-18 02:01:49.6033333,2026-05-18 02:01:49.6033333
532,90340,MA000007,22953,17.1 [2],PACCT staff,NULL,HEW Level 9.3,3,90339,NULL,2025-07-01 00:00:00.0000000,NULL,6,2025-06-03 01:21:07.0000000,2025,2026-05-18 02:01:49.6600000,2026-05-18 02:01:49.6600000
533,90335,MA000007,22953,17.1 [2],PACCT staff,NULL,HEW Level 8.3,3,90334,90336,2025-07-01 00:00:00.0000000,NULL,6,2025-06-03 01:21:06.0000000,2025,2026-05-18 02:01:49.6866667,2026-05-18 02:01:49.6866667
534,92132,MA000007,23382,17.1*_Formatted,NULL,NULL,HEW Level 5.5,5,92131,NULL,2025-07-01 00:00:00.0000000,NULL,6,2025-06-03 01:21:04.0000000,2025,2026-05-18 02:01:49.7400000,2026-05-18 02:01:49.7400000
535,90331,MA000007,22953,17.1 [2],PACCT staff,NULL,HEW Level 7.4,4,90330,NULL,2025-07-01 00:00:00.0000000,NULL,6,2025-06-03 01:21:06.0000000,2025,2026-05-18 02:01:49.7666667,2026-05-18 02:01:49.7666667
536,202,MA000007,9,17.1 [1],Other than PACCT staff,NULL,HEW Level 5.2,2,201,203,2025-07-01 00:00:00.0000000,NULL,6,2025-06-03 01:21:02.0000000,2025,2026-05-18 02:01:49.7933333,2026-05-18 02:01:49.7933333
537,92123,MA000007,23382,17.1*_Formatted,NULL,NULL,HEW 4,NULL,NULL,NULL,2025-07-01 00:00:00.0000000,NULL,5,2025-06-03 01:21:11.0000000,2025,2026-05-18 02:01:49.8433333,2026-05-18 02:01:49.8433333
538,90334,MA000007,22953,17.1 [2],PACCT staff,NULL,HEW Level 8.2,2,90333,90335,2025-07-01 00:00:00.0000000,NULL,6,2025-06-03 01:21:06.0000000,2025,2026-05-18 02:01:49.8700000,2026-05-18 02:01:49.8700000
539,92141,MA000007,23382,17.1*_Formatted,NULL,NULL,HEW Level 7.3,3,92140,92142,2025-07-01 00:00:00.0000000,NULL,6,2025-06-03 01:21:04.0000000,2025,2026-05-18 02:01:49.8900000,2026-05-18 02:01:49.8900000
540,90304,MA000007,22953,17.1 [2],PACCT staff,NULL,HEW Level 2.1,1,NULL,90305,2025-07-01 00:00:00.0000000,NULL,7,2025-06-03 01:21:05.0000000,2025,2026-05-18 02:01:49.9133333,2026-05-18 02:01:49.9133333
541,222,MA000007,9,17.1 [1],Other than PACCT staff,NULL,HEW Level 9.1,1,NULL,223,2025-07-01 00:00:00.0000000,NULL,6,2025-06-03 01:21:03.0000000,2025,2026-05-18 02:01:49.9900000,2026-05-18 02:01:49.9900000
542,206,MA000007,9,17.1 [1],Other than PACCT staff,NULL,HEW 6,NULL,NULL,NULL,2025-07-01 00:00:00.0000000,NULL,5,2025-06-03 01:21:10.0000000,2025,2026-05-18 02:01:50.0400000,2026-05-18 02:01:50.0400000
543,92133,MA000007,23382,17.1*_Formatted,NULL,NULL,HEW 6,NULL,NULL,NULL,2025-07-01 00:00:00.0000000,NULL,5,2025-06-03 01:21:12.0000000,2025,2026-05-18 02:01:50.0666667,2026-05-18 02:01:50.0666667
544,187,MA000007,9,17.1 [1],Other than PACCT staff,NULL,HEW 2,NULL,NULL,NULL,2025-07-01 00:00:00.0000000,NULL,5,2025-06-03 01:21:11.0000000,2025,2026-05-18 02:01:50.0933333,2026-05-18 02:01:50.0933333
545,215,MA000007,9,17.1 [1],Other than PACCT staff,NULL,HEW Level 7.4,4,214,NULL,2025-07-01 00:00:00.0000000,NULL,6,2025-06-03 01:21:02.0000000,2025,2026-05-18 02:01:50.1200000,2026-05-18 02:01:50.1200000
546,92143,MA000007,23382,17.1*_Formatted,NULL,NULL,HEW 8,NULL,NULL,NULL,2025-07-01 00:00:00.0000000,NULL,5,2025-06-26 07:28:32.0000000,2025,2026-05-18 02:01:50.1433333,2026-05-18 02:01:50.1433333
547,92150,MA000007,23382,17.1*_Formatted,NULL,NULL,HEW Level 9.2,2,92149,92151,2025-07-01 00:00:00.0000000,NULL,6,2025-06-03 01:21:04.0000000,2025,2026-05-18 02:01:50.1666667,2026-05-18 02:01:50.1666667
548,92135,MA000007,23382,17.1*_Formatted,NULL,NULL,HEW Level 6.2,2,92134,92136,2025-07-01 00:00:00.0000000,NULL,6,2025-06-03 01:21:04.0000000,2025,2026-05-18 02:01:50.2733333,2026-05-18 02:01:50.2733333
549,92115,MA000007,23382,17.1*_Formatted,NULL,NULL,HEW Level 2.1,1,NULL,92116,2025-07-01 00:00:00.0000000,NULL,7,2025-06-03 01:21:07.0000000,2025,2026-05-18 02:01:50.3300000,2026-05-18 02:01:50.3300000
550,221,MA000007,9,17.1 [1],Other than PACCT staff,NULL,HEW 9,NULL,NULL,NULL,2025-07-01 00:00:00.0000000,NULL,5,2025-06-03 01:21:11.0000000,2025,2026-05-18 02:01:50.3566667,2026-05-18 02:01:50.3566667
551,90303,MA000007,22953,17.1 [2],PACCT staff,NULL,HEW 2,NULL,NULL,NULL,2025-07-01 00:00:00.0000000,NULL,5,2025-06-03 01:21:13.0000000,2025,2026-05-18 02:01:50.3833333,2026-05-18 02:01:50.3833333
552,201,MA000007,9,17.1 [1],Other than PACCT staff,NULL,HEW Level 5.1,1,NULL,202,2025-07-01 00:00:00.0000000,NULL,6,2025-06-03 01:21:02.0000000,2025,2026-05-18 02:01:50.4400000,2026-05-18 02:01:50.4400000
553,92125,MA000007,23382,17.1*_Formatted,NULL,NULL,HEW Level 4.2,2,92124,92126,2025-07-01 00:00:00.0000000,NULL,6,2025-06-03 01:21:03.0000000,2025,2026-05-18 02:01:50.4700000,2026-05-18 02:01:50.4700000
554,184,MA000007,9,17.1 [1],Other than PACCT staff,NULL,HEW Level 1.1,1,NULL,185,2025-07-01 00:00:00.0000000,NULL,5,2025-06-03 01:21:01.0000000,2025,2026-05-18 02:01:50.4933333,2026-05-18 02:01:50.4933333
555,92111,MA000007,23382,17.1*_Formatted,NULL,NULL,HEW Level 1.1,1,NULL,92112,2025-07-01 00:00:00.0000000,NULL,5,2025-06-03 01:21:07.0000000,2025,2026-05-18 02:01:50.5500000,2026-05-18 02:01:50.5500000
556,90342,MA000007,22953,17.1 [2],PACCT staff,NULL,HEW Level 10.1,1,NULL,NULL,2025-07-01 00:00:00.0000000,NULL,6,2025-06-03 01:21:07.0000000,2025,2026-05-18 02:01:50.6833333,2026-05-18 02:01:50.6833333
557,90329,MA000007,22953,17.1 [2],PACCT staff,NULL,HEW Level 7.2,2,90328,90330,2025-07-01 00:00:00.0000000,NULL,6,2025-06-03 01:21:06.0000000,2025,2026-05-18 02:01:50.7400000,2026-05-18 02:01:50.7400000
558,196,MA000007,9,17.1 [1],Other than PACCT staff,NULL,HEW 4,NULL,NULL,NULL,2025-07-01 00:00:00.0000000,NULL,5,2025-06-03 01:21:09.0000000,2025,2026-05-18 02:01:50.7966667,2026-05-18 02:01:50.7966667
559,188,MA000007,9,17.1 [1],Other than PACCT staff,NULL,HEW Level 2.1,1,NULL,189,2025-07-01 00:00:00.0000000,NULL,7,2025-06-03 01:21:01.0000000,2025,2026-05-18 02:01:50.9066667,2026-05-18 02:01:50.9066667
560,189,MA000007,9,17.1 [1],Other than PACCT staff,NULL,HEW Level 2.2,2,188,NULL,2025-07-01 00:00:00.0000000,NULL,6,2025-06-03 01:21:01.0000000,2025,2026-05-18 02:01:51.0166667,2026-05-18 02:01:51.0166667
561,90330,MA000007,22953,17.1 [2],PACCT staff,NULL,HEW Level 7.3,3,90329,90331,2025-07-01 00:00:00.0000000,NULL,6,2025-06-03 01:21:06.0000000,2025,2026-05-18 02:01:51.0633333,2026-05-18 02:01:51.0633333
562,92142,MA000007,23382,17.1*_Formatted,NULL,NULL,HEW Level 7.4,4,92141,NULL,2025-07-01 00:00:00.0000000,NULL,6,2025-06-03 01:21:04.0000000,2025,2026-05-18 02:01:51.0866667,2026-05-18 02:01:51.0866667
563,191,MA000007,9,17.1 [1],Other than PACCT staff,NULL,HEW Level 3.1,1,NULL,192,2025-07-01 00:00:00.0000000,NULL,6,2025-06-03 01:21:01.0000000,2025,2026-05-18 02:01:51.1100000,2026-05-18 02:01:51.1100000
564,90307,MA000007,22953,17.1 [2],PACCT staff,NULL,HEW Level 3.1,1,NULL,90308,2025-07-01 00:00:00.0000000,NULL,6,2025-06-03 01:21:05.0000000,2025,2026-05-18 02:01:51.1566667,2026-05-18 02:01:51.1566667
565,92120,MA000007,23382,17.1*_Formatted,NULL,NULL,HEW Level 3.3,3,92119,92121,2025-07-01 00:00:00.0000000,NULL,6,2025-06-03 01:21:03.0000000,2025,2026-05-18 02:01:51.3000000,2026-05-18 02:01:51.3000000
566,92130,MA000007,23382,17.1*_Formatted,NULL,NULL,HEW Level 5.3,3,92129,92131,2025-07-01 00:00:00.0000000,NULL,6,2025-06-03 01:21:03.0000000,2025,2026-05-18 02:01:51.4066667,2026-05-18 02:01:51.4066667
567,90315,MA000007,22953,17.1 [2],PACCT staff,NULL,HEW Level 4.3,3,90314,NULL,2025-07-01 00:00:00.0000000,NULL,6,2025-06-03 01:21:05.0000000,2025,2026-05-18 02:01:51.4366667,2026-05-18 02:01:51.4366667
568,92148,MA000007,23382,17.1*_Formatted,NULL,NULL,HEW 9,NULL,NULL,NULL,2025-07-01 00:00:00.0000000,NULL,5,2025-06-26 06:04:43.0000000,2025,2026-05-18 02:01:51.5700000,2026-05-18 02:01:51.5700000
569,190,MA000007,9,17.1 [1],Other than PACCT staff,NULL,HEW 3,NULL,NULL,NULL,2025-07-01 00:00:00.0000000,NULL,5,2025-06-03 01:21:09.0000000,2025,2026-05-18 02:01:51.6266667,2026-05-18 02:01:51.6266667
570,207,MA000007,9,17.1 [1],Other than PACCT staff,NULL,HEW Level 6.1,1,NULL,208,2025-07-01 00:00:00.0000000,NULL,6,2025-06-03 01:21:02.0000000,2025,2026-05-18 02:01:51.6833333,2026-05-18 02:01:51.6833333
571,185,MA000007,9,17.1 [1],Other than PACCT staff,NULL,HEW Level 1.2,2,184,186,2025-07-01 00:00:00.0000000,NULL,5,2025-06-03 01:21:01.0000000,2025,2026-05-18 02:01:51.7866667,2026-05-18 02:01:51.7866667
572,90313,MA000007,22953,17.1 [2],PACCT staff,NULL,HEW Level 4.1,1,NULL,90314,2025-07-01 00:00:00.0000000,NULL,6,2025-06-03 01:21:05.0000000,2025,2026-05-18 02:01:51.8133333,2026-05-18 02:01:51.8133333
573,200,MA000007,9,17.1 [1],Other than PACCT staff,NULL,HEW 5,NULL,NULL,NULL,2025-07-01 00:00:00.0000000,NULL,5,2025-06-03 01:21:09.0000000,2025,2026-05-18 02:01:51.8700000,2026-05-18 02:01:51.8700000
574,92134,MA000007,23382,17.1*_Formatted,NULL,NULL,HEW Level 6.1,1,NULL,92135,2025-07-01 00:00:00.0000000,NULL,6,2025-06-03 01:21:04.0000000,2025,2026-05-18 02:01:51.8966667,2026-05-18 02:01:51.8966667
575,194,MA000007,9,17.1 [1],Other than PACCT staff,NULL,HEW Level 3.4,4,193,195,2025-07-01 00:00:00.0000000,NULL,6,2025-06-03 01:21:01.0000000,2025,2026-05-18 02:01:51.9266667,2026-05-18 02:01:51.9266667
576,92124,MA000007,23382,17.1*_Formatted,NULL,NULL,HEW Level 4.1,1,NULL,92125,2025-07-01 00:00:00.0000000,NULL,6,2025-06-03 01:21:03.0000000,2025,2026-05-18 02:01:51.9800000,2026-05-18 02:01:51.9800000
577,92147,MA000007,23382,17.1*_Formatted,NULL,NULL,HEW Level 8.4,4,92146,NULL,2025-07-01 00:00:00.0000000,NULL,6,2025-06-03 01:21:04.0000000,2025,2026-05-18 02:01:52.0066667,2026-05-18 02:01:52.0066667
578,226,MA000007,9,17.1 [1],Other than PACCT staff,NULL,HEW Level 10.1,1,NULL,NULL,2025-07-01 00:00:00.0000000,NULL,6,2025-06-03 01:21:07.0000000,2025,2026-05-18 02:01:52.1066667,2026-05-18 02:01:52.1066667
579,92145,MA000007,23382,17.1*_Formatted,NULL,NULL,HEW Level 8.2,2,92144,92146,2025-07-01 00:00:00.0000000,NULL,6,2025-06-03 01:21:04.0000000,2025,2026-05-18 02:01:52.1400000,2026-05-18 02:01:52.1400000
580,92110,MA000007,23382,17.1*_Formatted,NULL,NULL,HEW 1,NULL,NULL,NULL,2025-07-01 00:00:00.0000000,NULL,5,2025-06-03 01:21:12.0000000,2025,2026-05-18 02:01:52.1733333,2026-05-18 02:01:52.1733333
581,90337,MA000007,22953,17.1 [2],PACCT staff,NULL,HEW 9,NULL,NULL,NULL,2025-07-01 00:00:00.0000000,NULL,5,2025-06-03 01:21:13.0000000,2025,2026-05-18 02:01:52.2766667,2026-05-18 02:01:52.2766667
582,90306,MA000007,22953,17.1 [2],PACCT staff,NULL,HEW 3,NULL,NULL,NULL,2025-07-01 00:00:00.0000000,NULL,5,2025-06-03 01:21:10.0000000,2025,2026-05-18 02:01:52.3000000,2026-05-18 02:01:52.3000000
583,92139,MA000007,23382,17.1*_Formatted,NULL,NULL,HEW Level 7.1,1,NULL,92140,2025-07-01 00:00:00.0000000,NULL,6,2025-06-03 01:21:04.0000000,2025,2026-05-18 02:01:52.3366667,2026-05-18 02:01:52.3366667
584,92131,MA000007,23382,17.1*_Formatted,NULL,NULL,HEW Level 5.4,4,92130,92132,2025-07-01 00:00:00.0000000,NULL,6,2025-06-03 01:21:03.0000000,2025,2026-05-18 02:01:52.4100000,2026-05-18 02:01:52.4100000
585,92127,MA000007,23382,17.1*_Formatted,NULL,NULL,HEW 5,NULL,NULL,NULL,2025-07-01 00:00:00.0000000,NULL,5,2025-06-03 01:21:12.0000000,2025,2026-05-18 02:01:52.4400000,2026-05-18 02:01:52.4400000
586,214,MA000007,9,17.1 [1],Other than PACCT staff,NULL,HEW Level 7.3,3,213,215,2025-07-01 00:00:00.0000000,NULL,6,2025-06-03 01:21:02.0000000,2025,2026-05-18 02:01:52.4833333,2026-05-18 02:01:52.4833333
587,92152,MA000007,23382,17.1*_Formatted,NULL,NULL,HEW 10,NULL,NULL,NULL,2025-07-01 00:00:00.0000000,NULL,5,2025-06-26 07:29:12.0000000,2025,2026-05-18 02:01:52.6266667,2026-05-18 02:01:52.6266667
588,90319,MA000007,22953,17.1 [2],PACCT staff,NULL,HEW Level 5.3,3,90318,90320,2025-07-01 00:00:00.0000000,NULL,6,2025-06-03 01:21:05.0000000,2025,2026-05-18 02:01:52.6566667,2026-05-18 02:01:52.6566667
589,90302,MA000007,22953,17.1 [2],PACCT staff,NULL,HEW Level 1.3,3,90301,NULL,2025-07-01 00:00:00.0000000,NULL,6,2025-06-03 01:21:05.0000000,2025,2026-05-18 02:01:52.7700000,2026-05-18 02:01:52.7700000
590,183,MA000007,9,17.1 [1],Other than PACCT staff,NULL,HEW 1,NULL,NULL,NULL,2025-07-01 00:00:00.0000000,NULL,5,2025-06-03 01:21:09.0000000,2025,2026-05-18 02:01:52.7966667,2026-05-18 02:01:52.7966667
591,90711,MA000008,23016,13.4(a)(i),Apprentices who have not completed year 12,50,1st year,1,NULL,90713,2025-07-01 00:00:00.0000000,NULL,6,2025-06-03 01:37:51.0000000,2025,2026-05-18 02:01:52.8833333,2026-05-18 02:01:52.8833333
592,229,MA000008,10,13.1,Horse and Greyhound Employees,NULL,Stablehand Grade 2 (who has at least 2 years in the industry and whose duties are above those required of a Grade 1 employee),3,NULL,NULL,2025-07-01 00:00:00.0000000,NULL,7,2025-06-03 01:37:49.0000000,2025,2026-05-18 02:01:52.9366667,2026-05-18 02:01:52.9366667
593,90716,MA000008,23016,13.4(a)(i),Apprentices who have not completed year 12,NULL,Adult apprentice in 2nd and subsequent years,2,90715,NULL,2025-07-01 00:00:00.0000000,NULL,6,2025-06-03 01:37:51.0000000,2025,2026-05-18 02:01:52.9866667,2026-05-18 02:01:52.9866667
594,90723,MA000008,23017,13.4(a)(ii),Apprentices who have completed year 12,75,3rd year,3,90722,90724,2025-07-01 00:00:00.0000000,NULL,6,2025-06-03 01:37:51.0000000,2025,2026-05-18 02:01:53.0400000,2026-05-18 02:01:53.0400000
595,232,MA000008,10,13.1,Horse and Greyhound Employees,NULL,Training assistant,6,NULL,NULL,2025-07-01 00:00:00.0000000,NULL,6,2025-06-03 01:37:49.0000000,2025,2026-05-18 02:01:53.0933333,2026-05-18 02:01:53.0933333
596,90712,MA000008,23016,13.4(a)(i),Apprentices who have not completed year 12,60,2nd year,2,90711,90713,2025-07-01 00:00:00.0000000,NULL,6,2025-06-03 01:37:51.0000000,2025,2026-05-18 02:01:53.1266667,2026-05-18 02:01:53.1266667
597,90725,MA000008,23017,13.4(a)(ii),Apprentices who have completed year 12,NULL,Adult apprentice in 1st year,1,NULL,90729,2025-07-01 00:00:00.0000000,NULL,6,2025-06-03 01:37:51.0000000,2025,2026-05-18 02:01:53.1800000,2026-05-18 02:01:53.1800000
598,231,MA000008,10,13.1,Horse and Greyhound Employees,NULL,Stable foreman,5,NULL,NULL,2025-07-01 00:00:00.0000000,NULL,7,2025-06-03 01:37:49.0000000,2025,2026-05-18 02:01:53.2333333,2026-05-18 02:01:53.2333333
599,227,MA000008,10,13.1,Horse and Greyhound Employees,NULL,Stable employee (on commencement with employer),1,NULL,NULL,2025-07-01 00:00:00.0000000,NULL,6,2025-06-03 01:37:49.0000000,2025,2026-05-18 02:01:53.2900000,2026-05-18 02:01:53.2900000
600,90729,MA000008,23017,13.4(a)(ii),Apprentices who have completed year 12,NULL,Adult apprentice in 2nd and subsequent years—2nd and 3rd year,2,90725,90726,2025-07-01 00:00:00.0000000,NULL,6,2025-06-03 01:37:51.0000000,2025,2026-05-18 02:01:53.3433333,2026-05-18 02:01:53.3433333
601,90721,MA000008,23017,13.4(a)(ii),Apprentices who have completed year 12,55,1st year,1,NULL,90722,2025-07-01 00:00:00.0000000,NULL,6,2025-06-03 01:37:51.0000000,2025,2026-05-18 02:01:53.3733333,2026-05-18 02:01:53.3733333
602,90713,MA000008,23016,13.4(a)(i),Apprentices who have not completed year 12,75,3rd year,3,90712,90714,2025-07-01 00:00:00.0000000,NULL,6,2025-06-03 01:37:51.0000000,2025,2026-05-18 02:01:53.4000000,2026-05-18 02:01:53.4000000
603,90722,MA000008,23017,13.4(a)(ii),Apprentices who have completed year 12,65,2nd year,2,90721,90723,2025-07-01 00:00:00.0000000,NULL,6,2025-06-03 01:37:51.0000000,2025,2026-05-18 02:01:53.4300000,2026-05-18 02:01:53.4300000
604,90714,MA000008,23016,13.4(a)(i),Apprentices who have not completed year 12,90,4th year,4,90713,NULL,2025-07-01 00:00:00.0000000,NULL,6,2025-06-03 01:37:51.0000000,2025,2026-05-18 02:01:53.4566667,2026-05-18 02:01:53.4566667
605,90726,MA000008,23017,13.4(a)(ii),Apprentices who have completed year 12,NULL,Adult apprentice in 2nd and subsequent years—4th year,3,90729,NULL,2025-07-01 00:00:00.0000000,NULL,6,2025-06-03 01:37:51.0000000,2025,2026-05-18 02:01:53.4833333,2026-05-18 02:01:53.4833333
606,90715,MA000008,23016,13.4(a)(i),Apprentices who have not completed year 12,NULL,Adult apprentice in 1st year,1,NULL,90716,2025-07-01 00:00:00.0000000,NULL,6,2025-06-03 01:37:51.0000000,2025,2026-05-18 02:01:53.5266667,2026-05-18 02:01:53.5266667
607,230,MA000008,10,13.1,Horse and Greyhound Employees,NULL,Track rider,4,NULL,NULL,2025-07-01 00:00:00.0000000,NULL,6,2025-06-03 01:37:49.0000000,2025,2026-05-18 02:01:53.5766667,2026-05-18 02:01:53.5766667
608,228,MA000008,10,13.1,Horse and Greyhound Employees,NULL,Stablehand Grade 1 (after 3 months’ continuous employment with the employer),2,NULL,NULL,2025-07-01 00:00:00.0000000,NULL,6,2025-06-03 01:37:49.0000000,2025,2026-05-18 02:01:53.6300000,2026-05-18 02:01:53.6300000
609,90724,MA000008,23017,13.4(a)(ii),Apprentices who have completed year 12,95,4th year,4,90723,NULL,2025-07-01 00:00:00.0000000,NULL,6,2025-06-03 01:37:51.0000000,2025,2026-05-18 02:01:53.6633333,2026-05-18 02:01:53.6633333
610,233,MA000008,10,13.1,Horse and Greyhound Employees,NULL,Trainer,7,NULL,NULL,2025-07-01 00:00:00.0000000,NULL,6,2025-06-03 01:37:49.0000000,2025,2026-05-18 02:01:53.7100000,2026-05-18 02:01:53.7100000
611,88449,MA000009,22657,18.4(a) - Junior other than office,Junior employees (other than office juniors),NULL,Level 3,NULL,NULL,NULL,2025-07-01 00:00:00.0000000,NULL,5,2025-06-03 01:21:54.0000000,2025,2026-05-18 02:01:53.7566667,2026-05-18 02:01:53.7566667
612,88563,MA000009,22667,18.4(b) - Junior office employees,Junior office employees,Level 5,16 years of age,5,88556,NULL,2025-07-01 00:00:00.0000000,NULL,6,2025-06-03 01:22:03.0000000,2025,2026-05-18 02:01:53.8100000,2026-05-18 02:01:53.8100000
613,90454,MA000009,22698,19.2(b),Waiting apprentices,Midway between the rate specified for the 3rd 6 months and the standard weekly rate,4th 6 months – not attained standard of proficiency,4,90453,90455,2025-07-01 00:00:00.0000000,NULL,6,2025-06-03 01:22:06.0000000,2025,2026-05-18 02:01:53.8666667,2026-05-18 02:01:53.8666667
614,88393,MA000009,22657,18.4(a) - Junior other than office,Junior employees (other than office juniors),Level 1,Under 17 years of age,2,88378,88443,2025-07-01 00:00:00.0000000,NULL,7,2025-06-03 01:22:05.0000000,2025,2026-05-18 02:01:53.9166667,2026-05-18 02:01:53.9166667
615,88615,MA000009,22672,18.4(a) - Junior Casino gaming,Junior employees,NULL,Level 1,NULL,NULL,NULL,2025-07-01 00:00:00.0000000,NULL,5,2025-06-03 01:21:58.0000000,2025,2026-05-18 02:01:53.9700000,2026-05-18 02:01:53.9700000
616,88493,MA000009,22667,18.4(b) - Junior office employees,Junior office employees,NULL,Introductory Level,NULL,NULL,NULL,2025-07-01 00:00:00.0000000,NULL,5,2025-06-03 01:21:56.0000000,2025,2026-05-18 02:01:54.0200000,2026-05-18 02:01:54.0200000
617,88562,MA000009,22667,18.4(b) - Junior office employees,Junior office employees,Level 5,Under 16 years of age,5,NULL,NULL,2025-07-01 00:00:00.0000000,NULL,7,2025-06-03 01:22:03.0000000,2025,2026-05-18 02:01:54.0733333,2026-05-18 02:01:54.0733333
618,88525,MA000009,22667,18.4(b) - Junior office employees,Junior office employees,Level 2,19 years of age,2,88518,88551,2025-07-01 00:00:00.0000000,NULL,6,2025-06-03 01:22:02.0000000,2025,2026-05-18 02:01:54.1033333,2026-05-18 02:01:54.1033333
619,108890,MA000009,27953,I.5.3*_LoadedRates - Casino gaming employees,For penalty table I.5.3,NULL,Level 5,3,108889,108891,2025-07-01 00:00:00.0000000,NULL,7,2025-06-03 01:22:00.0000000,2025,2026-05-18 02:01:54.1533333,2026-05-18 02:01:54.1533333
620,88445,MA000009,22657,18.4(a) - Junior other than office,Junior employees (other than office juniors),Level 2,17 years of age,3,88394,88471,2025-07-01 00:00:00.0000000,NULL,6,2025-06-03 01:22:01.0000000,2025,2026-05-18 02:01:54.2066667,2026-05-18 02:01:54.2066667
621,88641,MA000009,22672,18.4(a) - Junior Casino gaming,Junior employees,Level 5,18 years of age,6,88637,88645,2025-07-01 00:00:00.0000000,NULL,6,2025-06-03 01:22:04.0000000,2025,2026-05-18 02:01:54.2600000,2026-05-18 02:01:54.2600000
622,88717,MA000009,22703,19.5 - Adult waiting apprentices,Adult waiting apprentices,NULL,2nd 6 months,2,88714,88716,2025-07-01 00:00:00.0000000,NULL,6,2025-06-03 01:22:01.0000000,2025,2026-05-18 02:01:54.3133333,2026-05-18 02:01:54.3133333
623,88560,MA000009,22667,18.4(b) - Junior office employees,Junior office employees,Level 4,20 years of age,4,88567,88519,2025-07-01 00:00:00.0000000,NULL,8,2025-06-03 01:22:03.0000000,2025,2026-05-18 02:01:54.3433333,2026-05-18 02:01:54.3433333
624,88520,MA000009,22667,18.4(b) - Junior office employees,Junior office employees,NULL,Level 2,NULL,NULL,NULL,2025-07-01 00:00:00.0000000,NULL,5,2025-06-03 01:21:56.0000000,2025,2026-05-18 02:01:54.3966667,2026-05-18 02:01:54.3966667
625,88474,MA000009,22657,18.4(a) - Junior other than office,Junior employees (other than office juniors),Level 3,20 years of age,4,88448,88480,2025-07-01 00:00:00.0000000,NULL,8,2025-06-03 01:22:01.0000000,2025,2026-05-18 02:01:54.4233333,2026-05-18 02:01:54.4233333
626,90452,MA000009,22698,19.2(b),Waiting apprentices,85% of the standard weekly rate,2nd 6 months,2,90451,90453,2025-07-01 00:00:00.0000000,NULL,6,2025-06-03 01:22:05.0000000,2025,2026-05-18 02:01:54.4766667,2026-05-18 02:01:54.4766667
627,88548,MA000009,22667,18.4(b) - Junior office employees,Junior office employees,Level 3,16 years of age,3,88522,88522,2025-07-01 00:00:00.0000000,NULL,6,2025-06-03 01:22:03.0000000,2025,2026-05-18 02:01:54.5066667,2026-05-18 02:01:54.5066667
628,88392,MA000009,22657,18.4(a) - Junior other than office,Junior employees (other than office juniors),NULL,Level 1,NULL,NULL,NULL,2025-07-01 00:00:00.0000000,NULL,5,2025-06-03 01:21:58.0000000,2025,2026-05-18 02:01:54.5333333,2026-05-18 02:01:54.5333333
629,108889,MA000009,27953,I.5.3*_LoadedRates - Casino gaming employees,For penalty table I.5.3,NULL,Level 4,2,108887,108890,2025-07-01 00:00:00.0000000,NULL,7,2025-06-03 01:22:00.0000000,2025,2026-05-18 02:01:54.5533333,2026-05-18 02:01:54.5533333
630,88755,MA000009,22703,19.5 - Adult waiting apprentices,Adult waiting apprentices,NULL,4th 6 months – attained standard of proficiency,5,88754,NULL,2025-07-01 00:00:00.0000000,NULL,6,2025-06-03 01:22:00.0000000,2025,2026-05-18 02:01:54.5800000,2026-05-18 02:01:54.5800000
631,88552,MA000009,22667,18.4(b) - Junior office employees,Junior office employees,Level 3,20 years of age,3,88526,88526,2025-07-01 00:00:00.0000000,NULL,8,2025-06-03 01:22:03.0000000,2025,2026-05-18 02:01:54.5933333,2026-05-18 02:01:54.5933333
632,90438,MA000009,22697,19.1(b),Cooking apprentices,80%,3rd year,3,90437,90439,2025-07-01 00:00:00.0000000,NULL,6,2025-06-03 01:22:05.0000000,2025,2026-05-18 02:01:54.6400000,2026-05-18 02:01:54.6400000
633,88554,MA000009,22667,18.4(b) - Junior office employees,Junior office employees,NULL,Level 4,NULL,NULL,NULL,2025-07-01 00:00:00.0000000,NULL,5,2025-06-03 01:21:56.0000000,2025,2026-05-18 02:01:54.6666667,2026-05-18 02:01:54.6666667
634,108888,MA000009,27953,I.5.3*_LoadedRates - Casino gaming employees,For penalty table I.5.3,NULL,Level 3A,1,NULL,108889,2025-07-01 00:00:00.0000000,NULL,7,2025-06-03 01:22:00.0000000,2025,2026-05-18 02:01:54.7200000,2026-05-18 02:01:54.7200000
635,88448,MA000009,22657,18.4(a) - Junior other than office,Junior employees (other than office juniors),Level 2,20 years of age,3,88442,88474,2025-07-01 00:00:00.0000000,NULL,8,2025-06-03 01:22:01.0000000,2025,2026-05-18 02:01:54.7500000,2026-05-18 02:01:54.7500000
636,88484,MA000009,22657,18.4(a) - Junior other than office,Junior employees (other than office juniors),Level 5,18 years of age,6,88478,NULL,2025-07-01 00:00:00.0000000,NULL,6,2025-06-03 01:22:02.0000000,2025,2026-05-18 02:01:54.7800000,2026-05-18 02:01:54.7800000
637,88472,MA000009,22657,18.4(a) - Junior other than office,Junior employees (other than office juniors),Level 3,18 years of age,4,88446,88478,2025-07-01 00:00:00.0000000,NULL,6,2025-06-03 01:22:01.0000000,2025,2026-05-18 02:01:54.8100000,2026-05-18 02:01:54.8100000
638,108891,MA000009,27953,I.5.3*_LoadedRates - Casino gaming employees,For penalty table I.5.3,NULL,Level 6,4,108890,NULL,2025-07-01 00:00:00.0000000,NULL,7,2025-06-03 01:22:00.0000000,2025,2026-05-18 02:01:54.8366667,2026-05-18 02:01:54.8366667
639,88471,MA000009,22657,18.4(a) - Junior other than office,Junior employees (other than office juniors),Level 3,17 years of age,4,88445,88477,2025-07-01 00:00:00.0000000,NULL,6,2025-06-03 01:22:01.0000000,2025,2026-05-18 02:01:54.8633333,2026-05-18 02:01:54.8633333
640,88470,MA000009,22657,18.4(a) - Junior other than office,Junior employees (other than office juniors),Level 3,Under 17 years of age,4,88443,88476,2025-07-01 00:00:00.0000000,NULL,7,2025-06-03 01:22:01.0000000,2025,2026-05-18 02:01:54.8866667,2026-05-18 02:01:54.8866667
641,88389,MA000009,22657,18.4(a) - Junior other than office,Junior employees (other than office juniors),Introductory Level,18 years of age,1,NULL,88395,2025-07-01 00:00:00.0000000,NULL,6,2025-06-03 01:22:05.0000000,2025,2026-05-18 02:01:54.9200000,2026-05-18 02:01:54.9200000
642,88517,MA000009,22667,18.4(b) - Junior office employees,Junior office employees,Introductory,18 years of age,1,NULL,88524,2025-07-01 00:00:00.0000000,NULL,6,2025-06-03 01:22:02.0000000,2025,2026-05-18 02:01:54.9633333,2026-05-18 02:01:54.9633333
643,90453,MA000009,22698,19.2(b),Waiting apprentices,Midway between the minimum rate prescribed for Food and beverage attendant grade 2 in Table 3—Minimum rates and the standard weekly rate,3rd 6 months,3,90452,90454,2025-07-01 00:00:00.0000000,NULL,6,2025-06-03 01:22:05.0000000,2025,2026-05-18 02:01:55.0166667,2026-05-18 02:01:55.0166667
644,88473,MA000009,22657,18.4(a) - Junior other than office,Junior employees (other than office juniors),Level 3,19 years of age,4,88447,88479,2025-07-01 00:00:00.0000000,NULL,6,2025-06-03 01:22:01.0000000,2025,2026-05-18 02:01:55.0466667,2026-05-18 02:01:55.0466667
645,88377,MA000009,22657,18.4(a) - Junior other than office,Junior employees (other than office juniors),NULL,Introductory Level,NULL,NULL,NULL,2025-07-01 00:00:00.0000000,NULL,5,2025-06-03 01:21:58.0000000,2025,2026-05-18 02:01:55.1000000,2026-05-18 02:01:55.1000000
646,88514,MA000009,22667,18.4(b) - Junior office employees,Junior office employees,Introductory,Under 16 years of age,1,NULL,88521,2025-07-01 00:00:00.0000000,NULL,7,2025-06-03 01:22:02.0000000,2025,2026-05-18 02:01:55.1500000,2026-05-18 02:01:55.1500000
647,88628,MA000009,22672,18.4(a) - Junior Casino gaming,Junior employees,Level 3A,18 years of age,4,88620,88637,2025-07-01 00:00:00.0000000,NULL,6,2025-06-03 01:22:04.0000000,2025,2026-05-18 02:01:55.1966667,2026-05-18 02:01:55.1966667
648,88565,MA000009,22667,18.4(b) - Junior office employees,Junior office employees,Level 5,18 years of age,5,88558,NULL,2025-07-01 00:00:00.0000000,NULL,6,2025-06-03 01:22:03.0000000,2025,2026-05-18 02:01:55.2200000,2026-05-18 02:01:55.2200000
649,88556,MA000009,22667,18.4(b) - Junior office employees,Junior office employees,Level 4,16 years of age,4,88563,88548,2025-07-01 00:00:00.0000000,NULL,6,2025-06-03 01:22:03.0000000,2025,2026-05-18 02:01:55.2400000,2026-05-18 02:01:55.2400000
650,88609,MA000009,22672,18.4(a) - Junior Casino gaming,Junior employees,NULL,Introductory Level,NULL,NULL,NULL,2025-07-01 00:00:00.0000000,NULL,5,2025-06-03 01:21:56.0000000,2025,2026-05-18 02:01:55.2900000,2026-05-18 02:01:55.2900000
651,88754,MA000009,22703,19.5 - Adult waiting apprentices,Adult waiting apprentices,NULL,4th 6 months – not attained standard of proficiency,4,88716,88755,2025-07-01 00:00:00.0000000,NULL,6,2025-06-03 01:22:00.0000000,2025,2026-05-18 02:01:55.3400000,2026-05-18 02:01:55.3400000
652,88447,MA000009,22657,18.4(a) - Junior other than office,Junior employees (other than office juniors),Level 2,19 years of age,3,88441,88473,2025-07-01 00:00:00.0000000,NULL,6,2025-06-03 01:22:01.0000000,2025,2026-05-18 02:01:55.3700000,2026-05-18 02:01:55.3700000
653,88475,MA000009,22657,18.4(a) - Junior other than office,Junior employees (other than office juniors),NULL,Level 4,NULL,NULL,NULL,2025-07-01 00:00:00.0000000,NULL,5,2025-06-03 01:21:57.0000000,2025,2026-05-18 02:01:55.3966667,2026-05-18 02:01:55.3966667
654,311,MA000009,14,18.2,Managerial Staff (Hotels),NULL,Managerial staff (Hotels),1,NULL,NULL,2025-07-01 00:00:00.0000000,NULL,6,2025-06-03 01:21:49.0000000,2025,2026-05-18 02:01:55.4500000,2026-05-18 02:01:55.4500000
655,88441,MA000009,22657,18.4(a) - Junior other than office,Junior employees (other than office juniors),Level 1,19 years of age,2,88390,88447,2025-07-01 00:00:00.0000000,NULL,6,2025-06-03 01:22:01.0000000,2025,2026-05-18 02:01:55.4800000,2026-05-18 02:01:55.4800000
656,302,MA000009,13,18.3,Casino Gaming Employees,Casino table gaming employee grade 2,Level 3A,4,294,303,2025-07-01 00:00:00.0000000,NULL,8,2025-06-03 01:21:52.0000000,2025,2026-05-18 02:01:55.5266667,2026-05-18 02:01:55.5266667
657,306,MA000009,13,18.3,Casino Gaming Employees,Casino table gaming employee grade 3; Gaming finance employee grade 4,Level 5,7,303,308,2025-07-01 00:00:00.0000000,NULL,7,2025-06-03 01:21:52.0000000,2025,2026-05-18 02:01:55.5800000,2026-05-18 02:01:55.5800000
658,88553,MA000009,22667,18.4(b) - Junior office employees,Junior office employees,NULL,Level 3,NULL,NULL,NULL,2025-07-01 00:00:00.0000000,NULL,5,2025-06-03 01:21:56.0000000,2025,2026-05-18 02:01:55.6100000,2026-05-18 02:01:55.6100000
659,88713,MA000009,22702,19.5 - Adult cooking apprentices,Adult cooking apprentices,NULL,4th year – attained standard of proficiency,4,88712,NULL,2025-07-01 00:00:00.0000000,NULL,6,2025-06-03 01:22:00.0000000,2025,2026-05-18 02:01:55.6633333,2026-05-18 02:01:55.6633333
660,88627,MA000009,22672,18.4(a) - Junior Casino gaming,Junior employees,NULL,Level 3A,NULL,NULL,NULL,2025-07-01 00:00:00.0000000,NULL,5,2025-06-03 01:21:58.0000000,2025,2026-05-18 02:01:55.7166667,2026-05-18 02:01:55.7166667
661,88446,MA000009,22657,18.4(a) - Junior other than office,Junior employees (other than office juniors),Level 2,18 years of age,3,88395,88472,2025-07-01 00:00:00.0000000,NULL,6,2025-06-03 01:22:01.0000000,2025,2026-05-18 02:01:55.7433333,2026-05-18 02:01:55.7433333
662,88567,MA000009,22667,18.4(b) - Junior office employees,Junior office employees,Level 5,20 years of age,5,88560,NULL,2025-07-01 00:00:00.0000000,NULL,8,2025-06-03 01:22:03.0000000,2025,2026-05-18 02:01:55.7733333,2026-05-18 02:01:55.7733333
663,88643,MA000009,22672,18.4(a) - Junior Casino gaming,Junior employees,Level 5,20 years of age,6,88639,88647,2025-07-01 00:00:00.0000000,NULL,8,2025-06-03 01:22:04.0000000,2025,2026-05-18 02:01:55.8000000,2026-05-18 02:01:55.8000000
664,88623,MA000009,22672,18.4(a) - Junior Casino gaming,Junior employees,NULL,Level 3,NULL,NULL,NULL,2025-07-01 00:00:00.0000000,NULL,5,2025-06-03 01:21:58.0000000,2025,2026-05-18 02:01:55.8300000,2026-05-18 02:01:55.8300000
665,88480,MA000009,22657,18.4(a) - Junior other than office,Junior employees (other than office juniors),Level 4,20 years of age,5,88474,88486,2025-07-01 00:00:00.0000000,NULL,8,2025-06-03 01:22:02.0000000,2025,2026-05-18 02:01:55.8600000,2026-05-18 02:01:55.8600000
666,268,MA000009,11,18.1,Hospitality Employees,Clerical grade 3; Cook (tradesperson) grade 3; Food and beverage attendant (tradesperson) grade 4; Front office grade 3; Gardener grade 3 (tradesperson); Guest service grade 4; Leisure attendant grade 3; Storeperson grade 3,Level 4,5,257,276,2025-07-01 00:00:00.0000000,NULL,7,2025-06-03 01:21:51.0000000,2025,2026-05-18 02:01:55.9133333,2026-05-18 02:01:55.9133333
667,88712,MA000009,22702,19.5 - Adult cooking apprentices,Adult cooking apprentices,NULL,4th year – not attained standard of proficiency,3,88711,88713,2025-07-01 00:00:00.0000000,NULL,6,2025-06-03 01:22:00.0000000,2025,2026-05-18 02:01:55.9433333,2026-05-18 02:01:55.9433333
668,90451,MA000009,22698,19.2(b),Waiting apprentices,70% of the standard weekly rate,1st 6 months,1,NULL,90452,2025-07-01 00:00:00.0000000,NULL,6,2025-06-03 01:22:05.0000000,2025,2026-05-18 02:01:55.9733333,2026-05-18 02:01:55.9733333
669,88486,MA000009,22657,18.4(a) - Junior other than office,Junior employees (other than office juniors),Level 5,20 years of age,6,88480,NULL,2025-07-01 00:00:00.0000000,NULL,8,2025-06-03 01:22:02.0000000,2025,2026-05-18 02:01:56.0000000,2026-05-18 02:01:56.0000000
670,88390,MA000009,22657,18.4(a) - Junior other than office,Junior employees (other than office juniors),Introductory Level,19 years of age,1,NULL,88441,2025-07-01 00:00:00.0000000,NULL,6,2025-06-03 01:22:05.0000000,2025,2026-05-18 02:01:56.0233333,2026-05-18 02:01:56.0233333
671,88481,MA000009,22657,18.4(a) - Junior other than office,Junior employees (other than office juniors),NULL,Level 5,NULL,NULL,NULL,2025-07-01 00:00:00.0000000,NULL,5,2025-06-03 01:21:57.0000000,2025,2026-05-18 02:01:56.0500000,2026-05-18 02:01:56.0500000
672,88714,MA000009,22703,19.5 - Adult waiting apprentices,Adult waiting apprentices,NULL,1st 6 months,1,NULL,88717,2025-07-01 00:00:00.0000000,NULL,6,2025-06-03 01:22:00.0000000,2025,2026-05-18 02:01:56.0766667,2026-05-18 02:01:56.0766667
673,88711,MA000009,22702,19.5 - Adult cooking apprentices,Adult cooking apprentices,NULL,3rd year,2,88709,88712,2025-07-01 00:00:00.0000000,NULL,6,2025-06-03 01:22:00.0000000,2025,2026-05-18 02:01:56.1266667,2026-05-18 02:01:56.1266667
674,88478,MA000009,22657,18.4(a) - Junior other than office,Junior employees (other than office juniors),Level 4,18 years of age,5,88472,88484,2025-07-01 00:00:00.0000000,NULL,6,2025-06-03 01:22:01.0000000,2025,2026-05-18 02:01:56.1566667,2026-05-18 02:01:56.1566667
675,88444,MA000009,22657,18.4(a) - Junior other than office,Junior employees (other than office juniors),NULL,Level 2,NULL,NULL,NULL,2025-07-01 00:00:00.0000000,NULL,5,2025-06-03 01:21:54.0000000,2025,2026-05-18 02:01:56.1833333,2026-05-18 02:01:56.1833333
676,88644,MA000009,22672,18.4(a) - Junior Casino gaming,Junior employees,NULL,Level 6,NULL,NULL,NULL,2025-07-01 00:00:00.0000000,NULL,5,2025-06-03 01:21:58.0000000,2025,2026-05-18 02:01:56.2133333,2026-05-18 02:01:56.2133333
677,276,MA000009,11,18.1,Hospitality Employees,Clerical supervisor; Cook (tradesperson) grade 4; Food and beverage supervisor; Front office supervisor; Gardener grade 4 (tradesperson); Guest service supervisor,Level 5,6,268,282,2025-07-01 00:00:00.0000000,NULL,7,2025-06-03 01:21:51.0000000,2025,2026-05-18 02:01:56.2633333,2026-05-18 02:01:56.2633333
678,88519,MA000009,22667,18.4(b) - Junior office employees,Junior office employees,Introductory,20 years of age,1,NULL,88526,2025-07-01 00:00:00.0000000,NULL,8,2025-06-03 01:22:02.0000000,2025,2026-05-18 02:01:56.2900000,2026-05-18 02:01:56.2900000
679,88626,MA000009,22672,18.4(a) - Junior Casino gaming,Junior employees,Level 3,20 years of age,4,88622,88639,2025-07-01 00:00:00.0000000,NULL,8,2025-06-03 01:22:04.0000000,2025,2026-05-18 02:01:56.3200000,2026-05-18 02:01:56.3200000
680,88555,MA000009,22667,18.4(b) - Junior office employees,Junior office employees,Level 4,Under 16 years of age,4,88562,88527,2025-07-01 00:00:00.0000000,NULL,7,2025-06-03 01:22:03.0000000,2025,2026-05-18 02:01:56.3466667,2026-05-18 02:01:56.3466667
681,88716,MA000009,22703,19.5 - Adult waiting apprentices,Adult waiting apprentices,NULL,3rd 6 months,3,88717,88754,2025-07-01 00:00:00.0000000,NULL,6,2025-06-03 01:22:01.0000000,2025,2026-05-18 02:01:56.3733333,2026-05-18 02:01:56.3733333
682,88710,MA000009,22702,19.5 - Adult cooking apprentices,Adult cooking apprentices,NULL,1st year,1,NULL,88709,2025-07-01 00:00:00.0000000,NULL,6,2025-06-03 01:22:00.0000000,2025,2026-05-18 02:01:56.4033333,2026-05-18 02:01:56.4033333
683,299,MA000009,13,18.3,Casino Gaming Employees,Casino equipment technician grade 2; Gaming finance employee grade 2; Security officer grade 1,Level 3,4,294,303,2025-07-01 00:00:00.0000000,NULL,8,2025-06-03 01:21:52.0000000,2025,2026-05-18 02:01:56.4566667,2026-05-18 02:01:56.4566667
684,88549,MA000009,22667,18.4(b) - Junior office employees,Junior office employees,Level 3,17 years of age,3,88523,88523,2025-07-01 00:00:00.0000000,NULL,6,2025-06-03 01:22:03.0000000,2025,2026-05-18 02:01:56.4866667,2026-05-18 02:01:56.4866667
685,88485,MA000009,22657,18.4(a) - Junior other than office,Junior employees (other than office juniors),Level 5,19 years of age,6,88479,NULL,2025-07-01 00:00:00.0000000,NULL,6,2025-06-03 01:22:02.0000000,2025,2026-05-18 02:01:56.5166667,2026-05-18 02:01:56.5166667
686,88647,MA000009,22672,18.4(a) - Junior Casino gaming,Junior employees,Level 6,20 years of age,7,88643,NULL,2025-07-01 00:00:00.0000000,NULL,8,2025-06-03 01:22:04.0000000,2025,2026-05-18 02:01:56.5433333,2026-05-18 02:01:56.5433333
687,88566,MA000009,22667,18.4(b) - Junior office employees,Junior office employees,Level 5,19 years of age,5,88559,NULL,2025-07-01 00:00:00.0000000,NULL,6,2025-06-03 01:22:03.0000000,2025,2026-05-18 02:01:56.5766667,2026-05-18 02:01:56.5766667
688,88443,MA000009,22657,18.4(a) - Junior other than office,Junior employees (other than office juniors),Level 2,Under 17 years of age,3,88393,88470,2025-07-01 00:00:00.0000000,NULL,7,2025-06-03 01:22:01.0000000,2025,2026-05-18 02:01:56.5933333,2026-05-18 02:01:56.5933333
689,88395,MA000009,22657,18.4(a) - Junior other than office,Junior employees (other than office juniors),Level 1,18 years of age,2,88389,88446,2025-07-01 00:00:00.0000000,NULL,6,2025-06-03 01:22:05.0000000,2025,2026-05-18 02:01:56.6166667,2026-05-18 02:01:56.6166667
690,88521,MA000009,22667,18.4(b) - Junior office employees,Junior office employees,Level 2,Under 16 years of age,2,88514,88527,2025-07-01 00:00:00.0000000,NULL,7,2025-06-03 01:22:02.0000000,2025,2026-05-18 02:01:56.6400000,2026-05-18 02:01:56.6400000
691,88527,MA000009,22667,18.4(b) - Junior office employees,Junior office employees,Level 3,Under 16 years of age,3,88521,88521,2025-07-01 00:00:00.0000000,NULL,7,2025-06-03 01:22:02.0000000,2025,2026-05-18 02:01:56.6800000,2026-05-18 02:01:56.6800000
692,108883,MA000009,27952,I.5.2*_LoadedRates,For penalty table I.5.2,NULL,Level 3,1,NULL,108884,2025-07-01 00:00:00.0000000,NULL,6,2025-06-03 01:22:00.0000000,2025,2026-05-18 02:01:56.7200000,2026-05-18 02:01:56.7200000
693,88639,MA000009,22672,18.4(a) - Junior Casino gaming,Junior employees,Level 4,20 years of age,5,88626,88643,2025-07-01 00:00:00.0000000,NULL,8,2025-06-03 01:22:04.0000000,2025,2026-05-18 02:01:56.7433333,2026-05-18 02:01:56.7433333
694,90440,MA000009,22697,19.1(b),Cooking apprentices,100%,4th year – attained standard of proficiency,5,90439,NULL,2025-07-01 00:00:00.0000000,NULL,6,2025-06-03 01:22:05.0000000,2025,2026-05-18 02:01:56.7933333,2026-05-18 02:01:56.7933333
695,90436,MA000009,22697,19.1(b),Cooking apprentices,55%,1st year,1,NULL,90437,2025-07-01 00:00:00.0000000,NULL,6,2025-06-03 01:22:05.0000000,2025,2026-05-18 02:01:56.8233333,2026-05-18 02:01:56.8233333
696,88394,MA000009,22657,18.4(a) - Junior other than office,Junior employees (other than office juniors),Level 1,17 years of age,2,88379,88445,2025-07-01 00:00:00.0000000,NULL,6,2025-06-03 01:22:05.0000000,2025,2026-05-18 02:01:56.8500000,2026-05-18 02:01:56.8500000
697,88550,MA000009,22667,18.4(b) - Junior office employees,Junior office employees,Level 3,18 years of age,3,88524,88524,2025-07-01 00:00:00.0000000,NULL,6,2025-06-03 01:22:03.0000000,2025,2026-05-18 02:01:56.8733333,2026-05-18 02:01:56.8733333
698,88557,MA000009,22667,18.4(b) - Junior office employees,Junior office employees,Level 4,17 years of age,4,88564,88549,2025-07-01 00:00:00.0000000,NULL,6,2025-06-03 01:22:03.0000000,2025,2026-05-18 02:01:56.9000000,2026-05-18 02:01:56.9000000
699,88645,MA000009,22672,18.4(a) - Junior Casino gaming,Junior employees,Level 6,18 years of age,7,88641,NULL,2025-07-01 00:00:00.0000000,NULL,6,2025-06-03 01:22:04.0000000,2025,2026-05-18 02:01:56.9266667,2026-05-18 02:01:56.9266667
700,88646,MA000009,22672,18.4(a) - Junior Casino gaming,Junior employees,Level 6,19 years of age,7,88642,NULL,2025-07-01 00:00:00.0000000,NULL,6,2025-06-03 01:22:04.0000000,2025,2026-05-18 02:01:56.9500000,2026-05-18 02:01:56.9500000
701,88640,MA000009,22672,18.4(a) - Junior Casino gaming,Junior employees,NULL,Level 5,NULL,NULL,NULL,2025-07-01 00:00:00.0000000,NULL,5,2025-06-03 01:21:58.0000000,2025,2026-05-18 02:01:56.9800000,2026-05-18 02:01:56.9800000
702,243,MA000009,11,18.1,Hospitality Employees,Food and beverage attendant grade 1; Guest service grade 1; Kitchen attendant grade 1,Level 1,2,242,246,2025-07-01 00:00:00.0000000,NULL,7,2025-06-03 01:21:51.0000000,2025,2026-05-18 02:01:57.0300000,2026-05-18 02:01:57.0300000
703,88618,MA000009,22672,18.4(a) - Junior Casino gaming,Junior employees,Level 1,20 years of age,2,88614,88622,2025-07-01 00:00:00.0000000,NULL,8,2025-06-03 01:22:04.0000000,2025,2026-05-18 02:01:57.0600000,2026-05-18 02:01:57.0600000
704,88629,MA000009,22672,18.4(a) - Junior Casino gaming,Junior employees,Level 3A,19 years of age,4,88621,88638,2025-07-01 00:00:00.0000000,NULL,6,2025-06-03 01:22:04.0000000,2025,2026-05-18 02:01:57.0866667,2026-05-18 02:01:57.0866667
705,88482,MA000009,22657,18.4(a) - Junior other than office,Junior employees (other than office juniors),Level 5,Under 17 years of age,6,88476,NULL,2025-07-01 00:00:00.0000000,NULL,7,2025-06-03 01:22:02.0000000,2025,2026-05-18 02:01:57.1166667,2026-05-18 02:01:57.1166667
706,108884,MA000009,27952,I.5.2*_LoadedRates,For penalty table I.5.2,NULL,Level 4,2,108883,108885,2025-07-01 00:00:00.0000000,NULL,6,2025-06-03 01:22:00.0000000,2025,2026-05-18 02:01:57.1433333,2026-05-18 02:01:57.1433333
707,257,MA000009,11,18.1,Hospitality Employees,Clerical grade 2; Cook grade 2; Food and beverage attendant grade 3; Fork-lift driver; Front office grade 2; Gardener grade 2; Guest service grade 3; Handyperson; Kitchen attendant grade 3; Leisure attendant grade 2; Storeperson grade 2; Timekeeper/security officer grade 2,Level 3,4,246,268,2025-07-01 00:00:00.0000000,NULL,7,2025-06-03 01:21:51.0000000,2025,2026-05-18 02:01:57.1900000,2026-05-18 02:01:57.1900000
708,88551,MA000009,22667,18.4(b) - Junior office employees,Junior office employees,Level 3,19 years of age,3,88525,88525,2025-07-01 00:00:00.0000000,NULL,6,2025-06-03 01:22:03.0000000,2025,2026-05-18 02:01:57.2200000,2026-05-18 02:01:57.2200000
709,91139,MA000009,22672,18.4(a) - Junior Casino gaming,Junior employees,Introductory level,19 years of age,1,NULL,88617,2025-07-01 00:00:00.0000000,NULL,6,2025-06-03 01:22:05.0000000,2025,2026-05-18 02:01:57.2700000,2026-05-18 02:01:57.2700000
710,88617,MA000009,22672,18.4(a) - Junior Casino gaming,Junior employees,Level 1,19 years of age,2,91139,88621,2025-07-01 00:00:00.0000000,NULL,6,2025-06-03 01:22:04.0000000,2025,2026-05-18 02:01:57.3033333,2026-05-18 02:01:57.3033333
711,88636,MA000009,22672,18.4(a) - Junior Casino gaming,Junior employees,NULL,Level 4,NULL,NULL,NULL,2025-07-01 00:00:00.0000000,NULL,5,2025-06-03 01:21:58.0000000,2025,2026-05-18 02:01:57.4133333,2026-05-18 02:01:57.4133333
712,88558,MA000009,22667,18.4(b) - Junior office employees,Junior office employees,Level 4,18 years of age,4,88565,88550,2025-07-01 00:00:00.0000000,NULL,6,2025-06-03 01:22:03.0000000,2025,2026-05-18 02:01:57.5233333,2026-05-18 02:01:57.5233333
713,88523,MA000009,22667,18.4(b) - Junior office employees,Junior office employees,Level 2,17 years of age,2,88516,88549,2025-07-01 00:00:00.0000000,NULL,6,2025-06-03 01:22:02.0000000,2025,2026-05-18 02:01:57.6333333,2026-05-18 02:01:57.6333333
714,88391,MA000009,22657,18.4(a) - Junior other than office,Junior employees (other than office juniors),Introductory Level,20 years of age,1,NULL,88442,2025-07-01 00:00:00.0000000,NULL,8,2025-06-03 01:22:05.0000000,2025,2026-05-18 02:01:57.7500000,2026-05-18 02:01:57.7500000
715,90437,MA000009,22697,19.1(b),Cooking apprentices,65%,2nd year,2,90436,90438,2025-07-01 00:00:00.0000000,NULL,6,2025-06-03 01:22:05.0000000,2025,2026-05-18 02:01:57.8033333,2026-05-18 02:01:57.8033333
716,108887,MA000009,27953,I.5.3*_LoadedRates - Casino gaming employees,For penalty table I.5.3,NULL,Level 3,1,NULL,108889,2025-07-01 00:00:00.0000000,NULL,7,2025-06-03 01:22:00.0000000,2025,2026-05-18 02:01:57.8600000,2026-05-18 02:01:57.8600000
717,88561,MA000009,22667,18.4(b) - Junior office employees,Junior office employees,NULL,Level 5,NULL,NULL,NULL,2025-07-01 00:00:00.0000000,NULL,5,2025-06-03 01:21:56.0000000,2025,2026-05-18 02:01:57.9166667,2026-05-18 02:01:57.9166667
718,88518,MA000009,22667,18.4(b) - Junior office employees,Junior office employees,Introductory,19 years of age,1,NULL,88525,2025-07-01 00:00:00.0000000,NULL,6,2025-06-03 01:22:02.0000000,2025,2026-05-18 02:01:57.9700000,2026-05-18 02:01:57.9700000
719,88619,MA000009,22672,18.4(a) - Junior Casino gaming,Junior employees,NULL,Level 2,NULL,NULL,NULL,2025-07-01 00:00:00.0000000,NULL,5,2025-06-03 01:21:58.0000000,2025,2026-05-18 02:01:58.0000000,2026-05-18 02:01:58.0000000
720,108886,MA000009,27952,I.5.2*_LoadedRates,For penalty table I.5.2,NULL,Level 6,4,108885,NULL,2025-07-01 00:00:00.0000000,NULL,6,2025-06-03 01:22:00.0000000,2025,2026-05-18 02:01:58.0533333,2026-05-18 02:01:58.0533333
721,88479,MA000009,22657,18.4(a) - Junior other than office,Junior employees (other than office juniors),Level 4,19 years of age,5,88473,88485,2025-07-01 00:00:00.0000000,NULL,6,2025-06-03 01:22:01.0000000,2025,2026-05-18 02:01:58.0833333,2026-05-18 02:01:58.0833333
722,88638,MA000009,22672,18.4(a) - Junior Casino gaming,Junior employees,Level 4,19 years of age,5,88625,88642,2025-07-01 00:00:00.0000000,NULL,6,2025-06-03 01:22:04.0000000,2025,2026-05-18 02:01:58.1133333,2026-05-18 02:01:58.1133333
723,294,MA000009,13,18.3,Casino Gaming Employees,Casino electronic gaming employee grade 2; Casino equipment technician grade 1; Casino table gaming employee grade 1; Customer liaison officer; Gaming finance employee grade 1,Level 2,3,293,299,2025-07-01 00:00:00.0000000,NULL,7,2025-06-03 01:21:51.0000000,2025,2026-05-18 02:01:58.1633333,2026-05-18 02:01:58.1633333
724,303,MA000009,13,18.3,Casino Gaming Employees,Casino equipment technician grade 3; Gaming finance employee grade 3; Security officer grade 2,Level 4,6,294,306,2025-07-01 00:00:00.0000000,NULL,8,2025-06-03 01:21:52.0000000,2025,2026-05-18 02:01:58.1933333,2026-05-18 02:01:58.1933333
725,88622,MA000009,22672,18.4(a) - Junior Casino gaming,Junior employees,Level 2,20 years of age,3,88618,88626,2025-07-01 00:00:00.0000000,NULL,8,2025-06-03 01:22:04.0000000,2025,2026-05-18 02:01:58.2500000,2026-05-18 02:01:58.2500000
726,88616,MA000009,22672,18.4(a) - Junior Casino gaming,Junior employees,Level 1,18 years of age,2,88612,88620,2025-07-01 00:00:00.0000000,NULL,6,2025-06-03 01:22:03.0000000,2025,2026-05-18 02:01:58.3033333,2026-05-18 02:01:58.3033333
727,88612,MA000009,22672,18.4(a) - Junior Casino gaming,Junior employees,Introductory level,18 years of age,1,NULL,88616,2025-07-01 00:00:00.0000000,NULL,6,2025-06-03 01:22:03.0000000,2025,2026-05-18 02:01:58.3600000,2026-05-18 02:01:58.3600000
728,88625,MA000009,22672,18.4(a) - Junior Casino gaming,Junior employees,Level 3,19 years of age,4,88621,88638,2025-07-01 00:00:00.0000000,NULL,6,2025-06-03 01:22:04.0000000,2025,2026-05-18 02:01:58.4166667,2026-05-18 02:01:58.4166667
729,88559,MA000009,22667,18.4(b) - Junior office employees,Junior office employees,Level 4,19 years of age,4,88566,88551,2025-07-01 00:00:00.0000000,NULL,6,2025-06-03 01:22:03.0000000,2025,2026-05-18 02:01:58.4400000,2026-05-18 02:01:58.4400000
730,308,MA000009,13,18.3,Casino Gaming Employees,Casino table gaming employee grade 4; Gaming finance employee grade 5; Surveillance operator,Level 6,8,306,NULL,2025-07-01 00:00:00.0000000,NULL,8,2025-06-03 01:21:52.0000000,2025,2026-05-18 02:01:58.5200000,2026-05-18 02:01:58.5200000
731,88483,MA000009,22657,18.4(a) - Junior other than office,Junior employees (other than office juniors),Level 5,17 years of age,6,88477,NULL,2025-07-01 00:00:00.0000000,NULL,6,2025-06-03 01:22:02.0000000,2025,2026-05-18 02:01:58.5766667,2026-05-18 02:01:58.5766667
732,292,MA000009,13,18.3,Casino Gaming Employees,NULL,Introductory level,1,NULL,293,2025-07-01 00:00:00.0000000,NULL,7,2025-06-03 01:21:49.0000000,2025,2026-05-18 02:01:58.6300000,2026-05-18 02:01:58.6300000
733,88442,MA000009,22657,18.4(a) - Junior other than office,Junior employees (other than office juniors),Level 1,20 years of age,2,88391,88448,2025-07-01 00:00:00.0000000,NULL,8,2025-06-03 01:22:01.0000000,2025,2026-05-18 02:01:58.6566667,2026-05-18 02:01:58.6566667
734,88522,MA000009,22667,18.4(b) - Junior office employees,Junior office employees,Level 2,16 years of age,2,88514,88548,2025-07-01 00:00:00.0000000,NULL,6,2025-06-03 01:22:02.0000000,2025,2026-05-18 02:01:58.6833333,2026-05-18 02:01:58.6833333
735,88637,MA000009,22672,18.4(a) - Junior Casino gaming,Junior employees,Level 4,18 years of age,5,88624,88641,2025-07-01 00:00:00.0000000,NULL,6,2025-06-03 01:22:04.0000000,2025,2026-05-18 02:01:58.7100000,2026-05-18 02:01:58.7100000
736,365,MA000010,18,24.1(b)(i),Exit from traineeship - On completion of Skill Level A,Completed Year 10 or less,Plus 1 year—54.5%,1,NULL,366,2025-07-01 00:00:00.0000000,NULL,6,2025-06-03 01:23:35.0000000,2025,2026-05-18 02:01:58.7600000,2026-05-18 02:01:58.7600000
737,401,MA000010,20,24.1(b)(iii),Exit from traineeship - On completion of Skill Level C,Completed Year 11,Plus 2 years—71.7%,2,400,402,2025-07-01 00:00:00.0000000,NULL,6,2025-06-03 01:23:36.0000000,2025,2026-05-18 02:01:58.8166667,2026-05-18 02:01:58.8166667
738,368,MA000010,18,24.1(b)(i),Exit from traineeship - On completion of Skill Level A,Completed Year 10 or less,Plus 4 years—85.3%,4,367,369,2025-07-01 00:00:00.0000000,NULL,6,2025-06-03 01:23:35.0000000,2025,2026-05-18 02:01:58.8700000,2026-05-18 02:01:58.8700000
739,321,MA000010,15,20.1(a),Manufacturing Employees,NULL,C5 / V10,10,320,322,2025-07-01 00:00:00.0000000,NULL,7,2025-06-03 01:23:21.0000000,2025,2026-05-18 02:01:58.9200000,2026-05-18 02:01:58.9200000
740,400,MA000010,20,24.1(b)(iii),Exit from traineeship - On completion of Skill Level C,Completed Year 11,Plus 1 year—63.5%,1,NULL,401,2025-07-01 00:00:00.0000000,NULL,6,2025-06-03 01:23:36.0000000,2025,2026-05-18 02:01:58.9700000,2026-05-18 02:01:58.9700000
741,496,MA000010,26,G.4.2(b),National Training Wage - part-time traineeships - Wage Level B,Year 11,School leaver,1,NULL,497,2025-07-01 00:00:00.0000000,NULL,6,2026-02-12 23:49:27.0000000,2025,2026-05-18 02:01:59.0266667,2026-05-18 02:01:59.0266667
742,478,MA000010,25,G.4.2(a),National Training Wage - part-time traineeships - Wage Level A,Year 11,School leaver,1,NULL,479,2025-07-01 00:00:00.0000000,NULL,6,2026-02-12 23:49:26.0000000,2025,2026-05-18 02:01:59.0566667,2026-05-18 02:01:59.0566667
743,366,MA000010,18,24.1(b)(i),Exit from traineeship - On completion of Skill Level A,Completed Year 10 or less,Plus 2 years—63.1%,2,365,367,2025-07-01 00:00:00.0000000,NULL,6,2025-06-03 01:23:35.0000000,2025,2026-05-18 02:01:59.0833333,2026-05-18 02:01:59.0833333
744,90275,MA000010,15,20.1(a),Manufacturing Employees,NULL,D2,2,90274,90276,2025-07-01 00:00:00.0000000,NULL,6,2025-06-03 01:23:21.0000000,2025,2026-05-18 02:01:59.1366667,2026-05-18 02:01:59.1366667
745,441,MA000010,22,G.4.1(b),National Training Wage Level B,Year 12,Plus 2 years out of school,3,440,442,2025-07-01 00:00:00.0000000,NULL,6,2026-02-12 23:49:25.0000000,2025,2026-05-18 02:01:59.1900000,2026-05-18 02:01:59.1900000
746,340,MA000010,16,21.1,Apprentices commencing or continuing an apprenticeship prior to 1 January 2014,Completed Year 12,Stage 3,3,339,341,2025-07-01 00:00:00.0000000,NULL,5,2025-06-03 01:23:34.0000000,2025,2026-05-18 02:01:59.2400000,2026-05-18 02:01:59.2400000
747,359,MA000010,17,21.6,Apprentices commencing an apprenticeship on and from to 1 January 2014,Adult Apprentice,Stage 2—C14/V1,2,358,360,2025-07-01 00:00:00.0000000,NULL,7,2025-06-03 01:23:35.0000000,2025,2026-05-18 02:01:59.2900000,2026-05-18 02:01:59.2900000
748,90273,MA000010,15,20.1(a),Manufacturing Employees,NULL,Driver classifications,NULL,NULL,NULL,2025-07-01 00:00:00.0000000,NULL,5,2025-06-03 01:23:32.0000000,2025,2026-05-18 02:01:59.3433333,2026-05-18 02:01:59.3433333
749,422,MA000010,21,G.4.1(a),National Training Wage Level A,Year 12,Plus 1 year out of school,2,421,423,2025-07-01 00:00:00.0000000,NULL,6,2026-02-12 23:49:25.0000000,2025,2026-05-18 02:01:59.3933333,2026-05-18 02:01:59.3933333
750,330,MA000010,16,21.1,Apprentices commencing or continuing an apprenticeship prior to 1 January 2014,Completed Year 10 or less,Stage 1,1,NULL,331,2025-07-01 00:00:00.0000000,NULL,5,2025-06-03 01:23:34.0000000,2025,2026-05-18 02:01:59.4500000,2026-05-18 02:01:59.4500000
751,90276,MA000010,15,20.1(a),Manufacturing Employees,NULL,D3,3,90275,90277,2025-07-01 00:00:00.0000000,NULL,6,2025-06-03 01:23:21.0000000,2025,2026-05-18 02:01:59.4800000,2026-05-18 02:01:59.4800000
752,475,MA000010,25,G.4.2(a),National Training Wage - part-time traineeships - Wage Level A,Year 10,Plus 3 years out of school,4,474,476,2025-07-01 00:00:00.0000000,NULL,6,2026-02-12 23:49:26.0000000,2025,2026-05-18 02:01:59.5300000,2026-05-18 02:01:59.5300000
753,492,MA000010,26,G.4.2(b),National Training Wage - part-time traineeships - Wage Level B,Year 10,Plus 2 years out of school,3,491,493,2025-07-01 00:00:00.0000000,NULL,6,2026-02-12 23:49:27.0000000,2025,2026-05-18 02:01:59.5600000,2026-05-18 02:01:59.5600000
754,396,MA000010,20,24.1(b)(iii),Exit from traineeship - On completion of Skill Level C,Completed Year 10 or less,Plus 2 years—63.5%,2,395,397,2025-07-01 00:00:00.0000000,NULL,6,2025-06-03 01:23:36.0000000,2025,2026-05-18 02:01:59.6133333,2026-05-18 02:01:59.6133333
755,493,MA000010,26,G.4.2(b),National Training Wage - part-time traineeships - Wage Level B,Year 10,Plus 3 years out of school,4,492,494,2025-07-01 00:00:00.0000000,NULL,6,2026-02-12 23:49:27.0000000,2025,2026-05-18 02:01:59.6433333,2026-05-18 02:01:59.6433333
756,410,MA000010,21,G.4.1(a),National Training Wage Level A,Year 10,School leaver,1,NULL,411,2025-07-01 00:00:00.0000000,NULL,6,2026-02-12 23:49:23.0000000,2025,2026-05-18 02:01:59.6966667,2026-05-18 02:01:59.6966667
757,398,MA000010,20,24.1(b)(iii),Exit from traineeship - On completion of Skill Level C,Completed Year 10 or less,Plus 4 years—80.2%,4,397,399,2025-07-01 00:00:00.0000000,NULL,6,2025-06-03 01:23:36.0000000,2025,2026-05-18 02:01:59.7300000,2026-05-18 02:01:59.7300000
758,386,MA000010,19,24.1(b)(ii),Exit from traineeship - On completion of Skill Level B,Completed Year 11,Plus 2 years—74.5%,2,385,387,2025-07-01 00:00:00.0000000,NULL,6,2025-06-03 01:23:35.0000000,2025,2026-05-18 02:01:59.7800000,2026-05-18 02:01:59.7800000
759,90277,MA000010,15,20.1(a),Manufacturing Employees,NULL,D4,4,90276,NULL,2025-07-01 00:00:00.0000000,NULL,6,2025-06-03 01:23:21.0000000,2025,2026-05-18 02:01:59.8066667,2026-05-18 02:01:59.8066667
760,414,MA000010,21,G.4.1(a),National Training Wage Level A,Year 10,Plus 4 years out of school,5,413,415,2025-07-01 00:00:00.0000000,NULL,6,2026-02-12 23:49:24.0000000,2025,2026-05-18 02:01:59.8366667,2026-05-18 02:01:59.8366667
761,424,MA000010,21,G.4.1(a),National Training Wage Level A,Year 12,Plus 3 years out of school,4,423,NULL,2025-07-01 00:00:00.0000000,NULL,6,2026-02-12 23:49:25.0000000,2025,2026-05-18 02:01:59.8633333,2026-05-18 02:01:59.8633333
762,317,MA000010,15,20.1(a),Manufacturing Employees,NULL,C9 / V6,6,316,318,2025-07-01 00:00:00.0000000,NULL,6,2025-06-03 01:23:21.0000000,2025,2026-05-18 02:01:59.9133333,2026-05-18 02:01:59.9133333
763,374,MA000010,18,24.1(b)(i),Exit from traineeship - On completion of Skill Level A,Completed Year 12,Plus 1 year—73.5%,1,NULL,375,2025-07-01 00:00:00.0000000,NULL,6,2025-06-03 01:23:35.0000000,2025,2026-05-18 02:01:59.9566667,2026-05-18 02:01:59.9566667
764,344,MA000010,16,21.1,Apprentices commencing or continuing an apprenticeship prior to 1 January 2014,Adult (i.e 21 years of age or over),Stage 3,3,343,345,2025-07-01 00:00:00.0000000,NULL,6,2025-06-03 01:23:34.0000000,2025,2026-05-18 02:02:00.0066667,2026-05-18 02:02:00.0066667
765,372,MA000010,18,24.1(b)(i),Exit from traineeship - On completion of Skill Level A,Completed Year 11,Plus 3 years—85.3%,3,371,373,2025-07-01 00:00:00.0000000,NULL,6,2025-06-03 01:23:35.0000000,2025,2026-05-18 02:02:00.0500000,2026-05-18 02:02:00.0500000
766,481,MA000010,25,G.4.2(a),National Training Wage - part-time traineeships - Wage Level A,Year 11,Plus 3 years out of school,4,480,482,2025-07-01 00:00:00.0000000,NULL,6,2026-02-12 23:49:27.0000000,2025,2026-05-18 02:02:00.0733333,2026-05-18 02:02:00.0733333
767,466,MA000010,24,G.4.1(c)(ii),National Training Wage - AQF Certificate Level IV traineeships,Second and subsequent year of traineeship,Wage Level A,2,463,NULL,2025-07-01 00:00:00.0000000,NULL,7,2026-02-12 23:49:26.0000000,2025,2026-05-18 02:02:00.1166667,2026-05-18 02:02:00.1166667
768,390,MA000010,19,24.1(b)(ii),Exit from traineeship - On completion of Skill Level B,Completed Year 12,Plus 2 years—87.2%,2,389,391,2025-07-01 00:00:00.0000000,NULL,6,2025-06-03 01:23:36.0000000,2025,2026-05-18 02:02:00.1466667,2026-05-18 02:02:00.1466667
769,429,MA000010,22,G.4.1(b),National Training Wage Level B,Year 10,Plus 1 year out of school,2,428,430,2025-07-01 00:00:00.0000000,NULL,6,2026-02-12 23:49:25.0000000,2025,2026-05-18 02:02:00.1733333,2026-05-18 02:02:00.1733333
770,90286,MA000010,22951,20.1(a)*_Formatted,Vehicle Manufacturing employees only,NULL,V2,2,90285,90287,2025-07-01 00:00:00.0000000,NULL,5,2025-06-03 01:23:33.0000000,2025,2026-05-18 02:02:00.2233333,2026-05-18 02:02:00.2233333
771,531,MA000010,29,G.4.2(d)(ii),National Training Wage - AQF Certificate Level IV traineeships,Second and subsequent year of traineeship,Wage Level B,2,528,NULL,2025-07-01 00:00:00.0000000,NULL,7,2026-02-12 23:49:28.0000000,2025,2026-05-18 02:02:00.2533333,2026-05-18 02:02:00.2533333
772,417,MA000010,21,G.4.1(a),National Training Wage Level A,Year 11,Plus 1 year out of school,2,416,418,2025-07-01 00:00:00.0000000,NULL,6,2026-02-12 23:49:24.0000000,2025,2026-05-18 02:02:00.2833333,2026-05-18 02:02:00.2833333
773,428,MA000010,22,G.4.1(b),National Training Wage Level B,Year 10,School leaver,1,NULL,429,2025-07-01 00:00:00.0000000,NULL,6,2026-02-12 23:49:25.0000000,2025,2026-05-18 02:02:00.3100000,2026-05-18 02:02:00.3100000
774,90289,MA000010,22951,20.1(a)*_Formatted,Vehicle Manufacturing employees only,NULL,V5,5,90288,90290,2025-07-01 00:00:00.0000000,NULL,5,2025-06-03 01:23:33.0000000,2025,2026-05-18 02:02:00.3400000,2026-05-18 02:02:00.3400000
775,480,MA000010,25,G.4.2(a),National Training Wage - part-time traineeships - Wage Level A,Year 11,Plus 2 years out of school,3,479,481,2025-07-01 00:00:00.0000000,NULL,6,2026-02-12 23:49:27.0000000,2025,2026-05-18 02:02:00.3633333,2026-05-18 02:02:00.3633333
776,361,MA000010,17,21.6,Apprentices commencing an apprenticeship on and from to 1 January 2014,Adult Apprentice,Stage 4—C12/V3,4,360,NULL,2025-07-01 00:00:00.0000000,NULL,7,2025-06-03 01:23:35.0000000,2025,2026-05-18 02:02:00.3900000,2026-05-18 02:02:00.3900000
777,530,MA000010,29,G.4.2(d)(ii),National Training Wage - AQF Certificate Level IV traineeships,Second and subsequent year of traineeship,Wage Level A,2,527,NULL,2025-07-01 00:00:00.0000000,NULL,7,2026-02-12 23:49:28.0000000,2025,2026-05-18 02:02:00.4200000,2026-05-18 02:02:00.4200000
778,331,MA000010,16,21.1,Apprentices commencing or continuing an apprenticeship prior to 1 January 2014,Completed Year 10 or less,Stage 2,2,330,332,2025-07-01 00:00:00.0000000,NULL,5,2025-06-03 01:23:34.0000000,2025,2026-05-18 02:02:00.4466667,2026-05-18 02:02:00.4466667
779,320,MA000010,15,20.1(a),Manufacturing Employees,NULL,C6 / V9,9,90272,321,2025-07-01 00:00:00.0000000,NULL,7,2025-06-03 01:23:21.0000000,2025,2026-05-18 02:02:00.4733333,2026-05-18 02:02:00.4733333
780,434,MA000010,22,G.4.1(b),National Training Wage Level B,Year 11,School leaver,1,NULL,435,2025-07-01 00:00:00.0000000,NULL,6,2026-02-12 23:49:25.0000000,2025,2026-05-18 02:02:00.5000000,2026-05-18 02:02:00.5000000
781,318,MA000010,15,20.1(a),Manufacturing Employees,NULL,C8 / V7,7,317,319,2025-07-01 00:00:00.0000000,NULL,6,2025-06-03 01:23:21.0000000,2025,2026-05-18 02:02:00.5266667,2026-05-18 02:02:00.5266667
782,343,MA000010,16,21.1,Apprentices commencing or continuing an apprenticeship prior to 1 January 2014,Adult (i.e 21 years of age or over),Stage 2,2,342,344,2025-07-01 00:00:00.0000000,NULL,6,2025-06-03 01:23:34.0000000,2025,2026-05-18 02:02:00.5566667,2026-05-18 02:02:00.5566667
783,339,MA000010,16,21.1,Apprentices commencing or continuing an apprenticeship prior to 1 January 2014,Completed Year 12,Stage 2,2,338,340,2025-07-01 00:00:00.0000000,NULL,5,2025-06-03 01:23:34.0000000,2025,2026-05-18 02:02:00.5833333,2026-05-18 02:02:00.5833333
784,376,MA000010,18,24.1(b)(i),Exit from traineeship - On completion of Skill Level A,Completed Year 12,Plus 3 years—100%,3,375,NULL,2025-07-01 00:00:00.0000000,NULL,6,2025-06-03 01:23:35.0000000,2025,2026-05-18 02:02:00.6133333,2026-05-18 02:02:00.6133333
785,502,MA000010,26,G.4.2(b),National Training Wage - part-time traineeships - Wage Level B,Year 12,Plus 1 year out of school,2,501,503,2025-07-01 00:00:00.0000000,NULL,6,2026-02-12 23:49:28.0000000,2025,2026-05-18 02:02:00.6633333,2026-05-18 02:02:00.6633333
786,353,MA000010,17,21.6,Apprentices commencing an apprenticeship on and from to 1 January 2014,Has not completed Year 12,Stage 4—88%,4,352,NULL,2025-07-01 00:00:00.0000000,NULL,6,2025-06-03 01:23:34.0000000,2025,2026-05-18 02:02:00.7166667,2026-05-18 02:02:00.7166667
787,335,MA000010,16,21.1,Apprentices commencing or continuing an apprenticeship prior to 1 January 2014,Completed Year 11,Stage 2,2,334,336,2025-07-01 00:00:00.0000000,NULL,5,2025-06-03 01:23:34.0000000,2025,2026-05-18 02:02:00.7466667,2026-05-18 02:02:00.7466667
788,439,MA000010,22,G.4.1(b),National Training Wage Level B,Year 12,School leaver,1,NULL,440,2025-07-01 00:00:00.0000000,NULL,6,2026-02-12 23:49:25.0000000,2025,2026-05-18 02:02:00.7766667,2026-05-18 02:02:00.7766667
789,474,MA000010,25,G.4.2(a),National Training Wage - part-time traineeships - Wage Level A,Year 10,Plus 2 years out of school,3,473,475,2025-07-01 00:00:00.0000000,NULL,6,2026-02-12 23:49:26.0000000,2025,2026-05-18 02:02:00.8033333,2026-05-18 02:02:00.8033333
790,90287,MA000010,22951,20.1(a)*_Formatted,Vehicle Manufacturing employees only,NULL,V3,3,90286,90288,2025-07-01 00:00:00.0000000,NULL,5,2025-06-03 01:23:33.0000000,2025,2026-05-18 02:02:00.8300000,2026-05-18 02:02:00.8300000
791,483,MA000010,25,G.4.2(a),National Training Wage - part-time traineeships - Wage Level A,Year 12,School leaver,1,NULL,484,2025-07-01 00:00:00.0000000,NULL,6,2026-02-12 23:49:27.0000000,2025,2026-05-18 02:02:00.8533333,2026-05-18 02:02:00.8533333
792,503,MA000010,26,G.4.2(b),National Training Wage - part-time traineeships - Wage Level B,Year 12,Plus 2 years out of school,3,502,504,2025-07-01 00:00:00.0000000,NULL,6,2026-02-12 23:49:28.0000000,2025,2026-05-18 02:02:00.8833333,2026-05-18 02:02:00.8833333
793,338,MA000010,16,21.1,Apprentices commencing or continuing an apprenticeship prior to 1 January 2014,Completed Year 12,Stage 1,1,NULL,339,2025-07-01 00:00:00.0000000,NULL,5,2025-06-03 01:23:34.0000000,2025,2026-05-18 02:02:00.9100000,2026-05-18 02:02:00.9100000
794,373,MA000010,18,24.1(b)(i),Exit from traineeship - On completion of Skill Level A,Completed Year 11,Plus 4 years—100%,4,372,NULL,2025-07-01 00:00:00.0000000,NULL,6,2025-06-03 01:23:35.0000000,2025,2026-05-18 02:02:00.9366667,2026-05-18 02:02:00.9366667
795,423,MA000010,21,G.4.1(a),National Training Wage Level A,Year 12,Plus 2 years out of school,3,422,424,2025-07-01 00:00:00.0000000,NULL,6,2026-02-12 23:49:25.0000000,2025,2026-05-18 02:02:00.9633333,2026-05-18 02:02:00.9633333
796,90285,MA000010,22951,20.1(a)*_Formatted,Vehicle Manufacturing employees only,NULL,V1,1,NULL,90286,2025-07-01 00:00:00.0000000,NULL,5,2025-06-03 01:23:33.0000000,2025,2026-05-18 02:02:00.9933333,2026-05-18 02:02:00.9933333
797,421,MA000010,21,G.4.1(a),National Training Wage Level A,Year 12,School leaver,1,NULL,422,2025-07-01 00:00:00.0000000,NULL,6,2026-02-12 23:49:24.0000000,2025,2026-05-18 02:02:01.0200000,2026-05-18 02:02:01.0200000
798,356,MA000010,17,21.6,Apprentices commencing an apprenticeship on and from to 1 January 2014,Has completed Year 12,Stage 3—75%,3,355,357,2025-07-01 00:00:00.0000000,NULL,6,2025-06-03 01:23:34.0000000,2025,2026-05-18 02:02:01.0700000,2026-05-18 02:02:01.0700000
799,391,MA000010,19,24.1(b)(ii),Exit from traineeship - On completion of Skill Level B,Completed Year 12,Plus 3 years—100%,3,390,NULL,2025-07-01 00:00:00.0000000,NULL,6,2025-06-03 01:23:36.0000000,2025,2026-05-18 02:02:01.1233333,2026-05-18 02:02:01.1233333
800,482,MA000010,25,G.4.2(a),National Training Wage - part-time traineeships - Wage Level A,Year 11,Plus 4 years out of school,5,481,NULL,2025-07-01 00:00:00.0000000,NULL,6,2026-02-12 23:49:27.0000000,2025,2026-05-18 02:02:01.1533333,2026-05-18 02:02:01.1533333
801,333,MA000010,16,21.1,Apprentices commencing or continuing an apprenticeship prior to 1 January 2014,Completed Year 10 or less,Stage 4,4,332,NULL,2025-07-01 00:00:00.0000000,NULL,5,2025-06-03 01:23:34.0000000,2025,2026-05-18 02:02:01.1800000,2026-05-18 02:02:01.1800000
802,325,MA000010,15,20.1(a),Manufacturing Employees,NULL,C2(b) / V14,14,324,NULL,2025-07-01 00:00:00.0000000,NULL,7,2025-06-03 01:23:22.0000000,2025,2026-05-18 02:02:01.2333333,2026-05-18 02:02:01.2333333
803,383,MA000010,19,24.1(b)(ii),Exit from traineeship - On completion of Skill Level B,Completed Year 10 or less,Plus 4 years—87.2%,4,382,384,2025-07-01 00:00:00.0000000,NULL,6,2025-06-03 01:23:35.0000000,2025,2026-05-18 02:02:01.2866667,2026-05-18 02:02:01.2866667
804,384,MA000010,19,24.1(b)(ii),Exit from traineeship - On completion of Skill Level B,Completed Year 10 or less,Plus 5 years—100%,5,383,NULL,2025-07-01 00:00:00.0000000,NULL,6,2025-06-03 01:23:35.0000000,2025,2026-05-18 02:02:01.3433333,2026-05-18 02:02:01.3433333
805,358,MA000010,17,21.6,Apprentices commencing an apprenticeship on and from to 1 January 2014,Adult Apprentice,Stage 1—80%,1,NULL,359,2025-07-01 00:00:00.0000000,NULL,7,2025-06-03 01:23:35.0000000,2025,2026-05-18 02:02:01.3966667,2026-05-18 02:02:01.3966667
806,498,MA000010,26,G.4.2(b),National Training Wage - part-time traineeships - Wage Level B,Year 11,Plus 2 years out of school,3,497,499,2025-07-01 00:00:00.0000000,NULL,6,2026-02-12 23:49:27.0000000,2025,2026-05-18 02:02:01.4233333,2026-05-18 02:02:01.4233333
807,476,MA000010,25,G.4.2(a),National Training Wage - part-time traineeships - Wage Level A,Year 10,Plus 4 years out of school,5,475,477,2025-07-01 00:00:00.0000000,NULL,6,2026-02-12 23:49:26.0000000,2025,2026-05-18 02:02:01.4533333,2026-05-18 02:02:01.4533333
808,90295,MA000010,22951,20.1(a)*_Formatted,Vehicle Manufacturing employees only,NULL,V11,11,90294,90296,2025-07-01 00:00:00.0000000,NULL,5,2025-06-03 01:23:33.0000000,2025,2026-05-18 02:02:01.5066667,2026-05-18 02:02:01.5066667
809,316,MA000010,15,20.1(a),Manufacturing Employees,NULL,C10 / V5,5,315,317,2025-07-01 00:00:00.0000000,NULL,6,2025-06-03 01:23:21.0000000,2025,2026-05-18 02:02:01.5400000,2026-05-18 02:02:01.5400000
810,312,MA000010,15,20.1(a),Manufacturing Employees,NULL,C14 / V1,1,NULL,313,2025-07-01 00:00:00.0000000,NULL,5,2025-06-03 01:23:21.0000000,2025,2026-05-18 02:02:01.5666667,2026-05-18 02:02:01.5666667
811,415,MA000010,21,G.4.1(a),National Training Wage Level A,Year 10,Plus 5 or more years out of school,6,414,NULL,2025-07-01 00:00:00.0000000,NULL,6,2026-02-12 23:49:24.0000000,2025,2026-05-18 02:02:01.6200000,2026-05-18 02:02:01.6200000
812,360,MA000010,17,21.6,Apprentices commencing an apprenticeship on and from to 1 January 2014,Adult Apprentice,Stage 3—C13/V2,3,359,361,2025-07-01 00:00:00.0000000,NULL,7,2025-06-03 01:23:35.0000000,2025,2026-05-18 02:02:01.6500000,2026-05-18 02:02:01.6500000
813,473,MA000010,25,G.4.2(a),National Training Wage - part-time traineeships - Wage Level A,Year 10,Plus 1 year out of school,2,472,474,2025-07-01 00:00:00.0000000,NULL,6,2026-02-12 23:49:26.0000000,2025,2026-05-18 02:02:01.6766667,2026-05-18 02:02:01.6766667
814,345,MA000010,16,21.1,Apprentices commencing or continuing an apprenticeship prior to 1 January 2014,Adult (i.e 21 years of age or over),Stage 4,4,344,NULL,2025-07-01 00:00:00.0000000,NULL,6,2025-06-03 01:23:34.0000000,2025,2026-05-18 02:02:01.7066667,2026-05-18 02:02:01.7066667
815,90297,MA000010,22951,20.1(a)*_Formatted,Vehicle Manufacturing employees only,NULL,V13,13,90296,90298,2025-07-01 00:00:00.0000000,NULL,5,2025-06-03 01:23:34.0000000,2025,2026-05-18 02:02:01.7333333,2026-05-18 02:02:01.7333333
816,416,MA000010,21,G.4.1(a),National Training Wage Level A,Year 11,School leaver,1,NULL,417,2025-07-01 00:00:00.0000000,NULL,6,2026-02-12 23:49:24.0000000,2025,2026-05-18 02:02:01.7600000,2026-05-18 02:02:01.7600000
817,382,MA000010,19,24.1(b)(ii),Exit from traineeship - On completion of Skill Level B,Completed Year 10 or less,Plus 3 years—74.5%,3,381,383,2025-07-01 00:00:00.0000000,NULL,6,2025-06-03 01:23:35.0000000,2025,2026-05-18 02:02:01.7866667,2026-05-18 02:02:01.7866667
818,500,MA000010,26,G.4.2(b),National Training Wage - part-time traineeships - Wage Level B,Year 11,Plus 4 years out of school,5,499,NULL,2025-07-01 00:00:00.0000000,NULL,6,2026-02-12 23:49:28.0000000,2025,2026-05-18 02:02:01.8133333,2026-05-18 02:02:01.8133333
819,314,MA000010,15,20.1(a),Manufacturing Employees,NULL,C12 / V3,3,313,315,2025-07-01 00:00:00.0000000,NULL,5,2025-06-03 01:23:21.0000000,2025,2026-05-18 02:02:01.8400000,2026-05-18 02:02:01.8400000
820,437,MA000010,22,G.4.1(b),National Training Wage Level B,Year 11,Plus 3 years out of school,4,436,438,2025-07-01 00:00:00.0000000,NULL,6,2026-02-12 23:49:25.0000000,2025,2026-05-18 02:02:01.8700000,2026-05-18 02:02:01.8700000
821,322,MA000010,15,20.1(a),Manufacturing Employees,NULL,C4 / V11,11,321,323,2025-07-01 00:00:00.0000000,NULL,7,2025-06-03 01:23:21.0000000,2025,2026-05-18 02:02:01.8966667,2026-05-18 02:02:01.8966667
822,501,MA000010,26,G.4.2(b),National Training Wage - part-time traineeships - Wage Level B,Year 12,School leaver,1,NULL,502,2025-07-01 00:00:00.0000000,NULL,6,2026-02-12 23:49:28.0000000,2025,2026-05-18 02:02:01.9266667,2026-05-18 02:02:01.9266667
823,334,MA000010,16,21.1,Apprentices commencing or continuing an apprenticeship prior to 1 January 2014,Completed Year 11,Stage 1,1,NULL,335,2025-07-01 00:00:00.0000000,NULL,5,2025-06-03 01:23:34.0000000,2025,2026-05-18 02:02:01.9500000,2026-05-18 02:02:01.9500000
824,399,MA000010,20,24.1(b)(iii),Exit from traineeship - On completion of Skill Level C,Completed Year 10 or less,Plus 5 years—100%,5,398,NULL,2025-07-01 00:00:00.0000000,NULL,6,2025-06-03 01:23:36.0000000,2025,2026-05-18 02:02:01.9766667,2026-05-18 02:02:01.9766667
825,430,MA000010,22,G.4.1(b),National Training Wage Level B,Year 10,Plus 2 years out of school,3,429,431,2025-07-01 00:00:00.0000000,NULL,6,2026-02-12 23:49:25.0000000,2025,2026-05-18 02:02:01.9933333,2026-05-18 02:02:01.9933333
826,477,MA000010,25,G.4.2(a),National Training Wage - part-time traineeships - Wage Level A,Year 10,Plus 5 or more years out of school,6,476,NULL,2025-07-01 00:00:00.0000000,NULL,6,2026-02-12 23:49:26.0000000,2025,2026-05-18 02:02:02.0200000,2026-05-18 02:02:02.0200000
827,370,MA000010,18,24.1(b)(i),Exit from traineeship - On completion of Skill Level A,Completed Year 11,Plus 1 year—63.1%,1,NULL,371,2025-07-01 00:00:00.0000000,NULL,6,2025-06-03 01:23:35.0000000,2025,2026-05-18 02:02:02.0400000,2026-05-18 02:02:02.0400000
828,405,MA000010,20,24.1(b)(iii),Exit from traineeship - On completion of Skill Level C,Completed Year 12,Plus 2 years—80.2%,2,404,406,2025-07-01 00:00:00.0000000,NULL,6,2025-06-03 01:23:36.0000000,2025,2026-05-18 02:02:02.0600000,2026-05-18 02:02:02.0600000
829,342,MA000010,16,21.1,Apprentices commencing or continuing an apprenticeship prior to 1 January 2014,Adult (i.e 21 years of age or over),Stage 1,1,NULL,343,2025-07-01 00:00:00.0000000,NULL,6,2025-06-03 01:23:34.0000000,2025,2026-05-18 02:02:02.0800000,2026-05-18 02:02:02.0800000
830,380,MA000010,19,24.1(b)(ii),Exit from traineeship - On completion of Skill Level B,Completed Year 10 or less,Plus 1 year—57.9%,1,NULL,381,2025-07-01 00:00:00.0000000,NULL,6,2025-06-03 01:23:35.0000000,2025,2026-05-18 02:02:02.1000000,2026-05-18 02:02:02.1000000
831,369,MA000010,18,24.1(b)(i),Exit from traineeship - On completion of Skill Level A,Completed Year 10 or less,Plus 5 years—100%,5,368,NULL,2025-07-01 00:00:00.0000000,NULL,6,2025-06-03 01:23:35.0000000,2025,2026-05-18 02:02:02.1200000,2026-05-18 02:02:02.1200000
832,404,MA000010,20,24.1(b)(iii),Exit from traineeship - On completion of Skill Level C,Completed Year 12,Plus 1 year—71.7%,1,NULL,405,2025-07-01 00:00:00.0000000,NULL,6,2025-06-03 01:23:36.0000000,2025,2026-05-18 02:02:02.1366667,2026-05-18 02:02:02.1366667
833,524,MA000010,28,G.4.2(c),National Training Wage - School-based traineeships,NULL,Year 12,1,NULL,NULL,2025-07-01 00:00:00.0000000,NULL,7,2026-02-12 23:49:28.0000000,2025,2026-05-18 02:02:02.1800000,2026-05-18 02:02:02.1800000
834,402,MA000010,20,24.1(b)(iii),Exit from traineeship - On completion of Skill Level C,Completed Year 11,Plus 3 years—80.2%,3,401,403,2025-07-01 00:00:00.0000000,NULL,6,2025-06-03 01:23:36.0000000,2025,2026-05-18 02:02:02.2000000,2026-05-18 02:02:02.2000000
835,479,MA000010,25,G.4.2(a),National Training Wage - part-time traineeships - Wage Level A,Year 11,Plus 1 year out of school,2,478,480,2025-07-01 00:00:00.0000000,NULL,6,2026-02-12 23:49:27.0000000,2025,2026-05-18 02:02:02.2233333,2026-05-18 02:02:02.2233333
836,371,MA000010,18,24.1(b)(i),Exit from traineeship - On completion of Skill Level A,Completed Year 11,Plus 2 years—73.5%,2,370,372,2025-07-01 00:00:00.0000000,NULL,6,2025-06-03 01:23:35.0000000,2025,2026-05-18 02:02:02.2500000,2026-05-18 02:02:02.2500000
837,497,MA000010,26,G.4.2(b),National Training Wage - part-time traineeships - Wage Level B,Year 11,Plus 1 year out of school,2,496,498,2025-07-01 00:00:00.0000000,NULL,6,2026-02-12 23:49:27.0000000,2025,2026-05-18 02:02:02.2733333,2026-05-18 02:02:02.2733333
838,406,MA000010,20,24.1(b)(iii),Exit from traineeship - On completion of Skill Level C,Completed Year 12,Plus 3 years—100%,3,405,NULL,2025-07-01 00:00:00.0000000,NULL,6,2025-06-03 01:23:36.0000000,2025,2026-05-18 02:02:02.3066667,2026-05-18 02:02:02.3066667
839,528,MA000010,29,G.4.2(d)(ii),National Training Wage - AQF Certificate Level IV traineeships,First year of traineeship,Wage Level B,1,NULL,531,2025-07-01 00:00:00.0000000,NULL,7,2026-02-12 23:49:28.0000000,2025,2026-05-18 02:02:02.3400000,2026-05-18 02:02:02.3400000
840,435,MA000010,22,G.4.1(b),National Training Wage Level B,Year 11,Plus 1 year out of school,2,434,436,2025-07-01 00:00:00.0000000,NULL,6,2026-02-12 23:49:25.0000000,2025,2026-05-18 02:02:02.3866667,2026-05-18 02:02:02.3866667
841,499,MA000010,26,G.4.2(b),National Training Wage - part-time traineeships - Wage Level B,Year 11,Plus 3 years out of school,4,498,500,2025-07-01 00:00:00.0000000,NULL,6,2026-02-12 23:49:27.0000000,2025,2026-05-18 02:02:02.4133333,2026-05-18 02:02:02.4133333
842,397,MA000010,20,24.1(b)(iii),Exit from traineeship - On completion of Skill Level C,Completed Year 10 or less,Plus 3 years—71.7%,3,396,398,2025-07-01 00:00:00.0000000,NULL,6,2025-06-03 01:23:36.0000000,2025,2026-05-18 02:02:02.4300000,2026-05-18 02:02:02.4300000
843,357,MA000010,17,21.6,Apprentices commencing an apprenticeship on and from to 1 January 2014,Has completed Year 12,Stage 4—C12/V3,4,356,NULL,2025-07-01 00:00:00.0000000,NULL,6,2025-06-03 01:23:34.0000000,2025,2026-05-18 02:02:02.4700000,2026-05-18 02:02:02.4700000
844,315,MA000010,15,20.1(a),Manufacturing Employees,NULL,C11 / V4,4,314,316,2025-07-01 00:00:00.0000000,NULL,6,2025-06-03 01:23:21.0000000,2025,2026-05-18 02:02:02.4833333,2026-05-18 02:02:02.4833333
845,413,MA000010,21,G.4.1(a),National Training Wage Level A,Year 10,Plus 3 years out of school,4,412,414,2025-07-01 00:00:00.0000000,NULL,6,2026-02-12 23:49:24.0000000,2025,2026-05-18 02:02:02.5000000,2026-05-18 02:02:02.5000000
846,411,MA000010,21,G.4.1(a),National Training Wage Level A,Year 10,Plus 1 year out of school,2,410,412,2025-07-01 00:00:00.0000000,NULL,6,2026-02-12 23:49:23.0000000,2025,2026-05-18 02:02:02.5133333,2026-05-18 02:02:02.5133333
847,472,MA000010,25,G.4.2(a),National Training Wage - part-time traineeships - Wage Level A,Year 10,School leaver,1,NULL,473,2025-07-01 00:00:00.0000000,NULL,6,2026-02-12 23:49:26.0000000,2025,2026-05-18 02:02:02.5300000,2026-05-18 02:02:02.5300000
848,463,MA000010,24,G.4.1(c)(ii),National Training Wage - AQF Certificate Level IV traineeships,First year of traineeship,Wage Level A,1,NULL,466,2025-07-01 00:00:00.0000000,NULL,7,2026-02-12 23:49:26.0000000,2025,2026-05-18 02:02:02.5500000,2026-05-18 02:02:02.5500000
849,494,MA000010,26,G.4.2(b),National Training Wage - part-time traineeships - Wage Level B,Year 10,Plus 4 years out of school,5,493,495,2025-07-01 00:00:00.0000000,NULL,6,2026-02-12 23:49:27.0000000,2025,2026-05-18 02:02:02.6033333,2026-05-18 02:02:02.6033333
850,389,MA000010,19,24.1(b)(ii),Exit from traineeship - On completion of Skill Level B,Completed Year 12,Plus 1 year—74.5%,1,NULL,390,2025-07-01 00:00:00.0000000,NULL,6,2025-06-03 01:23:36.0000000,2025,2026-05-18 02:02:02.6266667,2026-05-18 02:02:02.6266667
851,495,MA000010,26,G.4.2(b),National Training Wage - part-time traineeships - Wage Level B,Year 10,Plus 5 or more years out of school,6,494,NULL,2025-07-01 00:00:00.0000000,NULL,6,2026-02-12 23:49:27.0000000,2025,2026-05-18 02:02:02.6433333,2026-05-18 02:02:02.6433333
852,319,MA000010,15,20.1(a),Manufacturing Employees,NULL,C7,8,318,320,2025-07-01 00:00:00.0000000,NULL,6,2025-06-03 01:23:21.0000000,2025,2026-05-18 02:02:02.6800000,2026-05-18 02:02:02.6800000
853,442,MA000010,22,G.4.1(b),National Training Wage Level B,Year 12,Plus 3 years out of school,4,441,NULL,2025-07-01 00:00:00.0000000,NULL,6,2026-02-12 23:49:26.0000000,2025,2026-05-18 02:02:02.6966667,2026-05-18 02:02:02.6966667
854,355,MA000010,17,21.6,Apprentices commencing an apprenticeship on and from to 1 January 2014,Has completed Year 12,Stage 2—65%,2,354,356,2025-07-01 00:00:00.0000000,NULL,6,2025-06-03 01:23:34.0000000,2025,2026-05-18 02:02:02.7600000,2026-05-18 02:02:02.7600000
855,90294,MA000010,22951,20.1(a)*_Formatted,Vehicle Manufacturing employees only,NULL,V10,10,90293,90295,2025-07-01 00:00:00.0000000,NULL,5,2025-06-03 01:23:33.0000000,2025,2026-05-18 02:02:02.7833333,2026-05-18 02:02:02.7833333
856,523,MA000010,28,G.4.2(c),National Training Wage - School-based traineeships,NULL,Year 11 or lower,1,NULL,NULL,2025-07-01 00:00:00.0000000,NULL,7,2026-02-12 23:49:28.0000000,2025,2026-05-18 02:02:02.8266667,2026-05-18 02:02:02.8266667
857,90296,MA000010,22951,20.1(a)*_Formatted,Vehicle Manufacturing employees only,NULL,V12,12,90295,90297,2025-07-01 00:00:00.0000000,NULL,5,2025-06-03 01:23:34.0000000,2025,2026-05-18 02:02:02.9000000,2026-05-18 02:02:02.9000000
858,90290,MA000010,22951,20.1(a)*_Formatted,Vehicle Manufacturing employees only,NULL,V6,6,90289,90291,2025-07-01 00:00:00.0000000,NULL,5,2025-06-03 01:23:33.0000000,2025,2026-05-18 02:02:02.9600000,2026-05-18 02:02:02.9600000
859,90292,MA000010,22951,20.1(a)*_Formatted,Vehicle Manufacturing employees only,NULL,V8,8,90291,90293,2025-07-01 00:00:00.0000000,NULL,5,2025-06-03 01:23:33.0000000,2025,2026-05-18 02:02:02.9833333,2026-05-18 02:02:02.9833333
860,467,MA000010,24,G.4.1(c)(ii),National Training Wage - AQF Certificate Level IV traineeships,Second and subsequent year of traineeship,Wage Level B,2,464,NULL,2025-07-01 00:00:00.0000000,NULL,7,2026-02-12 23:49:26.0000000,2025,2026-05-18 02:02:03.0066667,2026-05-18 02:02:03.0066667
861,436,MA000010,22,G.4.1(b),National Training Wage Level B,Year 11,Plus 2 years out of school,3,435,437,2025-07-01 00:00:00.0000000,NULL,6,2026-02-12 23:49:25.0000000,2025,2026-05-18 02:02:03.0233333,2026-05-18 02:02:03.0233333
862,341,MA000010,16,21.1,Apprentices commencing or continuing an apprenticeship prior to 1 January 2014,Completed Year 12,Stage 4,4,340,NULL,2025-07-01 00:00:00.0000000,NULL,5,2025-06-03 01:23:34.0000000,2025,2026-05-18 02:02:03.0366667,2026-05-18 02:02:03.0366667
863,351,MA000010,17,21.6,Apprentices commencing an apprenticeship on and from to 1 January 2014,Has not completed Year 12,Stage 2—60%,2,350,352,2025-07-01 00:00:00.0000000,NULL,6,2025-06-03 01:23:34.0000000,2025,2026-05-18 02:02:03.0666667,2026-05-18 02:02:03.0666667
864,350,MA000010,17,21.6,Apprentices commencing an apprenticeship on and from to 1 January 2014,Has not completed Year 12,Stage 1—50%,1,NULL,351,2025-07-01 00:00:00.0000000,NULL,6,2025-06-03 01:23:34.0000000,2025,2026-05-18 02:02:03.1000000,2026-05-18 02:02:03.1000000
865,336,MA000010,16,21.1,Apprentices commencing or continuing an apprenticeship prior to 1 January 2014,Completed Year 11,Stage 3,3,335,337,2025-07-01 00:00:00.0000000,NULL,5,2025-06-03 01:23:34.0000000,2025,2026-05-18 02:02:03.1200000,2026-05-18 02:02:03.1200000
866,490,MA000010,26,G.4.2(b),National Training Wage - part-time traineeships - Wage Level B,Year 10,School leaver,1,NULL,491,2025-07-01 00:00:00.0000000,NULL,6,2026-02-12 23:49:27.0000000,2025,2026-05-18 02:02:03.1400000,2026-05-18 02:02:03.1400000
867,418,MA000010,21,G.4.1(a),National Training Wage Level A,Year 11,Plus 2 years out of school,3,417,419,2025-07-01 00:00:00.0000000,NULL,6,2026-02-12 23:49:24.0000000,2025,2026-05-18 02:02:03.1566667,2026-05-18 02:02:03.1566667
868,352,MA000010,17,21.6,Apprentices commencing an apprenticeship on and from to 1 January 2014,Has not completed Year 12,Stage 3—75%,3,351,353,2025-07-01 00:00:00.0000000,NULL,6,2025-06-03 01:23:34.0000000,2025,2026-05-18 02:02:03.1900000,2026-05-18 02:02:03.1900000
869,324,MA000010,15,20.1(a),Manufacturing Employees,NULL,C2(a) / V13,13,323,325,2025-07-01 00:00:00.0000000,NULL,7,2025-06-03 01:23:22.0000000,2025,2026-05-18 02:02:03.2300000,2026-05-18 02:02:03.2300000
870,323,MA000010,15,20.1(a),Manufacturing Employees,NULL,C3 / V12,12,322,324,2025-07-01 00:00:00.0000000,NULL,7,2025-06-03 01:23:21.0000000,2025,2026-05-18 02:02:03.2800000,2026-05-18 02:02:03.2800000
871,332,MA000010,16,21.1,Apprentices commencing or continuing an apprenticeship prior to 1 January 2014,Completed Year 10 or less,Stage 3,3,331,333,2025-07-01 00:00:00.0000000,NULL,5,2025-06-03 01:23:34.0000000,2025,2026-05-18 02:02:03.3100000,2026-05-18 02:02:03.3100000
872,419,MA000010,21,G.4.1(a),National Training Wage Level A,Year 11,Plus 3 years out of school,4,418,420,2025-07-01 00:00:00.0000000,NULL,6,2026-02-12 23:49:24.0000000,2025,2026-05-18 02:02:03.3300000,2026-05-18 02:02:03.3300000
873,433,MA000010,22,G.4.1(b),National Training Wage Level B,Year 10,Plus 5 or more years out of school,6,432,NULL,2025-07-01 00:00:00.0000000,NULL,6,2026-02-12 23:49:25.0000000,2025,2026-05-18 02:02:03.3500000,2026-05-18 02:02:03.3500000
874,367,MA000010,18,24.1(b)(i),Exit from traineeship - On completion of Skill Level A,Completed Year 10 or less,Plus 3 years—73.5%,3,366,368,2025-07-01 00:00:00.0000000,NULL,6,2025-06-03 01:23:35.0000000,2025,2026-05-18 02:02:03.3700000,2026-05-18 02:02:03.3700000
875,395,MA000010,20,24.1(b)(iii),Exit from traineeship - On completion of Skill Level C,Completed Year 10 or less,Plus 1 year—60.3%,1,NULL,396,2025-07-01 00:00:00.0000000,NULL,6,2025-06-03 01:23:36.0000000,2025,2026-05-18 02:02:03.3866667,2026-05-18 02:02:03.3866667
876,432,MA000010,22,G.4.1(b),National Training Wage Level B,Year 10,Plus 4 years out of school,5,431,433,2025-07-01 00:00:00.0000000,NULL,6,2026-02-12 23:49:25.0000000,2025,2026-05-18 02:02:03.4033333,2026-05-18 02:02:03.4033333
877,403,MA000010,20,24.1(b)(iii),Exit from traineeship - On completion of Skill Level C,Completed Year 11,Plus 4 years—100%,4,402,NULL,2025-07-01 00:00:00.0000000,NULL,6,2025-06-03 01:23:36.0000000,2025,2026-05-18 02:02:03.4166667,2026-05-18 02:02:03.4166667
878,485,MA000010,25,G.4.2(a),National Training Wage - part-time traineeships - Wage Level A,Year 12,Plus 2 years out of school,3,484,486,2025-07-01 00:00:00.0000000,NULL,6,2026-02-12 23:49:27.0000000,2025,2026-05-18 02:02:03.4366667,2026-05-18 02:02:03.4366667
879,440,MA000010,22,G.4.1(b),National Training Wage Level B,Year 12,Plus 1 year out of school,2,439,441,2025-07-01 00:00:00.0000000,NULL,6,2026-02-12 23:49:25.0000000,2025,2026-05-18 02:02:03.4500000,2026-05-18 02:02:03.4500000
880,385,MA000010,19,24.1(b)(ii),Exit from traineeship - On completion of Skill Level B,Completed Year 11,Plus 1 year—64.8%,1,NULL,386,2025-07-01 00:00:00.0000000,NULL,6,2025-06-03 01:23:35.0000000,2025,2026-05-18 02:02:03.4633333,2026-05-18 02:02:03.4633333
881,313,MA000010,15,20.1(a),Manufacturing Employees,NULL,C13 / V2,2,312,314,2025-07-01 00:00:00.0000000,NULL,5,2025-06-03 01:23:21.0000000,2025,2026-05-18 02:02:03.4766667,2026-05-18 02:02:03.4766667
882,420,MA000010,21,G.4.1(a),National Training Wage Level A,Year 11,Plus 4 years out of school,5,419,NULL,2025-07-01 00:00:00.0000000,NULL,6,2026-02-12 23:49:24.0000000,2025,2026-05-18 02:02:03.4933333,2026-05-18 02:02:03.4933333
883,90293,MA000010,22951,20.1(a)*_Formatted,Vehicle Manufacturing employees only,NULL,V9,9,90292,90294,2025-07-01 00:00:00.0000000,NULL,5,2025-06-03 01:23:33.0000000,2025,2026-05-18 02:02:03.5066667,2026-05-18 02:02:03.5066667
884,90288,MA000010,22951,20.1(a)*_Formatted,Vehicle Manufacturing employees only,NULL,V4,4,90287,90289,2025-07-01 00:00:00.0000000,NULL,5,2025-06-03 01:23:33.0000000,2025,2026-05-18 02:02:03.5233333,2026-05-18 02:02:03.5233333
885,431,MA000010,22,G.4.1(b),National Training Wage Level B,Year 10,Plus 3 years out of school,4,430,432,2025-07-01 00:00:00.0000000,NULL,6,2026-02-12 23:49:25.0000000,2025,2026-05-18 02:02:03.5366667,2026-05-18 02:02:03.5366667
886,546,MA000011,30,15.1(a),NULL,Level 5,Advanced specialist,6,545,547,2025-07-01 00:00:00.0000000,NULL,6,2025-06-03 01:25:55.0000000,2025,2026-05-18 02:02:03.6133333,2026-05-18 02:02:03.6133333
887,86713,MA000011,22443,15.1(a)*_OrdHrRate,NULL,NULL,Level 4,5,86711,86714,2025-07-01 00:00:00.0000000,NULL,6,2025-06-03 01:25:57.0000000,2025,2026-05-18 02:02:03.6533333,2026-05-18 02:02:03.6533333
888,86699,MA000011,22443,15.1(a)*_OrdHrRate,NULL,NULL,Entry level,1,NULL,86701,2025-07-01 00:00:00.0000000,NULL,6,2025-06-03 01:25:57.0000000,2025,2026-05-18 02:02:03.6900000,2026-05-18 02:02:03.6900000
889,86711,MA000011,22443,15.1(a)*_OrdHrRate,NULL,NULL,Level 3,4,86706,86713,2025-07-01 00:00:00.0000000,NULL,6,2025-06-03 01:25:57.0000000,2025,2026-05-18 02:02:03.7100000,2026-05-18 02:02:03.7100000
890,86716,MA000011,22443,15.1(a)*_OrdHrRate,NULL,NULL,Level 7,8,86715,NULL,2025-07-01 00:00:00.0000000,NULL,6,2025-06-03 01:25:57.0000000,2025,2026-05-18 02:02:03.7266667,2026-05-18 02:02:03.7266667
891,541,MA000011,30,15.1(a),NULL,Entry Level,Introductory,1,NULL,542,2025-07-01 00:00:00.0000000,NULL,6,2025-06-03 01:25:55.0000000,2025,2026-05-18 02:02:03.7600000,2026-05-18 02:02:03.7600000
892,86706,MA000011,22443,15.1(a)*_OrdHrRate,NULL,NULL,Level 2,3,86701,86711,2025-07-01 00:00:00.0000000,NULL,6,2025-06-03 01:25:57.0000000,2025,2026-05-18 02:02:03.7800000,2026-05-18 02:02:03.7800000
893,544,MA000011,30,15.1(a),NULL,Level 3,Competent,4,543,545,2025-07-01 00:00:00.0000000,NULL,6,2025-06-03 01:25:55.0000000,2025,2026-05-18 02:02:03.8066667,2026-05-18 02:02:03.8066667
894,86715,MA000011,22443,15.1(a)*_OrdHrRate,NULL,NULL,Level 6,7,86714,86716,2025-07-01 00:00:00.0000000,NULL,6,2025-06-03 01:25:57.0000000,2025,2026-05-18 02:02:03.8233333,2026-05-18 02:02:03.8233333
895,543,MA000011,30,15.1(a),NULL,Level 2,Intermediate,3,542,544,2025-07-01 00:00:00.0000000,NULL,6,2025-06-03 01:25:55.0000000,2025,2026-05-18 02:02:03.8500000,2026-05-18 02:02:03.8500000
896,548,MA000011,30,15.1(a),NULL,Level 7,Dual trade instrumentation,8,547,NULL,2025-07-01 00:00:00.0000000,NULL,6,2025-06-03 01:25:55.0000000,2025,2026-05-18 02:02:03.8733333,2026-05-18 02:02:03.8733333
897,547,MA000011,30,15.1(a),NULL,Level 6,Dual trade,7,546,548,2025-07-01 00:00:00.0000000,NULL,6,2025-06-03 01:25:55.0000000,2025,2026-05-18 02:02:03.8966667,2026-05-18 02:02:03.8966667
898,542,MA000011,30,15.1(a),NULL,Level 1,Basic,2,541,543,2025-07-01 00:00:00.0000000,NULL,6,2025-06-03 01:25:55.0000000,2025,2026-05-18 02:02:03.9233333,2026-05-18 02:02:03.9233333
899,545,MA000011,30,15.1(a),NULL,Level 4,Advanced,5,544,546,2025-07-01 00:00:00.0000000,NULL,6,2025-06-03 01:25:55.0000000,2025,2026-05-18 02:02:03.9433333,2026-05-18 02:02:03.9433333
900,86701,MA000011,22443,15.1(a)*_OrdHrRate,NULL,NULL,Level 1,2,86699,86706,2025-07-01 00:00:00.0000000,NULL,6,2025-06-03 01:25:57.0000000,2025,2026-05-18 02:02:03.9600000,2026-05-18 02:02:03.9600000
901,86714,MA000011,22443,15.1(a)*_OrdHrRate,NULL,NULL,Level 5,6,86713,86715,2025-07-01 00:00:00.0000000,NULL,6,2025-06-03 01:25:57.0000000,2025,2026-05-18 02:02:03.9766667,2026-05-18 02:02:03.9766667
902,558,MA000012,31,16.1,Pharmacy employees,NULL,Pharmacy intern—2nd half of training,6,557,559,2025-07-01 00:00:00.0000000,NULL,6,2025-06-03 01:28:21.0000000,2025,2026-05-18 02:02:04.0066667,2026-05-18 02:02:04.0066667
903,550,MA000012,31,16.1,Pharmacy employees,NULL,Pharmacy assistant level 2,2,549,551,2025-07-01 00:00:00.0000000,NULL,6,2025-06-03 01:28:21.0000000,2025,2026-05-18 02:02:04.0300000,2026-05-18 02:02:04.0300000
904,556,MA000012,31,16.1,Pharmacy employees,NULL,Pharmacy student—4th year of course,4,555,557,2025-07-01 00:00:00.0000000,NULL,6,2025-06-03 01:28:21.0000000,2025,2026-05-18 02:02:04.0500000,2026-05-18 02:02:04.0500000
905,549,MA000012,31,16.1,Pharmacy employees,NULL,Pharmacy assistant level 1,1,NULL,550,2025-07-01 00:00:00.0000000,NULL,6,2025-06-03 01:28:21.0000000,2025,2026-05-18 02:02:04.0700000,2026-05-18 02:02:04.0700000
906,561,MA000012,31,16.1,Pharmacy employees,NULL,Pharmacist in charge,9,560,562,2025-07-01 00:00:00.0000000,NULL,6,2025-06-03 01:28:21.0000000,2025,2026-05-18 02:02:04.0933333,2026-05-18 02:02:04.0933333
907,553,MA000012,31,16.1,Pharmacy employees,NULL,Pharmacy student—1st year of course,1,NULL,554,2025-07-01 00:00:00.0000000,NULL,6,2025-06-03 01:28:21.0000000,2025,2026-05-18 02:02:04.1100000,2026-05-18 02:02:04.1100000
908,555,MA000012,31,16.1,Pharmacy employees,NULL,Pharmacy student—3rd year of course,3,554,556,2025-07-01 00:00:00.0000000,NULL,6,2025-06-03 01:28:21.0000000,2025,2026-05-18 02:02:04.1300000,2026-05-18 02:02:04.1300000
909,554,MA000012,31,16.1,Pharmacy employees,NULL,Pharmacy student—2nd year of course,2,553,555,2025-07-01 00:00:00.0000000,NULL,6,2025-06-03 01:28:21.0000000,2025,2026-05-18 02:02:04.1466667,2026-05-18 02:02:04.1466667
910,552,MA000012,31,16.1,Pharmacy employees,NULL,Pharmacy assistant level 4,4,551,NULL,2025-07-01 00:00:00.0000000,NULL,6,2025-06-03 01:28:21.0000000,2025,2026-05-18 02:02:04.1666667,2026-05-18 02:02:04.1666667
911,560,MA000012,31,16.1,Pharmacy employees,NULL,Experienced pharmacist,8,559,561,2025-07-01 00:00:00.0000000,NULL,6,2025-06-03 01:28:21.0000000,2025,2026-05-18 02:02:04.2100000,2026-05-18 02:02:04.2100000
912,551,MA000012,31,16.1,Pharmacy employees,NULL,Pharmacy assistant level 3,3,550,552,2025-07-01 00:00:00.0000000,NULL,6,2025-06-03 01:28:21.0000000,2025,2026-05-18 02:02:04.2366667,2026-05-18 02:02:04.2366667
913,557,MA000012,31,16.1,Pharmacy employees,NULL,Pharmacy intern—1st half of training,5,556,558,2025-07-01 00:00:00.0000000,NULL,6,2025-06-03 01:28:21.0000000,2025,2026-05-18 02:02:04.2600000,2026-05-18 02:02:04.2600000
914,562,MA000012,31,16.1,Pharmacy employees,NULL,Pharmacist manager,10,561,NULL,2025-07-01 00:00:00.0000000,NULL,6,2025-06-03 01:28:21.0000000,2025,2026-05-18 02:02:04.3033333,2026-05-18 02:02:04.3033333
915,559,MA000012,31,16.1,Pharmacy employees,NULL,Pharmacist,7,558,560,2025-07-01 00:00:00.0000000,NULL,6,2025-06-03 01:28:21.0000000,2025,2026-05-18 02:02:04.3400000,2026-05-18 02:02:04.3400000
916,565,MA000013,32,12.4,"Casual employment—liquor employees: Bar attendants, cashiers and adults picking up glasses",Hourly rate,Monday to Saturday,1,NULL,NULL,2025-07-01 00:00:00.0000000,NULL,7,2025-06-03 01:28:52.0000000,2025,2026-05-18 02:02:04.3733333,2026-05-18 02:02:04.3733333
917,597,MA000013,41,17.1,Racing Club Event Employees,NULL,Grade 3 raceday official,3,596,598,2025-07-01 00:00:00.0000000,NULL,8,2025-06-03 01:28:51.0000000,2025,2026-05-18 02:02:04.4000000,2026-05-18 02:02:04.4000000
918,91380,MA000013,35,12.5,Casual employment—liquor employees: Junior employees engaged in picking up glasses,Hourly rate,Sunday,1,NULL,NULL,2025-07-01 00:00:00.0000000,NULL,7,2025-06-03 01:28:52.0000000,2025,2026-05-18 02:02:04.4233333,2026-05-18 02:02:04.4233333
919,591,MA000013,41,17.1,Racing Club Event Employees,NULL,Grade 1 racecourse attendant,2,590,592,2025-07-01 00:00:00.0000000,NULL,5,2025-06-03 01:28:51.0000000,2025,2026-05-18 02:02:04.4500000,2026-05-18 02:02:04.4500000
920,91376,MA000013,32,12.4,"Casual employment—liquor employees: Bar attendants, cashiers and adults picking up glasses",Hourly rate,Sunday,1,NULL,NULL,2025-07-01 00:00:00.0000000,NULL,7,2025-06-03 01:28:52.0000000,2025,2026-05-18 02:02:04.4766667,2026-05-18 02:02:04.4766667
921,595,MA000013,41,17.1,Racing Club Event Employees,NULL,Grade 1 raceday official,1,NULL,596,2025-07-01 00:00:00.0000000,NULL,8,2025-06-03 01:28:51.0000000,2025,2026-05-18 02:02:04.4900000,2026-05-18 02:02:04.4900000
922,91378,MA000013,32,12.4,"Casual employment—liquor employees: Bar attendants, cashiers and adults picking up glasses",Hourly rate,Public holiday,1,NULL,NULL,2025-07-01 00:00:00.0000000,NULL,7,2025-06-03 01:28:51.0000000,2025,2026-05-18 02:02:04.5100000,2026-05-18 02:02:04.5100000
923,91389,MA000013,23308,12.4*_Formatted,Casual liquor employees—ordinary and penalty rates (for penalty table),Ordinary hours,"Bar attendants, cashiers, adults picking up glasses",1,NULL,NULL,2025-07-01 00:00:00.0000000,NULL,6,2025-06-03 01:28:53.0000000,2025,2026-05-18 02:02:04.5333333,2026-05-18 02:02:04.5333333
924,91377,MA000013,32,12.4,"Casual employment—liquor employees: Bar attendants, cashiers and adults picking up glasses",Minimum payment,Sunday,1,NULL,NULL,2025-07-01 00:00:00.0000000,NULL,7,2025-06-03 01:28:51.0000000,2025,2026-05-18 02:02:04.5566667,2026-05-18 02:02:04.5566667
925,91382,MA000013,35,12.5,Casual employment—liquor employees: Junior employees engaged in picking up glasses,Hourly rate,Public holiday,1,NULL,NULL,2025-07-01 00:00:00.0000000,NULL,7,2025-06-03 01:28:52.0000000,2025,2026-05-18 02:02:04.5800000,2026-05-18 02:02:04.5800000
926,577,MA000013,35,12.5,Casual employment—liquor employees: Junior employees engaged in picking up glasses,Hourly rate,Monday to Saturday,1,NULL,NULL,2025-07-01 00:00:00.0000000,NULL,7,2025-06-03 01:28:52.0000000,2025,2026-05-18 02:02:04.6066667,2026-05-18 02:02:04.6066667
927,594,MA000013,41,17.1,Racing Club Event Employees,NULL,Grade 4 racecourse attendant,5,593,NULL,2025-07-01 00:00:00.0000000,NULL,6,2025-06-03 01:28:51.0000000,2025,2026-05-18 02:02:04.6266667,2026-05-18 02:02:04.6266667
928,90606,MA000013,32,12.4,"Casual employment—liquor employees: Bar attendants, cashiers and adults picking up glasses",Minimum payment,Monday to Saturday,1,NULL,NULL,2025-07-01 00:00:00.0000000,NULL,7,2025-06-03 01:28:52.0000000,2025,2026-05-18 02:02:04.6500000,2026-05-18 02:02:04.6500000
929,91384,MA000013,38,12.7,Casual employment—liquor employees: Employees working on a 'shop day' preparing for a function,NULL,Sunday,1,NULL,NULL,2025-07-01 00:00:00.0000000,NULL,7,2025-06-03 01:28:51.0000000,2025,2026-05-18 02:02:04.6733333,2026-05-18 02:02:04.6733333
930,598,MA000013,41,17.1,Racing Club Event Employees,NULL,Grade 4 raceday official,4,597,NULL,2025-07-01 00:00:00.0000000,NULL,8,2025-06-03 01:28:51.0000000,2025,2026-05-18 02:02:04.6900000,2026-05-18 02:02:04.6900000
931,593,MA000013,41,17.1,Racing Club Event Employees,NULL,Grade 3 racecourse attendant,4,592,594,2025-07-01 00:00:00.0000000,NULL,5,2025-06-03 01:28:51.0000000,2025,2026-05-18 02:02:04.7100000,2026-05-18 02:02:04.7100000
932,91391,MA000013,23308,12.4*_Formatted,Casual liquor employees—ordinary and penalty rates (for penalty table),Public holiday,"Bar attendants, cashiers, adults picking up glasses",1,NULL,NULL,2025-07-01 00:00:00.0000000,NULL,6,2025-06-03 01:28:53.0000000,2025,2026-05-18 02:02:04.7266667,2026-05-18 02:02:04.7266667
933,91381,MA000013,35,12.5,Casual employment—liquor employees: Junior employees engaged in picking up glasses,Minimum payment,Sunday,1,NULL,NULL,2025-07-01 00:00:00.0000000,NULL,7,2025-06-03 01:28:52.0000000,2025,2026-05-18 02:02:04.7500000,2026-05-18 02:02:04.7500000
934,90609,MA000013,35,12.5,Casual employment—liquor employees: Junior employees engaged in picking up glasses,Minimum payment,Monday to Saturday,1,NULL,NULL,2025-07-01 00:00:00.0000000,NULL,7,2025-06-03 01:28:52.0000000,2025,2026-05-18 02:02:04.7733333,2026-05-18 02:02:04.7733333
935,91379,MA000013,32,12.4,"Casual employment—liquor employees: Bar attendants, cashiers and adults picking up glasses",Minimum payment,Public holiday,1,NULL,NULL,2025-07-01 00:00:00.0000000,NULL,7,2025-06-03 01:28:51.0000000,2025,2026-05-18 02:02:04.8066667,2026-05-18 02:02:04.8066667
936,590,MA000013,41,17.1,Racing Club Event Employees,NULL,Introductory level employee,1,NULL,591,2025-07-01 00:00:00.0000000,NULL,5,2025-06-03 01:28:51.0000000,2025,2026-05-18 02:02:04.8333333,2026-05-18 02:02:04.8333333
937,91390,MA000013,23308,12.4*_Formatted,Casual liquor employees—ordinary and penalty rates (for penalty table),Sunday,"Bar attendants, cashiers, adults picking up glasses",1,NULL,NULL,2025-07-01 00:00:00.0000000,NULL,6,2025-06-03 01:28:53.0000000,2025,2026-05-18 02:02:04.8600000,2026-05-18 02:02:04.8600000
938,91385,MA000013,38,12.7,Casual employment—liquor employees: Employees working on a 'shop day' preparing for a function,NULL,Public holiday,1,NULL,NULL,2025-07-01 00:00:00.0000000,NULL,7,2025-06-03 01:28:51.0000000,2025,2026-05-18 02:02:04.8866667,2026-05-18 02:02:04.8866667
939,587,MA000013,38,12.7,Casual employment—liquor employees: Employees working on a 'shop day' preparing for a function,NULL,Monday to Saturday,1,NULL,NULL,2025-07-01 00:00:00.0000000,NULL,7,2025-06-03 01:28:51.0000000,2025,2026-05-18 02:02:04.9100000,2026-05-18 02:02:04.9100000
940,91383,MA000013,35,12.5,Casual employment—liquor employees: Junior employees engaged in picking up glasses,Minimum payment,Public holiday,1,NULL,NULL,2025-07-01 00:00:00.0000000,NULL,7,2025-06-03 01:28:52.0000000,2025,2026-05-18 02:02:04.9400000,2026-05-18 02:02:04.9400000
941,596,MA000013,41,17.1,Racing Club Event Employees,NULL,Grade 2 raceday official,2,595,597,2025-07-01 00:00:00.0000000,NULL,8,2025-06-03 01:28:51.0000000,2025,2026-05-18 02:02:04.9566667,2026-05-18 02:02:04.9566667
942,592,MA000013,41,17.1,Racing Club Event Employees,NULL,Grade 2 racecourse attendant,3,591,593,2025-07-01 00:00:00.0000000,NULL,5,2025-06-03 01:28:51.0000000,2025,2026-05-18 02:02:04.9700000,2026-05-18 02:02:04.9700000
943,600,MA000014,42,15.1,Ground Maintenance and Horticultural Employee,NULL,Maintenance and Horticultural Employee Level 1,2,599,601,2025-07-01 00:00:00.0000000,NULL,5,2025-06-03 01:28:26.0000000,2025,2026-05-18 02:02:04.9966667,2026-05-18 02:02:04.9966667
944,605,MA000014,42,15.1,Ground Maintenance and Horticultural Employee,NULL,Management Employee Level 2,7,604,NULL,2025-07-01 00:00:00.0000000,NULL,5,2025-06-03 01:28:26.0000000,2025,2026-05-18 02:02:05.0200000,2026-05-18 02:02:05.0200000
945,604,MA000014,42,15.1,Ground Maintenance and Horticultural Employee,NULL,Management Employee Level 1,6,603,605,2025-07-01 00:00:00.0000000,NULL,5,2025-06-03 01:28:26.0000000,2025,2026-05-18 02:02:05.0333333,2026-05-18 02:02:05.0333333
946,603,MA000014,42,15.1,Ground Maintenance and Horticultural Employee,NULL,Trackwork and Pool Supervisor,5,602,604,2025-07-01 00:00:00.0000000,NULL,5,2025-06-03 01:28:26.0000000,2025,2026-05-18 02:02:05.0566667,2026-05-18 02:02:05.0566667
947,602,MA000014,42,15.1,Ground Maintenance and Horticultural Employee,NULL,Tradesperson,4,601,603,2025-07-01 00:00:00.0000000,NULL,5,2025-06-03 01:28:26.0000000,2025,2026-05-18 02:02:05.0900000,2026-05-18 02:02:05.0900000
948,601,MA000014,42,15.1,Ground Maintenance and Horticultural Employee,NULL,Maintenance and Horticultural Employee Level 2,3,600,602,2025-07-01 00:00:00.0000000,NULL,5,2025-06-03 01:28:26.0000000,2025,2026-05-18 02:02:05.1066667,2026-05-18 02:02:05.1066667
949,599,MA000014,42,15.1,Ground Maintenance and Horticultural Employee,NULL,Introductory level,1,NULL,600,2025-07-01 00:00:00.0000000,NULL,5,2025-06-03 01:28:26.0000000,2025,2026-05-18 02:02:05.1333333,2026-05-18 02:02:05.1333333
950,90651,MA000015,23003,15.1(a)*_OrdHrRate - Casual CAP - Permanent night,"Rail Workers - Clerical, Administration and Professional (Casual) - Permanent night shift",NULL,Level 9 Rail Worker (CAP),9,90650,NULL,2025-07-01 00:00:00.0000000,NULL,5,2025-06-03 01:29:51.0000000,2025,2026-05-18 02:02:05.1600000,2026-05-18 02:02:05.1600000
951,88015,MA000015,22619,15.1(b)*_OrdHrRate - Op - Night shift,Rail Workers - Operations - Night shift,NULL,Level 3 Rail Worker (Op),3,88014,88016,2025-07-01 00:00:00.0000000,NULL,5,2025-06-03 01:29:52.0000000,2025,2026-05-18 02:02:05.1933333,2026-05-18 02:02:05.1933333
952,90683,MA000015,23007,15.1(b)*_OrdHrRate - Casual Op - Early morning or afternoon,Rail Workers - Operations (Casual) - Early morning or afternoon night shift,NULL,Level 1 Rail Worker (Op),1,NULL,90684,2025-07-01 00:00:00.0000000,NULL,5,2025-06-03 01:29:48.0000000,2025,2026-05-18 02:02:05.2200000,2026-05-18 02:02:05.2200000
953,87611,MA000015,22549,15.1(a)*_OrdHrRate - CAP - Night shift,"Rail Workers - Clerical, Administration and Professional - Night shift",NULL,Level 5 Rail Worker (CAP),5,87610,87612,2025-07-01 00:00:00.0000000,NULL,5,2025-06-03 01:29:47.0000000,2025,2026-05-18 02:02:05.2433333,2026-05-18 02:02:05.2433333
954,611,MA000015,43,15.1(a),"Rail Workers - Clerical, Administration and Professional",NULL,Level 5 Rail Worker (CAP),5,610,612,2025-07-01 00:00:00.0000000,NULL,5,2025-06-03 01:29:43.0000000,2025,2026-05-18 02:02:05.2666667,2026-05-18 02:02:05.2666667
955,90630,MA000015,23001,15.1(a)*_OrdHrRate - Casual CAP - Early morning or afternoon,"Rail Workers - Clerical, Administration and Professional (Casual) - Early morning or afternoon shift",NULL,Level 6 Rail Worker (CAP),6,90629,90631,2025-07-01 00:00:00.0000000,NULL,5,2025-06-03 01:29:50.0000000,2025,2026-05-18 02:02:05.3000000,2026-05-18 02:02:05.3000000
956,87649,MA000015,22561,15.1(c)*_OrdHrRate - TCI - Night shift,Rail Workers - Technical and Civil Infrastructure - Night shift,NULL,Level 3 Rail Worker (TCI),3,87648,87650,2025-07-01 00:00:00.0000000,NULL,5,2025-06-03 01:29:49.0000000,2025,2026-05-18 02:02:05.3266667,2026-05-18 02:02:05.3266667
957,610,MA000015,43,15.1(a),"Rail Workers - Clerical, Administration and Professional",NULL,Level 4 Rail Worker (CAP),4,609,611,2025-07-01 00:00:00.0000000,NULL,5,2025-06-03 01:29:43.0000000,2025,2026-05-18 02:02:05.3466667,2026-05-18 02:02:05.3466667
958,90665,MA000015,23005,15.1(c)*_OrdHrRate - Casual TCI - Night,Rail Workers - Technical and Civil Infrastructure (Casual) - Night shift,NULL,Level 2 Rail Worker (TCI),2,90664,90666,2025-07-01 00:00:00.0000000,NULL,5,2025-06-03 01:29:51.0000000,2025,2026-05-18 02:02:05.3733333,2026-05-18 02:02:05.3733333
959,88018,MA000015,22619,15.1(b)*_OrdHrRate - Op - Night shift,Rail Workers - Operations - Night shift,NULL,Level 6 Rail Worker (Op),6,88017,NULL,2025-07-01 00:00:00.0000000,NULL,5,2025-06-03 01:29:52.0000000,2025,2026-05-18 02:02:05.3900000,2026-05-18 02:02:05.3900000
960,90645,MA000015,23003,15.1(a)*_OrdHrRate - Casual CAP - Permanent night,"Rail Workers - Clerical, Administration and Professional (Casual) - Permanent night shift",NULL,Level 3 Rail Worker (CAP),3,90644,90646,2025-07-01 00:00:00.0000000,NULL,5,2025-06-03 01:29:51.0000000,2025,2026-05-18 02:02:05.4066667,2026-05-18 02:02:05.4066667
961,87659,MA000015,22562,15.1(c)*_OrdHrRate - TCI - Permanent night,Rail Workers - Technical and Civil Infrastructure - Permanent night shift,NULL,Level 5 Rail Worker (TCI),5,87658,87660,2025-07-01 00:00:00.0000000,NULL,5,2025-06-03 01:29:50.0000000,2025,2026-05-18 02:02:05.4300000,2026-05-18 02:02:05.4300000
962,90660,MA000015,23004,15.1(c)*_OrdHrRate - Casual TCI - Early morning or afternoon,Rail Workers - Technical and Civil Infrastructure (Casual) - Early morning or afternoon shift,NULL,Level 4 Rail Worker (TCI),4,90659,90661,2025-07-01 00:00:00.0000000,NULL,5,2025-06-03 01:29:51.0000000,2025,2026-05-18 02:02:05.4566667,2026-05-18 02:02:05.4566667
963,87612,MA000015,22549,15.1(a)*_OrdHrRate - CAP - Night shift,"Rail Workers - Clerical, Administration and Professional - Night shift",NULL,Level 6 Rail Worker (CAP),6,87611,87613,2025-07-01 00:00:00.0000000,NULL,5,2025-06-03 01:29:47.0000000,2025,2026-05-18 02:02:05.4700000,2026-05-18 02:02:05.4700000
964,90694,MA000015,23008,15.1(b)*_OrdHrRate - Casual Op - Night,Rail Workers - Operations (Casual) - Night shift,NULL,Level 6 Rail Worker (Op),6,90693,NULL,2025-07-01 00:00:00.0000000,NULL,5,2025-06-03 01:29:49.0000000,2025,2026-05-18 02:02:05.5000000,2026-05-18 02:02:05.5000000
965,90640,MA000015,23002,15.1(a)*_OrdHrRate - Casual CAP - Night,"Rail Workers - Clerical, Administration and Professional (Casual) - Night shift",NULL,Level 7 Rail Worker (CAP),7,90639,90641,2025-07-01 00:00:00.0000000,NULL,5,2025-06-03 01:29:50.0000000,2025,2026-05-18 02:02:05.5233333,2026-05-18 02:02:05.5233333
966,88006,MA000015,22618,15.1(b)*_OrdHrRate - Op - Early morning or afternoon,Rail Workers - Operations - Early morning or afternoon shift,NULL,Level 1 Rail Worker (Op),1,NULL,88007,2025-07-01 00:00:00.0000000,NULL,5,2025-06-03 01:29:51.0000000,2025,2026-05-18 02:02:05.5566667,2026-05-18 02:02:05.5566667
967,90628,MA000015,23001,15.1(a)*_OrdHrRate - Casual CAP - Early morning or afternoon,"Rail Workers - Clerical, Administration and Professional (Casual) - Early morning or afternoon shift",NULL,Level 4 Rail Worker (CAP),4,90627,90629,2025-07-01 00:00:00.0000000,NULL,5,2025-06-03 01:29:50.0000000,2025,2026-05-18 02:02:05.5800000,2026-05-18 02:02:05.5800000
968,90693,MA000015,23008,15.1(b)*_OrdHrRate - Casual Op - Night,Rail Workers - Operations (Casual) - Night shift,NULL,Level 5 Rail Worker (Op),5,90692,90694,2025-07-01 00:00:00.0000000,NULL,5,2025-06-03 01:29:49.0000000,2025,2026-05-18 02:02:05.6066667,2026-05-18 02:02:05.6066667
969,90664,MA000015,23005,15.1(c)*_OrdHrRate - Casual TCI - Night,Rail Workers - Technical and Civil Infrastructure (Casual) - Night shift,NULL,Level 1 Rail Worker (TCI),1,NULL,90665,2025-07-01 00:00:00.0000000,NULL,7,2025-06-03 01:29:51.0000000,2025,2026-05-18 02:02:05.6233333,2026-05-18 02:02:05.6233333
970,630,MA000015,45,15.1(c),Rail Workers - Technical and Civil Infrastructure,NULL,Level 7 Rail Worker (TCI),7,629,NULL,2025-07-01 00:00:00.0000000,NULL,5,2025-06-03 01:29:43.0000000,2025,2026-05-18 02:02:05.6566667,2026-05-18 02:02:05.6566667
971,90671,MA000015,23006,15.1(c)*_OrdHrRate - Casual TCI - Permanent night,Rail Workers - Technical and Civil Infrastructure (Casual) - Permanent night,NULL,Level 1 Rail Worker (TCI),1,NULL,90672,2025-07-01 00:00:00.0000000,NULL,7,2025-06-03 01:29:51.0000000,2025,2026-05-18 02:02:05.7000000,2026-05-18 02:02:05.7000000
972,626,MA000015,45,15.1(c),Rail Workers - Technical and Civil Infrastructure,NULL,Level 3 Rail Worker (TCI),3,625,627,2025-07-01 00:00:00.0000000,NULL,5,2025-06-03 01:29:43.0000000,2025,2026-05-18 02:02:05.7266667,2026-05-18 02:02:05.7266667
973,87633,MA000015,22551,15.1(c)*_OrdHrRate - TCI - Early morning or afternoon,Rail Workers - Technical and Civil Infrastructure - Early morning or afternoon shift,NULL,Level 7 Rail Worker (TCI),7,87632,NULL,2025-07-01 00:00:00.0000000,NULL,5,2025-06-03 01:29:49.0000000,2025,2026-05-18 02:02:05.7633333,2026-05-18 02:02:05.7633333
974,87610,MA000015,22549,15.1(a)*_OrdHrRate - CAP - Night shift,"Rail Workers - Clerical, Administration and Professional - Night shift",NULL,Level 4 Rail Worker (CAP),4,87609,87611,2025-07-01 00:00:00.0000000,NULL,5,2025-06-03 01:29:47.0000000,2025,2026-05-18 02:02:05.7833333,2026-05-18 02:02:05.7833333
975,90678,MA000015,23006,15.1(c)*_OrdHrRate - Casual TCI - Permanent night,Rail Workers - Technical and Civil Infrastructure (Casual) - Permanent night,NULL,Level 3 Rail Worker (TCI),3,90672,90679,2025-07-01 00:00:00.0000000,NULL,5,2025-06-03 01:29:48.0000000,2025,2026-05-18 02:02:05.8000000,2026-05-18 02:02:05.8000000
976,88009,MA000015,22618,15.1(b)*_OrdHrRate - Op - Early morning or afternoon,Rail Workers - Operations - Early morning or afternoon shift,NULL,Level 4 Rail Worker (Op),4,88008,88010,2025-07-01 00:00:00.0000000,NULL,5,2025-06-03 01:29:52.0000000,2025,2026-05-18 02:02:05.8166667,2026-05-18 02:02:05.8166667
977,87651,MA000015,22561,15.1(c)*_OrdHrRate - TCI - Night shift,Rail Workers - Technical and Civil Infrastructure - Night shift,NULL,Level 5 Rail Worker (TCI),5,87650,87652,2025-07-01 00:00:00.0000000,NULL,5,2025-06-03 01:29:49.0000000,2025,2026-05-18 02:02:05.8366667,2026-05-18 02:02:05.8366667
978,90635,MA000015,23002,15.1(a)*_OrdHrRate - Casual CAP - Night,"Rail Workers - Clerical, Administration and Professional (Casual) - Night shift",NULL,Level 2 Rail Worker (CAP),2,90634,90636,2025-07-01 00:00:00.0000000,NULL,5,2025-06-03 01:29:50.0000000,2025,2026-05-18 02:02:05.8600000,2026-05-18 02:02:05.8600000
979,90631,MA000015,23001,15.1(a)*_OrdHrRate - Casual CAP - Early morning or afternoon,"Rail Workers - Clerical, Administration and Professional (Casual) - Early morning or afternoon shift",NULL,Level 7 Rail Worker (CAP),7,90630,90632,2025-07-01 00:00:00.0000000,NULL,5,2025-06-03 01:29:50.0000000,2025,2026-05-18 02:02:05.8833333,2026-05-18 02:02:05.8833333
980,87621,MA000015,22550,15.1(a)*_OrdHrRate - CAP - Permanent night,"Rail Workers - Clerical, Administration and Professional - Permanent night shift",NULL,Level 5 Rail Worker (CAP),5,87620,87622,2025-07-01 00:00:00.0000000,NULL,5,2025-06-03 01:29:47.0000000,2025,2026-05-18 02:02:05.9300000,2026-05-18 02:02:05.9300000
981,88010,MA000015,22618,15.1(b)*_OrdHrRate - Op - Early morning or afternoon,Rail Workers - Operations - Early morning or afternoon shift,NULL,Level 5 Rail Worker (Op),5,88009,88011,2025-07-01 00:00:00.0000000,NULL,5,2025-06-03 01:29:52.0000000,2025,2026-05-18 02:02:05.9500000,2026-05-18 02:02:05.9500000
982,87661,MA000015,22562,15.1(c)*_OrdHrRate - TCI - Permanent night,Rail Workers - Technical and Civil Infrastructure - Permanent night shift,NULL,Level 7 Rail Worker (TCI),7,87660,NULL,2025-07-01 00:00:00.0000000,NULL,5,2025-06-03 01:29:50.0000000,2025,2026-05-18 02:02:05.9733333,2026-05-18 02:02:05.9733333
983,90672,MA000015,23006,15.1(c)*_OrdHrRate - Casual TCI - Permanent night,Rail Workers - Technical and Civil Infrastructure (Casual) - Permanent night,NULL,Level 2 Rail Worker (TCI),2,90671,90678,2025-07-01 00:00:00.0000000,NULL,5,2025-06-03 01:29:51.0000000,2025,2026-05-18 02:02:05.9900000,2026-05-18 02:02:05.9900000
984,614,MA000015,43,15.1(a),"Rail Workers - Clerical, Administration and Professional",NULL,Level 8 Rail Worker (CAP),8,613,615,2025-07-01 00:00:00.0000000,NULL,5,2025-06-03 01:29:43.0000000,2025,2026-05-18 02:02:06.0066667,2026-05-18 02:02:06.0066667
985,620,MA000015,44,15.1(b),Rail Workers - Operations,NULL,Level 4 Rail Worker (Op),4,619,621,2025-07-01 00:00:00.0000000,NULL,5,2025-06-03 01:29:44.0000000,2025,2026-05-18 02:02:06.0333333,2026-05-18 02:02:06.0333333
986,90669,MA000015,23005,15.1(c)*_OrdHrRate - Casual TCI - Night,Rail Workers - Technical and Civil Infrastructure (Casual) - Night shift,NULL,Level 6 Rail Worker (TCI),6,90668,90670,2025-07-01 00:00:00.0000000,NULL,5,2025-06-03 01:29:51.0000000,2025,2026-05-18 02:02:06.0633333,2026-05-18 02:02:06.0633333
987,87656,MA000015,22562,15.1(c)*_OrdHrRate - TCI - Permanent night,Rail Workers - Technical and Civil Infrastructure - Permanent night shift,NULL,Level 2 Rail Worker (TCI),2,87655,87657,2025-07-01 00:00:00.0000000,NULL,5,2025-06-03 01:29:49.0000000,2025,2026-05-18 02:02:06.0800000,2026-05-18 02:02:06.0800000
988,90699,MA000015,23009,15.1(b)*_OrdHrRate - Casual Op - Permanent night,Rail Workers - Operations (Casual) - Permanent night shift,NULL,Level 5 Rail Worker (Op),5,90698,90700,2025-07-01 00:00:00.0000000,NULL,5,2025-06-03 01:29:49.0000000,2025,2026-05-18 02:02:06.1033333,2026-05-18 02:02:06.1033333
989,90636,MA000015,23002,15.1(a)*_OrdHrRate - Casual CAP - Night,"Rail Workers - Clerical, Administration and Professional (Casual) - Night shift",NULL,Level 3 Rail Worker (CAP),3,90635,90637,2025-07-01 00:00:00.0000000,NULL,5,2025-06-03 01:29:50.0000000,2025,2026-05-18 02:02:06.1200000,2026-05-18 02:02:06.1200000
990,618,MA000015,44,15.1(b),Rail Workers - Operations,NULL,Level 2 Rail Worker (Op),2,617,619,2025-07-01 00:00:00.0000000,NULL,5,2025-06-03 01:29:44.0000000,2025,2026-05-18 02:02:06.1333333,2026-05-18 02:02:06.1333333
991,87603,MA000015,22548,15.1(a)*_OrdHrRate - CAP - Early morning or afternoon,"Rail Workers - Clerical, Administration and Professional - Early morning or afternoon shift",NULL,Level 6 Rail Worker (CAP),6,87602,87604,2025-07-01 00:00:00.0000000,NULL,5,2025-06-03 01:29:46.0000000,2025,2026-05-18 02:02:06.1700000,2026-05-18 02:02:06.1700000
992,90667,MA000015,23005,15.1(c)*_OrdHrRate - Casual TCI - Night,Rail Workers - Technical and Civil Infrastructure (Casual) - Night shift,NULL,Level 4 Rail Worker (TCI),4,90666,90668,2025-07-01 00:00:00.0000000,NULL,5,2025-06-03 01:29:51.0000000,2025,2026-05-18 02:02:06.1933333,2026-05-18 02:02:06.1933333
993,87657,MA000015,22562,15.1(c)*_OrdHrRate - TCI - Permanent night,Rail Workers - Technical and Civil Infrastructure - Permanent night shift,NULL,Level 3 Rail Worker (TCI),3,87656,87658,2025-07-01 00:00:00.0000000,NULL,5,2025-06-03 01:29:50.0000000,2025,2026-05-18 02:02:06.2100000,2026-05-18 02:02:06.2100000
994,90643,MA000015,23003,15.1(a)*_OrdHrRate - Casual CAP - Permanent night,"Rail Workers - Clerical, Administration and Professional (Casual) - Permanent night shift",NULL,Level 1 Rail Worker (CAP),1,NULL,90644,2025-07-01 00:00:00.0000000,NULL,5,2025-06-03 01:29:50.0000000,2025,2026-05-18 02:02:06.2300000,2026-05-18 02:02:06.2300000
995,87600,MA000015,22548,15.1(a)*_OrdHrRate - CAP - Early morning or afternoon,"Rail Workers - Clerical, Administration and Professional - Early morning or afternoon shift",NULL,Level 3 Rail Worker (CAP),3,87599,87601,2025-07-01 00:00:00.0000000,NULL,5,2025-06-03 01:29:46.0000000,2025,2026-05-18 02:02:06.2500000,2026-05-18 02:02:06.2500000
996,87617,MA000015,22550,15.1(a)*_OrdHrRate - CAP - Permanent night,"Rail Workers - Clerical, Administration and Professional - Permanent night shift",NULL,Level 1 Rail Worker (CAP),1,NULL,87618,2025-07-01 00:00:00.0000000,NULL,5,2025-06-03 01:29:47.0000000,2025,2026-05-18 02:02:06.2633333,2026-05-18 02:02:06.2633333
997,87655,MA000015,22562,15.1(c)*_OrdHrRate - TCI - Permanent night,Rail Workers - Technical and Civil Infrastructure - Permanent night shift,NULL,Level 1 Rail Worker (TCI),1,NULL,87656,2025-07-01 00:00:00.0000000,NULL,7,2025-06-03 01:29:49.0000000,2025,2026-05-18 02:02:06.2800000,2026-05-18 02:02:06.2800000
998,87650,MA000015,22561,15.1(c)*_OrdHrRate - TCI - Night shift,Rail Workers - Technical and Civil Infrastructure - Night shift,NULL,Level 4 Rail Worker (TCI),4,87649,87651,2025-07-01 00:00:00.0000000,NULL,5,2025-06-03 01:29:49.0000000,2025,2026-05-18 02:02:06.3000000,2026-05-18 02:02:06.3000000
999,87648,MA000015,22561,15.1(c)*_OrdHrRate - TCI - Night shift,Rail Workers - Technical and Civil Infrastructure - Night shift,NULL,Level 2 Rail Worker (TCI),2,87647,87649,2025-07-01 00:00:00.0000000,NULL,5,2025-06-03 01:29:49.0000000,2025,2026-05-18 02:02:06.3166667,2026-05-18 02:02:06.3166667
1000,87618,MA000015,22550,15.1(a)*_OrdHrRate - CAP - Permanent night,"Rail Workers - Clerical, Administration and Professional - Permanent night shift",NULL,Level 2 Rail Worker (CAP),2,87617,87619,2025-07-01 00:00:00.0000000,NULL,5,2025-06-03 01:29:47.0000000,2025,2026-05-18 02:02:06.3333333,2026-05-18 02:02:06.3333333
